fecha,modo,afluencia
2005-07-26,Metrobús,3032667
2005-07-27,Metrobús,230465
2005-07-28,Metrobús,237296
2005-07-29,Metrobús,258356
2005-07-30,Metrobús,159470
2005-07-31,Metrobús,104834
2005-08-01,Metrobús,262284
2005-08-02,Metrobús,231380
2005-08-03,Metrobús,255913
2005-08-04,Metrobús,262391
2005-08-05,Metrobús,255451
2005-08-06,Metrobús,150359
2005-08-07,Metrobús,92772
2005-08-08,Metrobús,243225
2005-08-09,Metrobús,231392
2005-08-10,Metrobús,266176
2005-08-11,Metrobús,237619
2005-08-12,Metrobús,266437
2005-08-13,Metrobús,166912
2005-08-14,Metrobús,101768
2005-08-15,Metrobús,264223
2005-08-16,Metrobús,257282
2005-08-17,Metrobús,273564
2005-08-18,Metrobús,265590
2005-08-19,Metrobús,279058
2005-08-20,Metrobús,150914
2005-08-21,Metrobús,106369
2005-08-22,Metrobús,248816
2005-08-23,Metrobús,241732
2005-08-24,Metrobús,271417
2005-08-25,Metrobús,237583
2005-08-26,Metrobús,277061
2005-08-27,Metrobús,146053
2005-08-28,Metrobús,104760
2005-08-29,Metrobús,257559
2005-08-30,Metrobús,269336
2005-08-31,Metrobús,264626
2005-09-01,Metrobús,264803
2005-09-02,Metrobús,279346
2005-09-03,Metrobús,149127
2005-09-04,Metrobús,103497
2005-09-05,Metrobús,249980
2005-09-06,Metrobús,275915
2005-09-07,Metrobús,263641
2005-09-08,Metrobús,265408
2005-09-09,Metrobús,263955
2005-09-10,Metrobús,145220
2005-09-11,Metrobús,124012
2005-09-12,Metrobús,258336
2005-09-13,Metrobús,260033
2005-09-14,Metrobús,282737
2005-09-15,Metrobús,237573
2005-09-16,Metrobús,131751
2005-09-17,Metrobús,77255
2005-09-18,Metrobús,84272
2005-09-19,Metrobús,255389
2005-09-20,Metrobús,264266
2005-09-21,Metrobús,268742
2005-09-22,Metrobús,264906
2005-09-23,Metrobús,262771
2005-09-24,Metrobús,174079
2005-09-25,Metrobús,99919
2005-09-26,Metrobús,252055
2005-09-27,Metrobús,261186
2005-09-28,Metrobús,288347
2005-09-29,Metrobús,275304
2005-09-30,Metrobús,273446
2005-10-01,Metrobús,153037
2005-10-02,Metrobús,139556
2005-10-03,Metrobús,233562
2005-10-04,Metrobús,246407
2005-10-05,Metrobús,246121
2005-10-06,Metrobús,279064
2005-10-07,Metrobús,165978
2005-10-08,Metrobús,146811
2005-10-09,Metrobús,115198
2005-10-10,Metrobús,267690
2005-10-11,Metrobús,201420
2005-10-12,Metrobús,211749
2005-10-13,Metrobús,235016
2005-10-14,Metrobús,216301
2005-10-15,Metrobús,90167
2005-10-16,Metrobús,121137
2005-10-17,Metrobús,207076
2005-10-18,Metrobús,150732
2005-10-19,Metrobús,233208
2005-10-20,Metrobús,260360
2005-10-21,Metrobús,220772
2005-10-22,Metrobús,96299
2005-10-23,Metrobús,118423
2005-10-24,Metrobús,214043
2005-10-25,Metrobús,218329
2005-10-26,Metrobús,223572
2005-10-27,Metrobús,191641
2005-10-28,Metrobús,247969
2005-10-29,Metrobús,72985
2005-10-30,Metrobús,120896
2005-10-31,Metrobús,213697
2005-11-01,Metrobús,188716
2005-11-02,Metrobús,106756
2005-11-03,Metrobús,222354
2005-11-04,Metrobús,187477
2005-11-05,Metrobús,157045
2005-11-06,Metrobús,83658
2005-11-07,Metrobús,223459
2005-11-08,Metrobús,162998
2005-11-09,Metrobús,230497
2005-11-10,Metrobús,227223
2005-11-11,Metrobús,235139
2005-11-12,Metrobús,136907
2005-11-13,Metrobús,66944
2005-11-14,Metrobús,237957
2005-11-15,Metrobús,233278
2005-11-16,Metrobús,231373
2005-11-17,Metrobús,240167
2005-11-18,Metrobús,237030
2005-11-19,Metrobús,137233
2005-11-20,Metrobús,65695
2005-11-21,Metrobús,220687
2005-11-22,Metrobús,233665
2005-11-23,Metrobús,241269
2005-11-24,Metrobús,237822
2005-11-25,Metrobús,243386
2005-11-26,Metrobús,108038
2005-11-27,Metrobús,91846
2005-11-28,Metrobús,235465
2005-11-29,Metrobús,232591
2005-11-30,Metrobús,248064
2005-12-01,Metrobús,241326
2005-12-02,Metrobús,257589
2005-12-03,Metrobús,140334
2005-12-04,Metrobús,69172
2005-12-05,Metrobús,244344
2005-12-06,Metrobús,235378
2005-12-07,Metrobús,236155
2005-12-08,Metrobús,240949
2005-12-09,Metrobús,257655
2005-12-10,Metrobús,139220
2005-12-11,Metrobús,64149
2005-12-12,Metrobús,191673
2005-12-13,Metrobús,239942
2005-12-14,Metrobús,238186
2005-12-15,Metrobús,264288
2005-12-16,Metrobús,258152
2005-12-17,Metrobús,127259
2005-12-18,Metrobús,71348
2005-12-19,Metrobús,217282
2005-12-20,Metrobús,225846
2005-12-21,Metrobús,219905
2005-12-22,Metrobús,204220
2005-12-23,Metrobús,186059
2005-12-24,Metrobús,69584
2005-12-25,Metrobús,54298
2005-12-26,Metrobús,147057
2005-12-27,Metrobús,146672
2005-12-28,Metrobús,152093
2005-12-29,Metrobús,155563
2005-12-30,Metrobús,146781
2005-12-31,Metrobús,93486
2006-01-01,Metrobús,28080
2006-01-02,Metrobús,165127
2006-01-03,Metrobús,189170
2006-01-04,Metrobús,203064
2006-01-05,Metrobús,210237
2006-01-06,Metrobús,192893
2006-01-07,Metrobús,143525
2006-01-08,Metrobús,33796
2006-01-09,Metrobús,229030
2006-01-10,Metrobús,226298
2006-01-11,Metrobús,234944
2006-01-12,Metrobús,231492
2006-01-13,Metrobús,241192
2006-01-14,Metrobús,162937
2006-01-15,Metrobús,42586
2006-01-16,Metrobús,231786
2006-01-17,Metrobús,231904
2006-01-18,Metrobús,237507
2006-01-19,Metrobús,225403
2006-01-20,Metrobús,264321
2006-01-21,Metrobús,149979
2006-01-22,Metrobús,43662
2006-01-23,Metrobús,237101
2006-01-24,Metrobús,241035
2006-01-25,Metrobús,242176
2006-01-26,Metrobús,234442
2006-01-27,Metrobús,256966
2006-01-28,Metrobús,174331
2006-01-29,Metrobús,40194
2006-01-30,Metrobús,240652
2006-01-31,Metrobús,247201
2006-02-01,Metrobús,263177
2006-02-02,Metrobús,255060
2006-02-03,Metrobús,275459
2006-02-04,Metrobús,168352
2006-02-05,Metrobús,58308
2006-02-06,Metrobús,87575
2006-02-07,Metrobús,265032
2006-02-08,Metrobús,250662
2006-02-09,Metrobús,254693
2006-02-10,Metrobús,280476
2006-02-11,Metrobús,126088
2006-02-12,Metrobús,84877
2006-02-13,Metrobús,247671
2006-02-14,Metrobús,266156
2006-02-15,Metrobús,256268
2006-02-16,Metrobús,256308
2006-02-17,Metrobús,282165
2006-02-18,Metrobús,131809
2006-02-19,Metrobús,75803
2006-02-20,Metrobús,250253
2006-02-21,Metrobús,254881
2006-02-22,Metrobús,254406
2006-02-23,Metrobús,264868
2006-02-24,Metrobús,282951
2006-02-25,Metrobús,123730
2006-02-26,Metrobús,69803
2006-02-27,Metrobús,254536
2006-02-28,Metrobús,259217
2006-03-01,Metrobús,259980
2006-03-02,Metrobús,264532
2006-03-03,Metrobús,279445
2006-03-04,Metrobús,124522
2006-03-05,Metrobús,75927
2006-03-06,Metrobús,248514
2006-03-07,Metrobús,244845
2006-03-08,Metrobús,260881
2006-03-09,Metrobús,236308
2006-03-10,Metrobús,258038
2006-03-11,Metrobús,126926
2006-03-12,Metrobús,68872
2006-03-13,Metrobús,248294
2006-03-14,Metrobús,255373
2006-03-15,Metrobús,285318
2006-03-16,Metrobús,241954
2006-03-17,Metrobús,272541
2006-03-18,Metrobús,132342
2006-03-19,Metrobús,78422
2006-03-20,Metrobús,184687
2006-03-21,Metrobús,95384
2006-03-22,Metrobús,249384
2006-03-23,Metrobús,258453
2006-03-24,Metrobús,264796
2006-03-25,Metrobús,135783
2006-03-26,Metrobús,74280
2006-03-27,Metrobús,238797
2006-03-28,Metrobús,252936
2006-03-29,Metrobús,257619
2006-03-30,Metrobús,259030
2006-03-31,Metrobús,278663
2006-04-01,Metrobús,143276
2006-04-02,Metrobús,79537
2006-04-03,Metrobús,243827
2006-04-04,Metrobús,258401
2006-04-05,Metrobús,261692
2006-04-06,Metrobús,256412
2006-04-07,Metrobús,275136
2006-04-08,Metrobús,137976
2006-04-09,Metrobús,79024
2006-04-10,Metrobús,218236
2006-04-11,Metrobús,210008
2006-04-12,Metrobús,201516
2006-04-13,Metrobús,111499
2006-04-14,Metrobús,37144
2006-04-15,Metrobús,82609
2006-04-16,Metrobús,66429
2006-04-17,Metrobús,222307
2006-04-18,Metrobús,241168
2006-04-19,Metrobús,243107
2006-04-20,Metrobús,255463
2006-04-21,Metrobús,242170
2006-04-22,Metrobús,137526
2006-04-23,Metrobús,69750
2006-04-24,Metrobús,242790
2006-04-25,Metrobús,261072
2006-04-26,Metrobús,260538
2006-04-27,Metrobús,266604
2006-04-28,Metrobús,262531
2006-04-29,Metrobús,151245
2006-04-30,Metrobús,74722
2006-05-01,Metrobús,83547
2006-05-02,Metrobús,260466
2006-05-03,Metrobús,267404
2006-05-04,Metrobús,262319
2006-05-05,Metrobús,230525
2006-05-06,Metrobús,139458
2006-05-07,Metrobús,79083
2006-05-08,Metrobús,258364
2006-05-09,Metrobús,263114
2006-05-10,Metrobús,201092
2006-05-11,Metrobús,257098
2006-05-12,Metrobús,264931
2006-05-13,Metrobús,142616
2006-05-14,Metrobús,75995
2006-05-15,Metrobús,245119
2006-05-16,Metrobús,262642
2006-05-17,Metrobús,259908
2006-05-18,Metrobús,277007
2006-05-19,Metrobús,257295
2006-05-20,Metrobús,143455
2006-05-21,Metrobús,81791
2006-05-22,Metrobús,257104
2006-05-23,Metrobús,262822
2006-05-24,Metrobús,263970
2006-05-25,Metrobús,261120
2006-05-26,Metrobús,272917
2006-05-27,Metrobús,139932
2006-05-28,Metrobús,79719
2006-05-29,Metrobús,247303
2006-05-30,Metrobús,258295
2006-05-31,Metrobús,271133
2006-06-01,Metrobús,259114
2006-06-02,Metrobús,257572
2006-06-03,Metrobús,147208
2006-06-04,Metrobús,78282
2006-06-05,Metrobús,262915
2006-06-06,Metrobús,252865
2006-06-07,Metrobús,263448
2006-06-08,Metrobús,260139
2006-06-09,Metrobús,259374
2006-06-10,Metrobús,136513
2006-06-11,Metrobús,79289
2006-06-12,Metrobús,240553
2006-06-13,Metrobús,251206
2006-06-14,Metrobús,260498
2006-06-15,Metrobús,254505
2006-06-16,Metrobús,246785
2006-06-17,Metrobús,132058
2006-06-18,Metrobús,72049
2006-06-19,Metrobús,241273
2006-06-20,Metrobús,248721
2006-06-21,Metrobús,233976
2006-06-22,Metrobús,248260
2006-06-23,Metrobús,246426
2006-06-24,Metrobús,129682
2006-06-25,Metrobús,75179
2006-06-26,Metrobús,239172
2006-06-27,Metrobús,241377
2006-06-28,Metrobús,253603
2006-06-29,Metrobús,250781
2006-06-30,Metrobús,252631
2006-07-01,Metrobús,128712
2006-07-02,Metrobús,72299
2006-07-03,Metrobús,240749
2006-07-04,Metrobús,246484
2006-07-05,Metrobús,254340
2006-07-06,Metrobús,245354
2006-07-07,Metrobús,250497
2006-07-08,Metrobús,130988
2006-07-09,Metrobús,72357
2006-07-10,Metrobús,231318
2006-07-11,Metrobús,254189
2006-07-12,Metrobús,249462
2006-07-13,Metrobús,251062
2006-07-14,Metrobús,260993
2006-07-15,Metrobús,136641
2006-07-16,Metrobús,87638
2006-07-17,Metrobús,241304
2006-07-18,Metrobús,247182
2006-07-19,Metrobús,246521
2006-07-20,Metrobús,244299
2006-07-21,Metrobús,245908
2006-07-22,Metrobús,124914
2006-07-23,Metrobús,76044
2006-07-24,Metrobús,226204
2006-07-25,Metrobús,249820
2006-07-26,Metrobús,253392
2006-07-27,Metrobús,249466
2006-07-28,Metrobús,254200
2006-07-29,Metrobús,135263
2006-07-30,Metrobús,84494
2006-07-31,Metrobús,260353
2006-08-01,Metrobús,274967
2006-08-02,Metrobús,270607
2006-08-03,Metrobús,252914
2006-08-04,Metrobús,265044
2006-08-05,Metrobús,132519
2006-08-06,Metrobús,84995
2006-08-07,Metrobús,247877
2006-08-08,Metrobús,259805
2006-08-09,Metrobús,264689
2006-08-10,Metrobús,269865
2006-08-11,Metrobús,277679
2006-08-12,Metrobús,164884
2006-08-13,Metrobús,84133
2006-08-14,Metrobús,248697
2006-08-15,Metrobús,268322
2006-08-16,Metrobús,272632
2006-08-17,Metrobús,273202
2006-08-18,Metrobús,282322
2006-08-19,Metrobús,142938
2006-08-20,Metrobús,79651
2006-08-21,Metrobús,255820
2006-08-22,Metrobús,265950
2006-08-23,Metrobús,271776
2006-08-24,Metrobús,267971
2006-08-25,Metrobús,265267
2006-08-26,Metrobús,138074
2006-08-27,Metrobús,71246
2006-08-28,Metrobús,261312
2006-08-29,Metrobús,268863
2006-08-30,Metrobús,280030
2006-08-31,Metrobús,277404
2006-09-01,Metrobús,269721
2006-09-02,Metrobús,144573
2006-09-03,Metrobús,81423
2006-09-04,Metrobús,265608
2006-09-05,Metrobús,267208
2006-09-06,Metrobús,272585
2006-09-07,Metrobús,264794
2006-09-08,Metrobús,286125
2006-09-09,Metrobús,157009
2006-09-10,Metrobús,86370
2006-09-11,Metrobús,271207
2006-09-12,Metrobús,276537
2006-09-13,Metrobús,278952
2006-09-14,Metrobús,275538
2006-09-15,Metrobús,217212
2006-09-16,Metrobús,87651
2006-09-17,Metrobús,77128
2006-09-18,Metrobús,256076
2006-09-19,Metrobús,256912
2006-09-20,Metrobús,254043
2006-09-21,Metrobús,247408
2006-09-22,Metrobús,259357
2006-09-23,Metrobús,141941
2006-09-24,Metrobús,78087
2006-09-25,Metrobús,245199
2006-09-26,Metrobús,250183
2006-09-27,Metrobús,248292
2006-09-28,Metrobús,254868
2006-09-29,Metrobús,268128
2006-09-30,Metrobús,139152
2006-10-01,Metrobús,77147
2006-10-02,Metrobús,246758
2006-10-03,Metrobús,250218
2006-10-04,Metrobús,249925
2006-10-05,Metrobús,245142
2006-10-06,Metrobús,252635
2006-10-07,Metrobús,135200
2006-10-08,Metrobús,75518
2006-10-09,Metrobús,244948
2006-10-10,Metrobús,240058
2006-10-11,Metrobús,255823
2006-10-12,Metrobús,246025
2006-10-13,Metrobús,255100
2006-10-14,Metrobús,138581
2006-10-15,Metrobús,79900
2006-10-16,Metrobús,248787
2006-10-17,Metrobús,252155
2006-10-18,Metrobús,251187
2006-10-19,Metrobús,248716
2006-10-20,Metrobús,257046
2006-10-21,Metrobús,135240
2006-10-22,Metrobús,73921
2006-10-23,Metrobús,235553
2006-10-24,Metrobús,236994
2006-10-25,Metrobús,242081
2006-10-26,Metrobús,240821
2006-10-27,Metrobús,251986
2006-10-28,Metrobús,137500
2006-10-29,Metrobús,79090
2006-10-30,Metrobús,237910
2006-10-31,Metrobús,239955
2006-11-01,Metrobús,229723
2006-11-02,Metrobús,109791
2006-11-03,Metrobús,203356
2006-11-04,Metrobús,122757
2006-11-05,Metrobús,72151
2006-11-06,Metrobús,241812
2006-11-07,Metrobús,243792
2006-11-08,Metrobús,246976
2006-11-09,Metrobús,247292
2006-11-10,Metrobús,252729
2006-11-11,Metrobús,138872
2006-11-12,Metrobús,75961
2006-11-13,Metrobús,234317
2006-11-14,Metrobús,237899
2006-11-15,Metrobús,251115
2006-11-16,Metrobús,245254
2006-11-17,Metrobús,248845
2006-11-18,Metrobús,129946
2006-11-19,Metrobús,67697
2006-11-20,Metrobús,72292
2006-11-21,Metrobús,235205
2006-11-22,Metrobús,240144
2006-11-23,Metrobús,236820
2006-11-24,Metrobús,243421
2006-11-25,Metrobús,140458
2006-11-26,Metrobús,75285
2006-11-27,Metrobús,233565
2006-11-28,Metrobús,235265
2006-11-29,Metrobús,257947
2006-11-30,Metrobús,276680
2006-12-01,Metrobús,96268
2006-12-02,Metrobús,127924
2006-12-03,Metrobús,73723
2006-12-04,Metrobús,245917
2006-12-05,Metrobús,246306
2006-12-06,Metrobús,262170
2006-12-07,Metrobús,255921
2006-12-08,Metrobús,252692
2006-12-09,Metrobús,140272
2006-12-10,Metrobús,76359
2006-12-11,Metrobús,239049
2006-12-12,Metrobús,193433
2006-12-13,Metrobús,247338
2006-12-14,Metrobús,251342
2006-12-15,Metrobús,255850
2006-12-16,Metrobús,133312
2006-12-17,Metrobús,83084
2006-12-18,Metrobús,238035
2006-12-19,Metrobús,239980
2006-12-20,Metrobús,244319
2006-12-21,Metrobús,222847
2006-12-22,Metrobús,217396
2006-12-23,Metrobús,118796
2006-12-24,Metrobús,62041
2006-12-25,Metrobús,43414
2006-12-26,Metrobús,160012
2006-12-27,Metrobús,169201
2006-12-28,Metrobús,164453
2006-12-29,Metrobús,169687
2006-12-30,Metrobús,107308
2006-12-31,Metrobús,54270
2007-01-01,Metrobús,46178
2007-01-02,Metrobús,176850
2007-01-03,Metrobús,206975
2007-01-04,Metrobús,216225
2007-01-05,Metrobús,224038
2007-01-06,Metrobús,116459
2007-01-07,Metrobús,72964
2007-01-08,Metrobús,234698
2007-01-09,Metrobús,244648
2007-01-10,Metrobús,246874
2007-01-11,Metrobús,243977
2007-01-12,Metrobús,267639
2007-01-13,Metrobús,134868
2007-01-14,Metrobús,75007
2007-01-15,Metrobús,246119
2007-01-16,Metrobús,250746
2007-01-17,Metrobús,247303
2007-01-18,Metrobús,256417
2007-01-19,Metrobús,258180
2007-01-20,Metrobús,139234
2007-01-21,Metrobús,78776
2007-01-22,Metrobús,251394
2007-01-23,Metrobús,248374
2007-01-24,Metrobús,255495
2007-01-25,Metrobús,254053
2007-01-26,Metrobús,261187
2007-01-27,Metrobús,131123
2007-01-28,Metrobús,75340
2007-01-29,Metrobús,247573
2007-01-30,Metrobús,262977
2007-01-31,Metrobús,262261
2007-02-01,Metrobús,260405
2007-02-02,Metrobús,265587
2007-02-03,Metrobús,157998
2007-02-04,Metrobús,87830
2007-02-05,Metrobús,80982
2007-02-06,Metrobús,261561
2007-02-07,Metrobús,262213
2007-02-08,Metrobús,261781
2007-02-09,Metrobús,267354
2007-02-10,Metrobús,148152
2007-02-11,Metrobús,88296
2007-02-12,Metrobús,242388
2007-02-13,Metrobús,266157
2007-02-14,Metrobús,265868
2007-02-15,Metrobús,250225
2007-02-16,Metrobús,268593
2007-02-17,Metrobús,151689
2007-02-18,Metrobús,82060
2007-02-19,Metrobús,250387
2007-02-20,Metrobús,257743
2007-02-21,Metrobús,251215
2007-02-22,Metrobús,260908
2007-02-23,Metrobús,267746
2007-02-24,Metrobús,150908
2007-02-25,Metrobús,79408
2007-02-26,Metrobús,243841
2007-02-27,Metrobús,269436
2007-02-28,Metrobús,274638
2007-03-01,Metrobús,273989
2007-03-02,Metrobús,281285
2007-03-03,Metrobús,154240
2007-03-04,Metrobús,68418
2007-03-05,Metrobús,251354
2007-03-06,Metrobús,258228
2007-03-07,Metrobús,264450
2007-03-08,Metrobús,257196
2007-03-09,Metrobús,267809
2007-03-10,Metrobús,143552
2007-03-11,Metrobús,72771
2007-03-12,Metrobús,251601
2007-03-13,Metrobús,252650
2007-03-14,Metrobús,269845
2007-03-15,Metrobús,265372
2007-03-16,Metrobús,271856
2007-03-17,Metrobús,147424
2007-03-18,Metrobús,75166
2007-03-19,Metrobús,89222
2007-03-20,Metrobús,258266
2007-03-21,Metrobús,260448
2007-03-22,Metrobús,256588
2007-03-23,Metrobús,267346
2007-03-24,Metrobús,153051
2007-03-25,Metrobús,81662
2007-03-26,Metrobús,251721
2007-03-27,Metrobús,229352
2007-03-28,Metrobús,265036
2007-03-29,Metrobús,256737
2007-03-30,Metrobús,274480
2007-03-31,Metrobús,145597
2007-04-01,Metrobús,69078
2007-04-02,Metrobús,216493
2007-04-03,Metrobús,213640
2007-04-04,Metrobús,209582
2007-04-05,Metrobús,85919
2007-04-06,Metrobús,64366
2007-04-07,Metrobús,82430
2007-04-08,Metrobús,62519
2007-04-09,Metrobús,241208
2007-04-10,Metrobús,229704
2007-04-11,Metrobús,255827
2007-04-12,Metrobús,243322
2007-04-13,Metrobús,263241
2007-04-14,Metrobús,134986
2007-04-15,Metrobús,77776
2007-04-16,Metrobús,251158
2007-04-17,Metrobús,264069
2007-04-18,Metrobús,268049
2007-04-19,Metrobús,276191
2007-04-20,Metrobús,261238
2007-04-21,Metrobús,150286
2007-04-22,Metrobús,76858
2007-04-23,Metrobús,249186
2007-04-24,Metrobús,253909
2007-04-25,Metrobús,271709
2007-04-26,Metrobús,270969
2007-04-27,Metrobús,270570
2007-04-28,Metrobús,152874
2007-04-29,Metrobús,74360
2007-04-30,Metrobús,249406
2007-05-01,Metrobús,120333
2007-05-02,Metrobús,236949
2007-05-03,Metrobús,287383
2007-05-04,Metrobús,281049
2007-05-05,Metrobús,145340
2007-05-06,Metrobús,79795
2007-05-07,Metrobús,262998
2007-05-08,Metrobús,272852
2007-05-09,Metrobús,265184
2007-05-10,Metrobús,195416
2007-05-11,Metrobús,268186
2007-05-12,Metrobús,152397
2007-05-13,Metrobús,77440
2007-05-14,Metrobús,254134
2007-05-15,Metrobús,260556
2007-05-16,Metrobús,278624
2007-05-17,Metrobús,278060
2007-05-18,Metrobús,278116
2007-05-19,Metrobús,150740
2007-05-20,Metrobús,79356
2007-05-21,Metrobús,261155
2007-05-22,Metrobús,275154
2007-05-23,Metrobús,265227
2007-05-24,Metrobús,276425
2007-05-25,Metrobús,278301
2007-05-26,Metrobús,160117
2007-05-27,Metrobús,72179
2007-05-28,Metrobús,260843
2007-05-29,Metrobús,272349
2007-05-30,Metrobús,271673
2007-05-31,Metrobús,280753
2007-06-01,Metrobús,267269
2007-06-02,Metrobús,161736
2007-06-03,Metrobús,83284
2007-06-04,Metrobús,270570
2007-06-05,Metrobús,276428
2007-06-06,Metrobús,278928
2007-06-07,Metrobús,284161
2007-06-08,Metrobús,283105
2007-06-09,Metrobús,156508
2007-06-10,Metrobús,78950
2007-06-11,Metrobús,264677
2007-06-12,Metrobús,276878
2007-06-13,Metrobús,272884
2007-06-14,Metrobús,279000
2007-06-15,Metrobús,285129
2007-06-16,Metrobús,153609
2007-06-17,Metrobús,78298
2007-06-18,Metrobús,256532
2007-06-19,Metrobús,272253
2007-06-20,Metrobús,268656
2007-06-21,Metrobús,276496
2007-06-22,Metrobús,275897
2007-06-23,Metrobús,154917
2007-06-24,Metrobús,79340
2007-06-25,Metrobús,260367
2007-06-26,Metrobús,269380
2007-06-27,Metrobús,273629
2007-06-28,Metrobús,268887
2007-06-29,Metrobús,288950
2007-06-30,Metrobús,141049
2007-07-01,Metrobús,80525
2007-07-02,Metrobús,270859
2007-07-03,Metrobús,269704
2007-07-04,Metrobús,282251
2007-07-05,Metrobús,282251
2007-07-06,Metrobús,262661
2007-07-07,Metrobús,146574
2007-07-08,Metrobús,73159
2007-07-09,Metrobús,257473
2007-07-10,Metrobús,264668
2007-07-11,Metrobús,274382
2007-07-12,Metrobús,273357
2007-07-13,Metrobús,284835
2007-07-14,Metrobús,139539
2007-07-15,Metrobús,84406
2007-07-16,Metrobús,244364
2007-07-17,Metrobús,250072
2007-07-18,Metrobús,250306
2007-07-19,Metrobús,250306
2007-07-20,Metrobús,252669
2007-07-21,Metrobús,141663
2007-07-22,Metrobús,111887
2007-07-23,Metrobús,201926
2007-07-24,Metrobús,252863
2007-07-25,Metrobús,249384
2007-07-26,Metrobús,249662
2007-07-27,Metrobús,251062
2007-07-28,Metrobús,137889
2007-07-29,Metrobús,82810
2007-07-30,Metrobús,244726
2007-07-31,Metrobús,261243
2007-08-01,Metrobús,265835
2007-08-02,Metrobús,262222
2007-08-03,Metrobús,270844
2007-08-04,Metrobús,147315
2007-08-05,Metrobús,72772
2007-08-06,Metrobús,243784
2007-08-07,Metrobús,254047
2007-08-08,Metrobús,262203
2007-08-09,Metrobús,264039
2007-08-10,Metrobús,265707
2007-08-11,Metrobús,159034
2007-08-12,Metrobús,76533
2007-08-13,Metrobús,252098
2007-08-14,Metrobús,251000
2007-08-15,Metrobús,265082
2007-08-16,Metrobús,255389
2007-08-17,Metrobús,266459
2007-08-18,Metrobús,135543
2007-08-19,Metrobús,72076
2007-08-20,Metrobús,259264
2007-08-21,Metrobús,265572
2007-08-22,Metrobús,253595
2007-08-23,Metrobús,261509
2007-08-24,Metrobús,281411
2007-08-25,Metrobús,129842
2007-08-26,Metrobús,60463
2007-08-27,Metrobús,256609
2007-08-28,Metrobús,264717
2007-08-29,Metrobús,273385
2007-08-30,Metrobús,275666
2007-08-31,Metrobús,279516
2007-09-01,Metrobús,142893
2007-09-02,Metrobús,70708
2007-09-03,Metrobús,267416
2007-09-04,Metrobús,271943
2007-09-05,Metrobús,282428
2007-09-06,Metrobús,269032
2007-09-07,Metrobús,275484
2007-09-08,Metrobús,152887
2007-09-09,Metrobús,73903
2007-09-10,Metrobús,258024
2007-09-11,Metrobús,259518
2007-09-12,Metrobús,268509
2007-09-13,Metrobús,264096
2007-09-14,Metrobús,269093
2007-09-15,Metrobús,122212
2007-09-16,Metrobús,69493
2007-09-17,Metrobús,256753
2007-09-18,Metrobús,262126
2007-09-19,Metrobús,269016
2007-09-20,Metrobús,272335
2007-09-21,Metrobús,276722
2007-09-22,Metrobús,161262
2007-09-23,Metrobús,76488
2007-09-24,Metrobús,258549
2007-09-25,Metrobús,258549
2007-09-26,Metrobús,265497
2007-09-27,Metrobús,270394
2007-09-28,Metrobús,274822
2007-09-29,Metrobús,152162
2007-09-30,Metrobús,84641
2007-10-01,Metrobús,270274
2007-10-02,Metrobús,268978
2007-10-03,Metrobús,264138
2007-10-04,Metrobús,265644
2007-10-05,Metrobús,275661
2007-10-06,Metrobús,157186
2007-10-07,Metrobús,69660
2007-10-08,Metrobús,257242
2007-10-09,Metrobús,272257
2007-10-10,Metrobús,262320
2007-10-11,Metrobús,266443
2007-10-12,Metrobús,279734
2007-10-13,Metrobús,159572
2007-10-14,Metrobús,86151
2007-10-15,Metrobús,263628
2007-10-16,Metrobús,268776
2007-10-17,Metrobús,267160
2007-10-18,Metrobús,276485
2007-10-19,Metrobús,272398
2007-10-20,Metrobús,159174
2007-10-21,Metrobús,76645
2007-10-22,Metrobús,254846
2007-10-23,Metrobús,251231
2007-10-24,Metrobús,260608
2007-10-25,Metrobús,263669
2007-10-26,Metrobús,271331
2007-10-27,Metrobús,152958
2007-10-28,Metrobús,78739
2007-10-29,Metrobús,260302
2007-10-30,Metrobús,264975
2007-10-31,Metrobús,280108
2007-11-01,Metrobús,236006
2007-11-02,Metrobús,116252
2007-11-03,Metrobús,113494
2007-11-04,Metrobús,71251
2007-11-05,Metrobús,252030
2007-11-06,Metrobús,265522
2007-11-07,Metrobús,266942
2007-11-08,Metrobús,263822
2007-11-09,Metrobús,275893
2007-11-10,Metrobús,160344
2007-11-11,Metrobús,78312
2007-11-12,Metrobús,260058
2007-11-13,Metrobús,261987
2007-11-14,Metrobús,268196
2007-11-15,Metrobús,273324
2007-11-16,Metrobús,285925
2007-11-17,Metrobús,159917
2007-11-18,Metrobús,82553
2007-11-19,Metrobús,92135
2007-11-20,Metrobús,252853
2007-11-21,Metrobús,279321
2007-11-22,Metrobús,268396
2007-11-23,Metrobús,283180
2007-11-24,Metrobús,151649
2007-11-25,Metrobús,80824
2007-11-26,Metrobús,255965
2007-11-27,Metrobús,262525
2007-11-28,Metrobús,265222
2007-11-29,Metrobús,273597
2007-11-30,Metrobús,269657
2007-12-01,Metrobús,149852
2007-12-02,Metrobús,90513
2007-12-03,Metrobús,253255
2007-12-04,Metrobús,268369
2007-12-05,Metrobús,267572
2007-12-06,Metrobús,273301
2007-12-07,Metrobús,273820
2007-12-08,Metrobús,142148
2007-12-09,Metrobús,80223
2007-12-10,Metrobús,260432
2007-12-11,Metrobús,263898
2007-12-12,Metrobús,210097
2007-12-13,Metrobús,262916
2007-12-14,Metrobús,281821
2007-12-15,Metrobús,149333
2007-12-16,Metrobús,86382
2007-12-17,Metrobús,243034
2007-12-18,Metrobús,261612
2007-12-19,Metrobús,249014
2007-12-20,Metrobús,242320
2007-12-21,Metrobús,248055
2007-12-22,Metrobús,135730
2007-12-23,Metrobús,90677
2007-12-24,Metrobús,109766
2007-12-25,Metrobús,42500
2007-12-26,Metrobús,166983
2007-12-27,Metrobús,176071
2007-12-28,Metrobús,187669
2007-12-29,Metrobús,109698
2007-12-30,Metrobús,75063
2007-12-31,Metrobús,100715
2008-01-01,Metrobús,46106
2008-01-02,Metrobús,176553
2008-01-03,Metrobús,204475
2008-01-04,Metrobús,219625
2008-01-05,Metrobús,133565
2008-01-06,Metrobús,71279
2008-01-07,Metrobús,238831
2008-01-08,Metrobús,248125
2008-01-09,Metrobús,247795
2008-01-10,Metrobús,248723
2008-01-11,Metrobús,248624
2008-01-12,Metrobús,127416
2008-01-13,Metrobús,74618
2008-01-14,Metrobús,251385
2008-01-15,Metrobús,254800
2008-01-16,Metrobús,256853
2008-01-17,Metrobús,264692
2008-01-18,Metrobús,261980
2008-01-19,Metrobús,142406
2008-01-20,Metrobús,70919
2008-01-21,Metrobús,260357
2008-01-22,Metrobús,265723
2008-01-23,Metrobús,257960
2008-01-24,Metrobús,255847
2008-01-25,Metrobús,281054
2008-01-26,Metrobús,141095
2008-01-27,Metrobús,84816
2008-01-28,Metrobús,251506
2008-01-29,Metrobús,271583
2008-01-30,Metrobús,261245
2008-01-31,Metrobús,269297
2008-02-01,Metrobús,269387
2008-02-02,Metrobús,141791
2008-02-03,Metrobús,88857
2008-02-04,Metrobús,94789
2008-02-05,Metrobús,258568
2008-02-06,Metrobús,263689
2008-02-07,Metrobús,263838
2008-02-08,Metrobús,273153
2008-02-09,Metrobús,140714
2008-02-10,Metrobús,76535
2008-02-11,Metrobús,249870
2008-02-12,Metrobús,263418
2008-02-13,Metrobús,263458
2008-02-14,Metrobús,264975
2008-02-15,Metrobús,275285
2008-02-16,Metrobús,155254
2008-02-17,Metrobús,84023
2008-02-18,Metrobús,258941
2008-02-19,Metrobús,265208
2008-02-20,Metrobús,266762
2008-02-21,Metrobús,261036
2008-02-22,Metrobús,274376
2008-02-23,Metrobús,147402
2008-02-24,Metrobús,84407
2008-02-25,Metrobús,256815
2008-02-26,Metrobús,264829
2008-02-27,Metrobús,265053
2008-02-28,Metrobús,271772
2008-02-29,Metrobús,263261
2008-03-01,Metrobús,159933
2008-03-02,Metrobús,79026
2008-03-03,Metrobús,257847
2008-03-04,Metrobús,267129
2008-03-05,Metrobús,271246
2008-03-06,Metrobús,272379
2008-03-07,Metrobús,273039
2008-03-08,Metrobús,161158
2008-03-09,Metrobús,84152
2008-03-10,Metrobús,258809
2008-03-11,Metrobús,267025
2008-03-12,Metrobús,266131
2008-03-13,Metrobús,306728
2008-03-14,Metrobús,345871
2008-03-15,Metrobús,187387
2008-03-16,Metrobús,116262
2008-03-17,Metrobús,135616
2008-03-18,Metrobús,257797
2008-03-19,Metrobús,237078
2008-03-20,Metrobús,117854
2008-03-21,Metrobús,81680
2008-03-22,Metrobús,97261
2008-03-23,Metrobús,83539
2008-03-24,Metrobús,272605
2008-03-25,Metrobús,291176
2008-03-26,Metrobús,295475
2008-03-27,Metrobús,293648
2008-03-28,Metrobús,308365
2008-03-29,Metrobús,166194
2008-03-30,Metrobús,95147
2008-03-31,Metrobús,302192
2008-04-01,Metrobús,312955
2008-04-02,Metrobús,313050
2008-04-03,Metrobús,315647
2008-04-04,Metrobús,335622
2008-04-05,Metrobús,167369
2008-04-06,Metrobús,101953
2008-04-07,Metrobús,299808
2008-04-08,Metrobús,304601
2008-04-09,Metrobús,318437
2008-04-10,Metrobús,313758
2008-04-11,Metrobús,324632
2008-04-12,Metrobús,173736
2008-04-13,Metrobús,105048
2008-04-14,Metrobús,298839
2008-04-15,Metrobús,315111
2008-04-16,Metrobús,312902
2008-04-17,Metrobús,318202
2008-04-18,Metrobús,325031
2008-04-19,Metrobús,179214
2008-04-20,Metrobús,104810
2008-04-21,Metrobús,309348
2008-04-22,Metrobús,313746
2008-04-23,Metrobús,307936
2008-04-24,Metrobús,308385
2008-04-25,Metrobús,322962
2008-04-26,Metrobús,175391
2008-04-27,Metrobús,100810
2008-04-28,Metrobús,301132
2008-04-29,Metrobús,310241
2008-04-30,Metrobús,326764
2008-05-01,Metrobús,137186
2008-05-02,Metrobús,270181
2008-05-03,Metrobús,159444
2008-05-04,Metrobús,96490
2008-05-05,Metrobús,228057
2008-05-06,Metrobús,309078
2008-05-07,Metrobús,309331
2008-05-08,Metrobús,312474
2008-05-09,Metrobús,312280
2008-05-10,Metrobús,136665
2008-05-11,Metrobús,93176
2008-05-12,Metrobús,294977
2008-05-13,Metrobús,302392
2008-05-14,Metrobús,313229
2008-05-15,Metrobús,301215
2008-05-16,Metrobús,323063
2008-05-17,Metrobús,172079
2008-05-18,Metrobús,99498
2008-05-19,Metrobús,294456
2008-05-20,Metrobús,296796
2008-05-21,Metrobús,311491
2008-05-22,Metrobús,313746
2008-05-23,Metrobús,316344
2008-05-24,Metrobús,178204
2008-05-25,Metrobús,96365
2008-05-26,Metrobús,295649
2008-05-27,Metrobús,304555
2008-05-28,Metrobús,310589
2008-05-29,Metrobús,318644
2008-05-30,Metrobús,322748
2008-05-31,Metrobús,174980
2008-06-01,Metrobús,98098
2008-06-02,Metrobús,303919
2008-06-03,Metrobús,303124
2008-06-04,Metrobús,309327
2008-06-05,Metrobús,308835
2008-06-06,Metrobús,316566
2008-06-07,Metrobús,165980
2008-06-08,Metrobús,88186
2008-06-09,Metrobús,289932
2008-06-10,Metrobús,303655
2008-06-11,Metrobús,310785
2008-06-12,Metrobús,302934
2008-06-13,Metrobús,331507
2008-06-14,Metrobús,171636
2008-06-15,Metrobús,91612
2008-06-16,Metrobús,298400
2008-06-17,Metrobús,309872
2008-06-18,Metrobús,312313
2008-06-19,Metrobús,305501
2008-06-20,Metrobús,322888
2008-06-21,Metrobús,165602
2008-06-22,Metrobús,93707
2008-06-23,Metrobús,289920
2008-06-24,Metrobús,300928
2008-06-25,Metrobús,305914
2008-06-26,Metrobús,303237
2008-06-27,Metrobús,323751
2008-06-28,Metrobús,170497
2008-06-29,Metrobús,96109
2008-06-30,Metrobús,298640
2008-07-01,Metrobús,302100
2008-07-02,Metrobús,302788
2008-07-03,Metrobús,300217
2008-07-04,Metrobús,306911
2008-07-05,Metrobús,158899
2008-07-06,Metrobús,95307
2008-07-07,Metrobús,281060
2008-07-08,Metrobús,286098
2008-07-09,Metrobús,296846
2008-07-10,Metrobús,299546
2008-07-11,Metrobús,318240
2008-07-12,Metrobús,157237
2008-07-13,Metrobús,95378
2008-07-14,Metrobús,289179
2008-07-15,Metrobús,301399
2008-07-16,Metrobús,305893
2008-07-17,Metrobús,290814
2008-07-18,Metrobús,300975
2008-07-19,Metrobús,160800
2008-07-20,Metrobús,96300
2008-07-21,Metrobús,278286
2008-07-22,Metrobús,276332
2008-07-23,Metrobús,282899
2008-07-24,Metrobús,275890
2008-07-25,Metrobús,287167
2008-07-26,Metrobús,154448
2008-07-27,Metrobús,94768
2008-07-28,Metrobús,277342
2008-07-29,Metrobús,287419
2008-07-30,Metrobús,291149
2008-07-31,Metrobús,285039
2008-08-01,Metrobús,309829
2008-08-02,Metrobús,155248
2008-08-03,Metrobús,92953
2008-08-04,Metrobús,292862
2008-08-05,Metrobús,300531
2008-08-06,Metrobús,308158
2008-08-07,Metrobús,305596
2008-08-08,Metrobús,296371
2008-08-09,Metrobús,175655
2008-08-10,Metrobús,99759
2008-08-11,Metrobús,294268
2008-08-12,Metrobús,301479
2008-08-13,Metrobús,304900
2008-08-14,Metrobús,306877
2008-08-15,Metrobús,325247
2008-08-16,Metrobús,167073
2008-08-17,Metrobús,93727
2008-08-18,Metrobús,304127
2008-08-19,Metrobús,310888
2008-08-20,Metrobús,322381
2008-08-21,Metrobús,311274
2008-08-22,Metrobús,325988
2008-08-23,Metrobús,170191
2008-08-24,Metrobús,89787
2008-08-25,Metrobús,310339
2008-08-26,Metrobús,316253
2008-08-27,Metrobús,323776
2008-08-28,Metrobús,322539
2008-08-29,Metrobús,334676
2008-08-30,Metrobús,183274
2008-08-31,Metrobús,93689
2008-09-01,Metrobús,312657
2008-09-02,Metrobús,313563
2008-09-03,Metrobús,308966
2008-09-04,Metrobús,318537
2008-09-05,Metrobús,330792
2008-09-06,Metrobús,170696
2008-09-07,Metrobús,87050
2008-09-08,Metrobús,300464
2008-09-09,Metrobús,303987
2008-09-10,Metrobús,310286
2008-09-11,Metrobús,310586
2008-09-12,Metrobús,320690
2008-09-13,Metrobús,162338
2008-09-14,Metrobús,79685
2008-09-15,Metrobús,180038
2008-09-16,Metrobús,74860
2008-09-17,Metrobús,300902
2008-09-18,Metrobús,312290
2008-09-19,Metrobús,326523
2008-09-20,Metrobús,180188
2008-09-21,Metrobús,88865
2008-09-22,Metrobús,304410
2008-09-23,Metrobús,317130
2008-09-24,Metrobús,314402
2008-09-25,Metrobús,309056
2008-09-26,Metrobús,328618
2008-09-27,Metrobús,167963
2008-09-28,Metrobús,97085
2008-09-29,Metrobús,308287
2008-09-30,Metrobús,322958
2008-10-01,Metrobús,323924
2008-10-02,Metrobús,320192
2008-10-03,Metrobús,342178
2008-10-04,Metrobús,171639
2008-10-05,Metrobús,101144
2008-10-06,Metrobús,301557
2008-10-07,Metrobús,308489
2008-10-08,Metrobús,308108
2008-10-09,Metrobús,316684
2008-10-10,Metrobús,326491
2008-10-11,Metrobús,170771
2008-10-12,Metrobús,93083
2008-10-13,Metrobús,301516
2008-10-14,Metrobús,313588
2008-10-15,Metrobús,318449
2008-10-16,Metrobús,320353
2008-10-17,Metrobús,326161
2008-10-18,Metrobús,180362
2008-10-19,Metrobús,102714
2008-10-20,Metrobús,309681
2008-10-21,Metrobús,305605
2008-10-22,Metrobús,311057
2008-10-23,Metrobús,308648
2008-10-24,Metrobús,324992
2008-10-25,Metrobús,189481
2008-10-26,Metrobús,92102
2008-10-27,Metrobús,301912
2008-10-28,Metrobús,313503
2008-10-29,Metrobús,315377
2008-10-30,Metrobús,324764
2008-10-31,Metrobús,341388
2008-11-01,Metrobús,152955
2008-11-02,Metrobús,88267
2008-11-03,Metrobús,304471
2008-11-04,Metrobús,310008
2008-11-05,Metrobús,315687
2008-11-06,Metrobús,313539
2008-11-07,Metrobús,329788
2008-11-08,Metrobús,175687
2008-11-09,Metrobús,96988
2008-11-10,Metrobús,300340
2008-11-11,Metrobús,312200
2008-11-12,Metrobús,314441
2008-11-13,Metrobús,315353
2008-11-14,Metrobús,344783
2008-11-15,Metrobús,170560
2008-11-16,Metrobús,102921
2008-11-17,Metrobús,106049
2008-11-18,Metrobús,317168
2008-11-19,Metrobús,315084
2008-11-20,Metrobús,310876
2008-11-21,Metrobús,330851
2008-11-22,Metrobús,180249
2008-11-23,Metrobús,95735
2008-11-24,Metrobús,313523
2008-11-25,Metrobús,321403
2008-11-26,Metrobús,320636
2008-11-27,Metrobús,322486
2008-11-28,Metrobús,348006
2008-11-29,Metrobús,182082
2008-11-30,Metrobús,120106
2008-12-01,Metrobús,310290
2008-12-02,Metrobús,319284
2008-12-03,Metrobús,328284
2008-12-04,Metrobús,316681
2008-12-05,Metrobús,331649
2008-12-06,Metrobús,179508
2008-12-07,Metrobús,100078
2008-12-08,Metrobús,306016
2008-12-09,Metrobús,314445
2008-12-10,Metrobús,319282
2008-12-11,Metrobús,325545
2008-12-12,Metrobús,263146
2008-12-13,Metrobús,177389
2008-12-14,Metrobús,103493
2008-12-15,Metrobús,302897
2008-12-16,Metrobús,315296
2008-12-17,Metrobús,397626
2008-12-18,Metrobús,386882
2008-12-19,Metrobús,399918
2008-12-20,Metrobús,232631
2008-12-21,Metrobús,137229
2008-12-22,Metrobús,327103
2008-12-23,Metrobús,322466
2008-12-24,Metrobús,215808
2008-12-25,Metrobús,81928
2008-12-26,Metrobús,235776
2008-12-27,Metrobús,177691
2008-12-28,Metrobús,122125
2008-12-29,Metrobús,263121
2008-12-30,Metrobús,262907
2008-12-31,Metrobús,195701
2009-01-01,Metrobús,78150
2009-01-02,Metrobús,232186
2009-01-03,Metrobús,179280
2009-01-04,Metrobús,130307
2009-01-05,Metrobús,347553
2009-01-06,Metrobús,320124
2009-01-07,Metrobús,369893
2009-01-08,Metrobús,381671
2009-01-09,Metrobús,402352
2009-01-10,Metrobús,212403
2009-01-11,Metrobús,125636
2009-01-12,Metrobús,397557
2009-01-13,Metrobús,397043
2009-01-14,Metrobús,401262
2009-01-15,Metrobús,400857
2009-01-16,Metrobús,412925
2009-01-17,Metrobús,216860
2009-01-18,Metrobús,129295
2009-01-19,Metrobús,405691
2009-01-20,Metrobús,405064
2009-01-21,Metrobús,408860
2009-01-22,Metrobús,409429
2009-01-23,Metrobús,434257
2009-01-24,Metrobús,241680
2009-01-25,Metrobús,137190
2009-01-26,Metrobús,410813
2009-01-27,Metrobús,415974
2009-01-28,Metrobús,422848
2009-01-29,Metrobús,416806
2009-01-30,Metrobús,462832
2009-01-31,Metrobús,229386
2009-02-01,Metrobús,155295
2009-02-02,Metrobús,150094
2009-02-03,Metrobús,425586
2009-02-04,Metrobús,426982
2009-02-05,Metrobús,431313
2009-02-06,Metrobús,455659
2009-02-07,Metrobús,236812
2009-02-08,Metrobús,133486
2009-02-09,Metrobús,421982
2009-02-10,Metrobús,428058
2009-02-11,Metrobús,429599
2009-02-12,Metrobús,437067
2009-02-13,Metrobús,481740
2009-02-14,Metrobús,259781
2009-02-15,Metrobús,139944
2009-02-16,Metrobús,434783
2009-02-17,Metrobús,444488
2009-02-18,Metrobús,449558
2009-02-19,Metrobús,442784
2009-02-20,Metrobús,466693
2009-02-21,Metrobús,241920
2009-02-22,Metrobús,143365
2009-02-23,Metrobús,430510
2009-02-24,Metrobús,440329
2009-02-25,Metrobús,441606
2009-02-26,Metrobús,447244
2009-02-27,Metrobús,457865
2009-02-28,Metrobús,311325
2009-03-01,Metrobús,142794
2009-03-02,Metrobús,440160
2009-03-03,Metrobús,454036
2009-03-04,Metrobús,462274
2009-03-05,Metrobús,460148
2009-03-06,Metrobús,473745
2009-03-07,Metrobús,245333
2009-03-08,Metrobús,146183
2009-03-09,Metrobús,435110
2009-03-10,Metrobús,451187
2009-03-11,Metrobús,454715
2009-03-12,Metrobús,446104
2009-03-13,Metrobús,474123
2009-03-14,Metrobús,255407
2009-03-15,Metrobús,143515
2009-03-16,Metrobús,152458
2009-03-17,Metrobús,434843
2009-03-18,Metrobús,437660
2009-03-19,Metrobús,435712
2009-03-20,Metrobús,455587
2009-03-21,Metrobús,237100
2009-03-22,Metrobús,133431
2009-03-23,Metrobús,423759
2009-03-24,Metrobús,432499
2009-03-25,Metrobús,433681
2009-03-26,Metrobús,435897
2009-03-27,Metrobús,472306
2009-03-28,Metrobús,246808
2009-03-29,Metrobús,137502
2009-03-30,Metrobús,434539
2009-03-31,Metrobús,450511
2009-04-01,Metrobús,454183
2009-04-02,Metrobús,449828
2009-04-03,Metrobús,478365
2009-04-04,Metrobús,259220
2009-04-05,Metrobús,132034
2009-04-06,Metrobús,355706
2009-04-07,Metrobús,352835
2009-04-08,Metrobús,340740
2009-04-09,Metrobús,160234
2009-04-10,Metrobús,113102
2009-04-11,Metrobús,130632
2009-04-12,Metrobús,115126
2009-04-13,Metrobús,382953
2009-04-14,Metrobús,413017
2009-04-15,Metrobús,429493
2009-04-16,Metrobús,434412
2009-04-17,Metrobús,457006
2009-04-18,Metrobús,245203
2009-04-19,Metrobús,134091
2009-04-20,Metrobús,428536
2009-04-21,Metrobús,440385
2009-04-22,Metrobús,447375
2009-04-23,Metrobús,440363
2009-04-24,Metrobús,386940
2009-04-25,Metrobús,187873
2009-04-26,Metrobús,97558
2009-04-27,Metrobús,306928
2009-04-28,Metrobús,282526
2009-04-29,Metrobús,276803
2009-04-30,Metrobús,278212
2009-05-01,Metrobús,109320
2009-05-02,Metrobús,115815
2009-05-03,Metrobús,80958
2009-05-04,Metrobús,183414
2009-05-05,Metrobús,180566
2009-05-06,Metrobús,334738
2009-05-07,Metrobús,385257
2009-05-08,Metrobús,412957
2009-05-09,Metrobús,219445
2009-05-10,Metrobús,115976
2009-05-11,Metrobús,403567
2009-05-12,Metrobús,428802
2009-05-13,Metrobús,423782
2009-05-14,Metrobús,428434
2009-05-15,Metrobús,408580
2009-05-16,Metrobús,228284
2009-05-17,Metrobús,130229
2009-05-18,Metrobús,423263
2009-05-19,Metrobús,441566
2009-05-20,Metrobús,433435
2009-05-21,Metrobús,437646
2009-05-22,Metrobús,446319
2009-05-23,Metrobús,246066
2009-05-24,Metrobús,140207
2009-05-25,Metrobús,410784
2009-05-26,Metrobús,430851
2009-05-27,Metrobús,423186
2009-05-28,Metrobús,442907
2009-05-29,Metrobús,454912
2009-05-30,Metrobús,244853
2009-05-31,Metrobús,146738
2009-06-01,Metrobús,425419
2009-06-02,Metrobús,427457
2009-06-03,Metrobús,437071
2009-06-04,Metrobús,437026
2009-06-05,Metrobús,461438
2009-06-06,Metrobús,243356
2009-06-07,Metrobús,142349
2009-06-08,Metrobús,416561
2009-06-09,Metrobús,420515
2009-06-10,Metrobús,431451
2009-06-11,Metrobús,420927
2009-06-12,Metrobús,455027
2009-06-13,Metrobús,240658
2009-06-14,Metrobús,131795
2009-06-15,Metrobús,422019
2009-06-16,Metrobús,429830
2009-06-17,Metrobús,428430
2009-06-18,Metrobús,423163
2009-06-19,Metrobús,445439
2009-06-20,Metrobús,239244
2009-06-21,Metrobús,128961
2009-06-22,Metrobús,402455
2009-06-23,Metrobús,420562
2009-06-24,Metrobús,421729
2009-06-25,Metrobús,418532
2009-06-26,Metrobús,435460
2009-06-27,Metrobús,235677
2009-06-28,Metrobús,139910
2009-06-29,Metrobús,399848
2009-06-30,Metrobús,424261
2009-07-01,Metrobús,419222
2009-07-02,Metrobús,417928
2009-07-03,Metrobús,436241
2009-07-04,Metrobús,232395
2009-07-05,Metrobús,130680
2009-07-06,Metrobús,393615
2009-07-07,Metrobús,402429
2009-07-08,Metrobús,407987
2009-07-09,Metrobús,398642
2009-07-10,Metrobús,402422
2009-07-11,Metrobús,225910
2009-07-12,Metrobús,127738
2009-07-13,Metrobús,380753
2009-07-14,Metrobús,392370
2009-07-15,Metrobús,405447
2009-07-16,Metrobús,398629
2009-07-17,Metrobús,400917
2009-07-18,Metrobús,222230
2009-07-19,Metrobús,128623
2009-07-20,Metrobús,374040
2009-07-21,Metrobús,379306
2009-07-22,Metrobús,379982
2009-07-23,Metrobús,375918
2009-07-24,Metrobús,383248
2009-07-25,Metrobús,216062
2009-07-26,Metrobús,122722
2009-07-27,Metrobús,371925
2009-07-28,Metrobús,378466
2009-07-29,Metrobús,392358
2009-07-30,Metrobús,397836
2009-07-31,Metrobús,421311
2009-08-01,Metrobús,233827
2009-08-02,Metrobús,140048
2009-08-03,Metrobús,400628
2009-08-04,Metrobús,408690
2009-08-05,Metrobús,420384
2009-08-06,Metrobús,417500
2009-08-07,Metrobús,434433
2009-08-08,Metrobús,239933
2009-08-09,Metrobús,134312
2009-08-10,Metrobús,405652
2009-08-11,Metrobús,417339
2009-08-12,Metrobús,417037
2009-08-13,Metrobús,417399
2009-08-14,Metrobús,447596
2009-08-15,Metrobús,234334
2009-08-16,Metrobús,137141
2009-08-17,Metrobús,418974
2009-08-18,Metrobús,426392
2009-08-19,Metrobús,433572
2009-08-20,Metrobús,430039
2009-08-21,Metrobús,441534
2009-08-22,Metrobús,246862
2009-08-23,Metrobús,132007
2009-08-24,Metrobús,421666
2009-08-25,Metrobús,431962
2009-08-26,Metrobús,440063
2009-08-27,Metrobús,434469
2009-08-28,Metrobús,471876
2009-08-29,Metrobús,229171
2009-08-30,Metrobús,129068
2009-08-31,Metrobús,445284
2009-09-01,Metrobús,453472
2009-09-02,Metrobús,452663
2009-09-03,Metrobús,457769
2009-09-04,Metrobús,474839
2009-09-05,Metrobús,243421
2009-09-06,Metrobús,130660
2009-09-07,Metrobús,451444
2009-09-08,Metrobús,453800
2009-09-09,Metrobús,464404
2009-09-10,Metrobús,453854
2009-09-11,Metrobús,478551
2009-09-12,Metrobús,240390
2009-09-13,Metrobús,137054
2009-09-14,Metrobús,435738
2009-09-15,Metrobús,380980
2009-09-16,Metrobús,122346
2009-09-17,Metrobús,446744
2009-09-18,Metrobús,503701
2009-09-19,Metrobús,259380
2009-09-20,Metrobús,134145
2009-09-21,Metrobús,452120
2009-09-22,Metrobús,453738
2009-09-23,Metrobús,457662
2009-09-24,Metrobús,454266
2009-09-25,Metrobús,468012
2009-09-26,Metrobús,256719
2009-09-27,Metrobús,146185
2009-09-28,Metrobús,443933
2009-09-29,Metrobús,463726
2009-09-30,Metrobús,465161
2009-10-01,Metrobús,465784
2009-10-02,Metrobús,481148
2009-10-03,Metrobús,264122
2009-10-04,Metrobús,145519
2009-10-05,Metrobús,449836
2009-10-06,Metrobús,452819
2009-10-07,Metrobús,460904
2009-10-08,Metrobús,461683
2009-10-09,Metrobús,473831
2009-10-10,Metrobús,261431
2009-10-11,Metrobús,141816
2009-10-12,Metrobús,437114
2009-10-13,Metrobús,457200
2009-10-14,Metrobús,461641
2009-10-15,Metrobús,468241
2009-10-16,Metrobús,487142
2009-10-17,Metrobús,271101
2009-10-18,Metrobús,145055
2009-10-19,Metrobús,441989
2009-10-20,Metrobús,451531
2009-10-21,Metrobús,453059
2009-10-22,Metrobús,452200
2009-10-23,Metrobús,479335
2009-10-24,Metrobús,269833
2009-10-25,Metrobús,142536
2009-10-26,Metrobús,435994
2009-10-27,Metrobús,440182
2009-10-28,Metrobús,458921
2009-10-29,Metrobús,452131
2009-10-30,Metrobús,481069
2009-10-31,Metrobús,251961
2009-11-01,Metrobús,135620
2009-11-02,Metrobús,186793
2009-11-03,Metrobús,446704
2009-11-04,Metrobús,450785
2009-11-05,Metrobús,455663
2009-11-06,Metrobús,469584
2009-11-07,Metrobús,270280
2009-11-08,Metrobús,149292
2009-11-09,Metrobús,445908
2009-11-10,Metrobús,450700
2009-11-11,Metrobús,433598
2009-11-12,Metrobús,458693
2009-11-13,Metrobús,481293
2009-11-14,Metrobús,269514
2009-11-15,Metrobús,157124
2009-11-16,Metrobús,155727
2009-11-17,Metrobús,448929
2009-11-18,Metrobús,458508
2009-11-19,Metrobús,454024
2009-11-20,Metrobús,470621
2009-11-21,Metrobús,256385
2009-11-22,Metrobús,144999
2009-11-23,Metrobús,432212
2009-11-24,Metrobús,447703
2009-11-25,Metrobús,448640
2009-11-26,Metrobús,449768
2009-11-27,Metrobús,466073
2009-11-28,Metrobús,282228
2009-11-29,Metrobús,150022
2009-11-30,Metrobús,449888
2009-12-01,Metrobús,458143
2009-12-02,Metrobús,459653
2009-12-03,Metrobús,458493
2009-12-04,Metrobús,480971
2009-12-05,Metrobús,287314
2009-12-06,Metrobús,152771
2009-12-07,Metrobús,442166
2009-12-08,Metrobús,444298
2009-12-09,Metrobús,458319
2009-12-10,Metrobús,460303
2009-12-11,Metrobús,479850
2009-12-12,Metrobús,252420
2009-12-13,Metrobús,168227
2009-12-14,Metrobús,428598
2009-12-15,Metrobús,444809
2009-12-16,Metrobús,442864
2009-12-17,Metrobús,439378
2009-12-18,Metrobús,447440
2009-12-19,Metrobús,260197
2009-12-20,Metrobús,154882
2009-12-21,Metrobús,379734
2009-12-22,Metrobús,367511
2009-12-23,Metrobús,352862
2009-12-24,Metrobús,229268
2009-12-25,Metrobús,88199
2009-12-26,Metrobús,167389
2009-12-27,Metrobús,132644
2009-12-28,Metrobús,281832
2009-12-29,Metrobús,286000
2009-12-30,Metrobús,286893
2009-12-31,Metrobús,201369
2010-01-01,Metro,1511363
2010-01-01,Metrobús,82858
2010-01-02,Metro,2633052
2010-01-02,Metrobús,159835
2010-01-03,Metro,2216448
2010-01-03,Metrobús,122935
2010-01-04,Metro,4085108
2010-01-04,Metrobús,351424
2010-01-05,Metro,4164143
2010-01-05,Metrobús,368221
2010-01-06,Metro,3701204
2010-01-06,Metrobús,344687
2010-01-07,Metro,4027912
2010-01-07,Metrobús,387116
2010-01-08,Metro,4159167
2010-01-08,Metrobús,384489
2010-01-09,Metro,3014873
2010-01-09,Metrobús,199195
2010-01-10,Metro,2201088
2010-01-10,Metrobús,123593
2010-01-11,Metro,4193878
2010-01-11,Metrobús,406303
2010-01-12,Metro,3827480
2010-01-12,Metrobús,414588
2010-01-13,Metro,4079059
2010-01-13,Metrobús,418660
2010-01-14,Metro,4171318
2010-01-14,Metrobús,421006
2010-01-15,Metro,4423899
2010-01-15,Metrobús,451516
2010-01-16,Metro,3408183
2010-01-16,Metrobús,239383
2010-01-17,Metro,2223044
2010-01-17,Metrobús,142692
2010-01-18,Metro,4240459
2010-01-18,Metrobús,427317
2010-01-19,Metro,4389079
2010-01-19,Metrobús,431205
2010-01-20,Metro,4316873
2010-01-20,Metrobús,431795
2010-01-21,Metro,4293750
2010-01-21,Metrobús,432210
2010-01-22,Metro,4354998
2010-01-22,Metrobús,448613
2010-01-23,Metro,3445462
2010-01-23,Metrobús,258894
2010-01-24,Metro,2214923
2010-01-24,Metrobús,135985
2010-01-25,Metro,4219756
2010-01-25,Metrobús,435197
2010-01-26,Metro,4231249
2010-01-26,Metrobús,445155
2010-01-27,Metro,4366927
2010-01-27,Metrobús,442769
2010-01-28,Metro,4305753
2010-01-28,Metrobús,449329
2010-01-29,Metro,4577680
2010-01-29,Metrobús,472901
2010-01-30,Metro,3473878
2010-01-30,Metrobús,241271
2010-01-31,Metro,2286978
2010-01-31,Metrobús,145072
2010-02-01,Metro,2802579
2010-02-01,Metrobús,148243
2010-02-02,Metro,4403990
2010-02-02,Metrobús,451551
2010-02-03,Metro,4553679
2010-02-03,Metrobús,440022
2010-02-04,Metro,4193212
2010-02-04,Metrobús,426068
2010-02-05,Metro,4694375
2010-02-05,Metrobús,472861
2010-02-06,Metro,3822226
2010-02-06,Metrobús,264872
2010-02-07,Metro,2428908
2010-02-07,Metrobús,139371
2010-02-08,Metro,4597193
2010-02-08,Metrobús,449933
2010-02-09,Metro,4557204
2010-02-09,Metrobús,461157
2010-02-10,Metro,4699321
2010-02-10,Metrobús,461898
2010-02-11,Metro,4761867
2010-02-11,Metrobús,460461
2010-02-12,Metro,4944479
2010-02-12,Metrobús,485904
2010-02-13,Metro,3883215
2010-02-13,Metrobús,276469
2010-02-14,Metro,2713223
2010-02-14,Metrobús,165409
2010-02-15,Metro,4694764
2010-02-15,Metrobús,458222
2010-02-16,Metro,4682436
2010-02-16,Ecobici,15
2010-02-16,Metrobús,469389
2010-02-17,Metro,4481356
2010-02-17,Ecobici,22
2010-02-17,Metrobús,448957
2010-02-18,Metro,4361607
2010-02-18,Ecobici,28
2010-02-18,Metrobús,441543
2010-02-19,Metro,4772258
2010-02-19,Ecobici,66
2010-02-19,Metrobús,479404
2010-02-20,Metro,3942490
2010-02-20,Ecobici,58
2010-02-20,Metrobús,267689
2010-02-21,Metro,2551512
2010-02-21,Ecobici,96
2010-02-21,Metrobús,154564
2010-02-22,Metro,4593281
2010-02-22,Ecobici,94
2010-02-22,Metrobús,452089
2010-02-23,Metro,4594233
2010-02-23,Ecobici,104
2010-02-23,Metrobús,455078
2010-02-24,Metro,4750101
2010-02-24,Ecobici,120
2010-02-24,Metrobús,462009
2010-02-25,Metro,4812518
2010-02-25,Ecobici,117
2010-02-25,Metrobús,467495
2010-02-26,Metro,4914043
2010-02-26,Ecobici,144
2010-02-26,Metrobús,492521
2010-02-27,Metro,3921587
2010-02-27,Ecobici,77
2010-02-27,Metrobús,273938
2010-02-28,Metro,2674167
2010-02-28,Ecobici,116
2010-02-28,Metrobús,148003
2010-03-01,Metro,4698362
2010-03-01,Ecobici,158
2010-03-01,Metrobús,465072
2010-03-02,Metro,4694975
2010-03-02,Ecobici,198
2010-03-02,Metrobús,470893
2010-03-03,Metro,4706962
2010-03-03,Ecobici,274
2010-03-03,Metrobús,469408
2010-03-04,Metro,4733405
2010-03-04,Ecobici,388
2010-03-04,Metrobús,464741
2010-03-05,Metro,4867409
2010-03-05,Ecobici,415
2010-03-05,Metrobús,489398
2010-03-06,Metro,3848483
2010-03-06,Ecobici,263
2010-03-06,Metrobús,268978
2010-03-07,Metro,2529875
2010-03-07,Ecobici,278
2010-03-07,Metrobús,149093
2010-03-08,Metro,4626140
2010-03-08,Ecobici,494
2010-03-08,Metrobús,446530
2010-03-09,Metro,4632802
2010-03-09,Ecobici,573
2010-03-09,Metrobús,462102
2010-03-10,Metro,4674327
2010-03-10,Ecobici,551
2010-03-10,Metrobús,466517
2010-03-11,Metro,4726511
2010-03-11,Ecobici,625
2010-03-11,Metrobús,463514
2010-03-12,Metro,4964852
2010-03-12,Ecobici,637
2010-03-12,Metrobús,487044
2010-03-13,Metro,3890016
2010-03-13,Ecobici,438
2010-03-13,Metrobús,258648
2010-03-14,Metro,2441432
2010-03-14,Ecobici,469
2010-03-14,Metrobús,152543
2010-03-15,Metro,2628727
2010-03-15,Ecobici,321
2010-03-15,Metrobús,155168
2010-03-16,Metro,4697054
2010-03-16,Ecobici,659
2010-03-16,Metrobús,453963
2010-03-17,Metro,4834418
2010-03-17,Ecobici,751
2010-03-17,Metrobús,467625
2010-03-18,Metro,4749679
2010-03-18,Ecobici,732
2010-03-18,Metrobús,460931
2010-03-19,Metro,4872567
2010-03-19,Ecobici,1026
2010-03-19,Metrobús,479271
2010-03-20,Metro,3858554
2010-03-20,Ecobici,578
2010-03-20,Metrobús,273534
2010-03-21,Metro,2491856
2010-03-21,Ecobici,667
2010-03-21,Metrobús,148344
2010-03-22,Metro,4525196
2010-03-22,Ecobici,1067
2010-03-22,Metrobús,448248
2010-03-23,Metro,4772868
2010-03-23,Ecobici,601
2010-03-23,Metrobús,459596
2010-03-24,Metro,4733849
2010-03-24,Ecobici,871
2010-03-24,Metrobús,457469
2010-03-25,Metro,4738516
2010-03-25,Ecobici,1306
2010-03-25,Metrobús,457920
2010-03-26,Metro,4966638
2010-03-26,Ecobici,1322
2010-03-26,Metrobús,474823
2010-03-27,Metro,3704773
2010-03-27,Ecobici,912
2010-03-27,Metrobús,253409
2010-03-28,Metro,2543545
2010-03-28,Ecobici,881
2010-03-28,Metrobús,138666
2010-03-29,Metro,4225045
2010-03-29,Ecobici,1116
2010-03-29,Metrobús,363363
2010-03-30,Metro,4195317
2010-03-30,Ecobici,1256
2010-03-30,Metrobús,368965
2010-03-31,Metro,4248263
2010-03-31,Ecobici,1208
2010-03-31,Metrobús,368955
2010-04-01,Metro,2941674
2010-04-01,Ecobici,621
2010-04-01,Metrobús,169940
2010-04-02,Metro,2061905
2010-04-02,Ecobici,579
2010-04-02,Metrobús,114738
2010-04-03,Metro,2390052
2010-04-03,Ecobici,575
2010-04-03,Metrobús,145164
2010-04-04,Metro,1982173
2010-04-04,Ecobici,753
2010-04-04,Metrobús,108543
2010-04-05,Metro,4361983
2010-04-05,Ecobici,1358
2010-04-05,Metrobús,402153
2010-04-06,Metro,4559309
2010-04-06,Ecobici,1348
2010-04-06,Metrobús,432104
2010-04-07,Metro,4659162
2010-04-07,Ecobici,1467
2010-04-07,Metrobús,428144
2010-04-08,Metro,4667155
2010-04-08,Ecobici,1399
2010-04-08,Metrobús,425001
2010-04-09,Metro,4775594
2010-04-09,Ecobici,1434
2010-04-09,Metrobús,438329
2010-04-10,Metro,3589654
2010-04-10,Ecobici,960
2010-04-10,Metrobús,246068
2010-04-11,Metro,2476333
2010-04-11,Ecobici,1169
2010-04-11,Metrobús,135665
2010-04-12,Metro,4564753
2010-04-12,Ecobici,1441
2010-04-12,Metrobús,442994
2010-04-13,Metro,4628221
2010-04-13,Ecobici,1691
2010-04-13,Metrobús,449835
2010-04-14,Metro,4841786
2010-04-14,Ecobici,1713
2010-04-14,Metrobús,464234
2010-04-15,Metro,4805651
2010-04-15,Ecobici,1613
2010-04-15,Metrobús,456204
2010-04-16,Metro,4975672
2010-04-16,Ecobici,1567
2010-04-16,Metrobús,487401
2010-04-17,Metro,3831321
2010-04-17,Ecobici,801
2010-04-17,Metrobús,258992
2010-04-18,Metro,2435344
2010-04-18,Ecobici,1251
2010-04-18,Metrobús,146144
2010-04-19,Metro,4607914
2010-04-19,Ecobici,1761
2010-04-19,Metrobús,446188
2010-04-20,Metro,4738195
2010-04-20,Ecobici,1966
2010-04-20,Metrobús,457494
2010-04-21,Metro,4742722
2010-04-21,Ecobici,1985
2010-04-21,Metrobús,466377
2010-04-22,Metro,4751141
2010-04-22,Ecobici,2042
2010-04-22,Metrobús,455476
2010-04-23,Metro,4824712
2010-04-23,Ecobici,2013
2010-04-23,Metrobús,472260
2010-04-24,Metro,3879410
2010-04-24,Ecobici,1226
2010-04-24,Metrobús,280657
2010-04-25,Metro,2578314
2010-04-25,Ecobici,1356
2010-04-25,Metrobús,148765
2010-04-26,Metro,4654766
2010-04-26,Ecobici,2097
2010-04-26,Metrobús,438349
2010-04-27,Metro,4639849
2010-04-27,Ecobici,2222
2010-04-27,Metrobús,458290
2010-04-28,Metro,4925680
2010-04-28,Ecobici,2212
2010-04-28,Metrobús,453935
2010-04-29,Metro,4869361
2010-04-29,Ecobici,2111
2010-04-29,Metrobús,464550
2010-04-30,Metro,5049836
2010-04-30,Ecobici,2256
2010-04-30,Metrobús,488197
2010-05-01,Metro,3468033
2010-05-01,Ecobici,1204
2010-05-01,Metrobús,211564
2010-05-02,Metro,2373982
2010-05-02,Ecobici,1284
2010-05-02,Metrobús,140461
2010-05-03,Metro,4549053
2010-05-03,Ecobici,2069
2010-05-03,Metrobús,413161
2010-05-04,Metro,4616123
2010-05-04,Ecobici,2351
2010-05-04,Metrobús,431569
2010-05-05,Metro,4360124
2010-05-05,Ecobici,2194
2010-05-05,Metrobús,365096
2010-05-06,Metro,4769066
2010-05-06,Ecobici,2238
2010-05-06,Metrobús,454862
2010-05-07,Metro,5110813
2010-05-07,Ecobici,2034
2010-05-07,Metrobús,468805
2010-05-08,Metro,3985972
2010-05-08,Ecobici,1350
2010-05-08,Metrobús,272023
2010-05-09,Metro,2433603
2010-05-09,Ecobici,1165
2010-05-09,Metrobús,139390
2010-05-10,Metro,3951046
2010-05-10,Ecobici,1977
2010-05-10,Metrobús,334207
2010-05-11,Metro,4564100
2010-05-11,Ecobici,2240
2010-05-11,Metrobús,450309
2010-05-12,Metro,4873588
2010-05-12,Ecobici,2295
2010-05-12,Metrobús,459912
2010-05-13,Metro,4731553
2010-05-13,Ecobici,2201
2010-05-13,Metrobús,448842
2010-05-14,Metro,4968339
2010-05-14,Ecobici,2069
2010-05-14,Metrobús,475899
2010-05-15,Metro,3800515
2010-05-15,Ecobici,1048
2010-05-15,Metrobús,258142
2010-05-16,Metro,2486667
2010-05-16,Ecobici,991
2010-05-16,Metrobús,133682
2010-05-17,Metro,4643540
2010-05-17,Ecobici,2391
2010-05-17,Metrobús,448126
2010-05-18,Metro,4702748
2010-05-18,Ecobici,2342
2010-05-18,Metrobús,457791
2010-05-19,Metro,4883893
2010-05-19,Ecobici,2435
2010-05-19,Metrobús,463335
2010-05-20,Metro,4753916
2010-05-20,Ecobici,2411
2010-05-20,Metrobús,449254
2010-05-21,Metro,4910275
2010-05-21,Ecobici,2456
2010-05-21,Metrobús,471785
2010-05-22,Metro,3697071
2010-05-22,Ecobici,1399
2010-05-22,Metrobús,258893
2010-05-23,Metro,2456901
2010-05-23,Ecobici,1382
2010-05-23,Metrobús,137952
2010-05-24,Metro,4502442
2010-05-24,Ecobici,2460
2010-05-24,Metrobús,427910
2010-05-25,Metro,4696675
2010-05-25,Ecobici,1370
2010-05-25,Metrobús,449068
2010-05-26,Metro,4744385
2010-05-26,Ecobici,2183
2010-05-26,Metrobús,445033
2010-05-27,Metro,4699940
2010-05-27,Ecobici,2473
2010-05-27,Metrobús,448841
2010-05-28,Metro,5156257
2010-05-28,Ecobici,2138
2010-05-28,Metrobús,467849
2010-05-29,Metro,3986029
2010-05-29,Ecobici,1543
2010-05-29,Metrobús,277770
2010-05-30,Metro,2464482
2010-05-30,Ecobici,1587
2010-05-30,Metrobús,154970
2010-05-31,Metro,4587902
2010-05-31,Ecobici,2527
2010-05-31,Metrobús,447312
2010-06-01,Metro,4734581
2010-06-01,Ecobici,2709
2010-06-01,Metrobús,454268
2010-06-02,Metro,4795158
2010-06-02,Ecobici,2564
2010-06-02,Metrobús,457526
2010-06-03,Metro,4752031
2010-06-03,Ecobici,2530
2010-06-03,Metrobús,448637
2010-06-04,Metro,4870855
2010-06-04,Ecobici,2449
2010-06-04,Metrobús,480351
2010-06-05,Metro,3928663
2010-06-05,Ecobici,1440
2010-06-05,Metrobús,265417
2010-06-06,Metro,2480018
2010-06-06,Ecobici,1636
2010-06-06,Metrobús,147821
2010-06-07,Metro,4586194
2010-06-07,Ecobici,2533
2010-06-07,Metrobús,436224
2010-06-08,Metro,4553540
2010-06-08,Ecobici,2392
2010-06-08,Metrobús,441791
2010-06-09,Metro,4604938
2010-06-09,Ecobici,2738
2010-06-09,Metrobús,453291
2010-06-10,Metro,4663937
2010-06-10,Ecobici,2584
2010-06-10,Metrobús,456042
2010-06-11,Metro,4356114
2010-06-11,Ecobici,2179
2010-06-11,Metrobús,406690
2010-06-12,Metro,3674261
2010-06-12,Ecobici,1528
2010-06-12,Metrobús,242884
2010-06-13,Metro,2336866
2010-06-13,Ecobici,1428
2010-06-13,Metrobús,133518
2010-06-14,Metro,4505048
2010-06-14,Ecobici,2392
2010-06-14,Metrobús,435461
2010-06-15,Metro,4662102
2010-06-15,Ecobici,2519
2010-06-15,Metrobús,449381
2010-06-16,Metro,4599964
2010-06-16,Ecobici,1715
2010-06-16,Metrobús,440395
2010-06-17,Metro,4434192
2010-06-17,Ecobici,2479
2010-06-17,Metrobús,432024
2010-06-18,Metro,4847803
2010-06-18,Ecobici,2438
2010-06-18,Metrobús,454748
2010-06-19,Metro,3816083
2010-06-19,Ecobici,1205
2010-06-19,Metrobús,254567
2010-06-20,Metro,2324217
2010-06-20,Ecobici,1310
2010-06-20,Metrobús,141578
2010-06-21,Metro,4485326
2010-06-21,Ecobici,2093
2010-06-21,Metrobús,428720
2010-06-22,Metro,4343954
2010-06-22,Ecobici,2536
2010-06-22,Metrobús,418487
2010-06-23,Metro,4490232
2010-06-23,Ecobici,2156
2010-06-23,Metrobús,457123
2010-06-24,Metro,4478206
2010-06-24,Ecobici,2334
2010-06-24,Metrobús,431145
2010-06-25,Metro,4643014
2010-06-25,Ecobici,2568
2010-06-25,Metrobús,452344
2010-06-26,Metro,3932898
2010-06-26,Ecobici,1467
2010-06-26,Metrobús,260279
2010-06-27,Metro,2498133
2010-06-27,Ecobici,1306
2010-06-27,Metrobús,136849
2010-06-28,Metro,4543832
2010-06-28,Ecobici,2619
2010-06-28,Metrobús,422556
2010-06-29,Metro,4554740
2010-06-29,Ecobici,2485
2010-06-29,Metrobús,435825
2010-06-30,Metro,4601031
2010-06-30,Ecobici,2375
2010-06-30,Metrobús,445210
2010-07-01,Metro,4645783
2010-07-01,Ecobici,1991
2010-07-01,Metrobús,448987
2010-07-02,Metro,4702557
2010-07-02,Ecobici,1620
2010-07-02,Metrobús,456287
2010-07-03,Metro,3735376
2010-07-03,Ecobici,1207
2010-07-03,Metrobús,241937
2010-07-04,Metro,2324516
2010-07-04,Ecobici,1292
2010-07-04,Metrobús,140319
2010-07-05,Metro,4438260
2010-07-05,Ecobici,2025
2010-07-05,Metrobús,415892
2010-07-06,Metro,4368977
2010-07-06,Ecobici,1648
2010-07-06,Metrobús,415977
2010-07-07,Metro,4420178
2010-07-07,Ecobici,2001
2010-07-07,Metrobús,415120
2010-07-08,Metro,4406330
2010-07-08,Ecobici,2095
2010-07-08,Metrobús,418173
2010-07-09,Metro,4291651
2010-07-09,Ecobici,1538
2010-07-09,Metrobús,426247
2010-07-10,Metro,3434440
2010-07-10,Ecobici,983
2010-07-10,Metrobús,218785
2010-07-11,Metro,2183430
2010-07-11,Ecobici,1313
2010-07-11,Metrobús,127219
2010-07-12,Metro,4341720
2010-07-12,Ecobici,2314
2010-07-12,Metrobús,388565
2010-07-13,Metro,4356926
2010-07-13,Ecobici,2924
2010-07-13,Metrobús,418028
2010-07-14,Metro,4547474
2010-07-14,Ecobici,2736
2010-07-14,Metrobús,405760
2010-07-15,Metro,4528878
2010-07-15,Ecobici,2685
2010-07-15,Metrobús,430720
2010-07-16,Metro,4765035
2010-07-16,Ecobici,2674
2010-07-16,Metrobús,438717
2010-07-17,Metro,3784177
2010-07-17,Ecobici,1336
2010-07-17,Metrobús,248315
2010-07-18,Metro,2436629
2010-07-18,Ecobici,1174
2010-07-18,Metrobús,145911
2010-07-19,Metro,4396834
2010-07-19,Ecobici,2504
2010-07-19,Metrobús,398471
2010-07-20,Metro,4388824
2010-07-20,Ecobici,1929
2010-07-20,Metrobús,405573
2010-07-21,Metro,4456588
2010-07-21,Ecobici,2714
2010-07-21,Metrobús,411425
2010-07-22,Metro,4271727
2010-07-22,Ecobici,1722
2010-07-22,Metrobús,398623
2010-07-23,Metro,4245595
2010-07-23,Ecobici,1607
2010-07-23,Metrobús,415567
2010-07-24,Metro,3372563
2010-07-24,Ecobici,568
2010-07-24,Metrobús,219834
2010-07-25,Metro,2207698
2010-07-25,Ecobici,924
2010-07-25,Metrobús,131559
2010-07-26,Metro,4195941
2010-07-26,Ecobici,2409
2010-07-26,Metrobús,405663
2010-07-27,Metro,4395300
2010-07-27,Ecobici,2722
2010-07-27,Metrobús,420515
2010-07-28,Metro,4607152
2010-07-28,Ecobici,1881
2010-07-28,Metrobús,422452
2010-07-29,Metro,4488115
2010-07-29,Ecobici,2588
2010-07-29,Metrobús,424535
2010-07-30,Metro,4755370
2010-07-30,Ecobici,2469
2010-07-30,Metrobús,447781
2010-07-31,Metro,3828887
2010-07-31,Ecobici,1181
2010-07-31,Metrobús,261449
2010-08-01,Metro,2569045
2010-08-01,Ecobici,1509
2010-08-01,Metrobús,152772
2010-08-02,Metro,4725895
2010-08-02,Ecobici,2606
2010-08-02,Metrobús,449014
2010-08-03,Metro,4906445
2010-08-03,Ecobici,2898
2010-08-03,Metrobús,450945
2010-08-04,Metro,4902759
2010-08-04,Ecobici,2760
2010-08-04,Metrobús,457045
2010-08-05,Metro,4845971
2010-08-05,Ecobici,2917
2010-08-05,Metrobús,458712
2010-08-06,Metro,4908419
2010-08-06,Ecobici,2742
2010-08-06,Metrobús,469454
2010-08-07,Metro,3959035
2010-08-07,Ecobici,1268
2010-08-07,Metrobús,251176
2010-08-08,Metro,2505682
2010-08-08,Ecobici,1458
2010-08-08,Metrobús,146622
2010-08-09,Metro,4691669
2010-08-09,Ecobici,2614
2010-08-09,Metrobús,445243
2010-08-10,Metro,4782168
2010-08-10,Ecobici,3047
2010-08-10,Metrobús,461073
2010-08-11,Metro,4741564
2010-08-11,Ecobici,2485
2010-08-11,Metrobús,510363
2010-08-12,Metro,4892735
2010-08-12,Ecobici,2809
2010-08-12,Metrobús,467641
2010-08-13,Metro,5079732
2010-08-13,Ecobici,2479
2010-08-13,Metrobús,492359
2010-08-14,Metro,4102826
2010-08-14,Ecobici,1692
2010-08-14,Metrobús,267180
2010-08-15,Metro,2593521
2010-08-15,Ecobici,1565
2010-08-15,Metrobús,146295
2010-08-16,Metro,4941453
2010-08-16,Ecobici,3159
2010-08-16,Metrobús,461078
2010-08-17,Metro,4995456
2010-08-17,Ecobici,3217
2010-08-17,Metrobús,469091
2010-08-18,Metro,4958411
2010-08-18,Ecobici,2975
2010-08-18,Metrobús,474604
2010-08-19,Metro,4898341
2010-08-19,Ecobici,3033
2010-08-19,Metrobús,475003
2010-08-20,Metro,5122782
2010-08-20,Ecobici,3300
2010-08-20,Metrobús,494477
2010-08-21,Metro,4190456
2010-08-21,Ecobici,1567
2010-08-21,Metrobús,261769
2010-08-22,Metro,2556129
2010-08-22,Ecobici,1950
2010-08-22,Metrobús,149912
2010-08-23,Metro,4817304
2010-08-23,Ecobici,3458
2010-08-23,Metrobús,463324
2010-08-24,Metro,4915962
2010-08-24,Ecobici,3580
2010-08-24,Metrobús,473503
2010-08-25,Metro,4950420
2010-08-25,Ecobici,3119
2010-08-25,Metrobús,484743
2010-08-26,Metro,4867695
2010-08-26,Ecobici,3680
2010-08-26,Metrobús,479275
2010-08-27,Metro,5063677
2010-08-27,Ecobici,3531
2010-08-27,Metrobús,497329
2010-08-28,Metro,4157771
2010-08-28,Ecobici,1948
2010-08-28,Metrobús,275791
2010-08-29,Metro,2568135
2010-08-29,Ecobici,2051
2010-08-29,Metrobús,145239
2010-08-30,Metro,4839265
2010-08-30,Ecobici,3784
2010-08-30,Metrobús,469929
2010-08-31,Metro,4959727
2010-08-31,Ecobici,3120
2010-08-31,Metrobús,483138
2010-09-01,Metro,4789092
2010-09-01,Ecobici,3746
2010-09-01,Metrobús,494529
2010-09-02,Metro,4795020
2010-09-02,Ecobici,3381
2010-09-02,Metrobús,492448
2010-09-03,Metro,4981357
2010-09-03,Ecobici,3946
2010-09-03,Metrobús,518440
2010-09-04,Metro,3869276
2010-09-04,Ecobici,1880
2010-09-04,Metrobús,271677
2010-09-05,Metro,2246620
2010-09-05,Ecobici,1056
2010-09-05,Metrobús,132344
2010-09-06,Metro,4524996
2010-09-06,Ecobici,3101
2010-09-06,Metrobús,474137
2010-09-07,Metro,4766757
2010-09-07,Ecobici,3928
2010-09-07,Metrobús,488703
2010-09-08,Metro,4840691
2010-09-08,Ecobici,4352
2010-09-08,Metrobús,491867
2010-09-09,Metro,4805265
2010-09-09,Ecobici,3885
2010-09-09,Metrobús,492708
2010-09-10,Metro,4815822
2010-09-10,Ecobici,4249
2010-09-10,Metrobús,523256
2010-09-11,Metro,4061549
2010-09-11,Ecobici,2501
2010-09-11,Metrobús,273226
2010-09-12,Metro,2583819
2010-09-12,Ecobici,2537
2010-09-12,Metrobús,137535
2010-09-13,Metro,4716063
2010-09-13,Ecobici,4312
2010-09-13,Metrobús,491208
2010-09-14,Metro,4905072
2010-09-14,Ecobici,3444
2010-09-14,Metrobús,506650
2010-09-15,Metro,3896690
2010-09-15,Ecobici,2788
2010-09-15,Metrobús,300430
2010-09-16,Metro,2429610
2010-09-16,Ecobici,1733
2010-09-16,Metrobús,127421
2010-09-17,Metro,3171863
2010-09-17,Ecobici,1714
2010-09-17,Metrobús,262791
2010-09-18,Metro,3246297
2010-09-18,Ecobici,1879
2010-09-18,Metrobús,228325
2010-09-19,Metro,2167934
2010-09-19,Ecobici,2358
2010-09-19,Metrobús,133093
2010-09-20,Metro,4675722
2010-09-20,Ecobici,4130
2010-09-20,Metrobús,490209
2010-09-21,Metro,4700848
2010-09-21,Ecobici,4202
2010-09-21,Metrobús,479985
2010-09-22,Metro,4632722
2010-09-22,Ecobici,3990
2010-09-22,Metrobús,493293
2010-09-23,Metro,4699677
2010-09-23,Ecobici,4105
2010-09-23,Metrobús,488745
2010-09-24,Metro,4765931
2010-09-24,Ecobici,3496
2010-09-24,Metrobús,508079
2010-09-25,Metro,3785152
2010-09-25,Ecobici,2326
2010-09-25,Metrobús,276045
2010-09-26,Metro,2438652
2010-09-26,Ecobici,2723
2010-09-26,Metrobús,154609
2010-09-27,Metro,4521522
2010-09-27,Ecobici,4371
2010-09-27,Metrobús,479070
2010-09-28,Metro,4696031
2010-09-28,Ecobici,4579
2010-09-28,Metrobús,493394
2010-09-29,Metro,4731992
2010-09-29,Ecobici,4689
2010-09-29,Metrobús,502815
2010-09-30,Metro,4698988
2010-09-30,Ecobici,4774
2010-09-30,Metrobús,506038
2010-10-01,Metro,5207167
2010-10-01,Ecobici,4608
2010-10-01,Metrobús,520974
2010-10-02,Metro,4198474
2010-10-02,Ecobici,2543
2010-10-02,Metrobús,287915
2010-10-03,Metro,2585450
2010-10-03,Ecobici,2577
2010-10-03,Metrobús,169456
2010-10-04,Metro,4839040
2010-10-04,Ecobici,4478
2010-10-04,Metrobús,481487
2010-10-05,Metro,5020500
2010-10-05,Ecobici,4804
2010-10-05,Metrobús,489069
2010-10-06,Metro,5011764
2010-10-06,Ecobici,4671
2010-10-06,Metrobús,497272
2010-10-07,Metro,5027296
2010-10-07,Ecobici,4602
2010-10-07,Metrobús,497228
2010-10-08,Metro,5227532
2010-10-08,Ecobici,5536
2010-10-08,Metrobús,529469
2010-10-09,Metro,4198895
2010-10-09,Ecobici,2663
2010-10-09,Metrobús,304958
2010-10-10,Metro,2605009
2010-10-10,Ecobici,2446
2010-10-10,Metrobús,163156
2010-10-11,Metro,4851573
2010-10-11,Ecobici,4672
2010-10-11,Metrobús,480548
2010-10-12,Metro,5030510
2010-10-12,Ecobici,5074
2010-10-12,Metrobús,481771
2010-10-13,Metro,5116041
2010-10-13,Ecobici,5099
2010-10-13,Metrobús,492162
2010-10-14,Metro,5105674
2010-10-14,Ecobici,4756
2010-10-14,Metrobús,492333
2010-10-15,Metro,5257400
2010-10-15,Ecobici,4818
2010-10-15,Metrobús,522224
2010-10-16,Metro,4264998
2010-10-16,Ecobici,2667
2010-10-16,Metrobús,311494
2010-10-17,Metro,2666419
2010-10-17,Ecobici,2861
2010-10-17,Metrobús,161345
2010-10-18,Metro,4914754
2010-10-18,Ecobici,4911
2010-10-18,Metrobús,488209
2010-10-19,Metro,4977117
2010-10-19,Ecobici,5350
2010-10-19,Metrobús,489051
2010-10-20,Metro,4962034
2010-10-20,Ecobici,5320
2010-10-20,Metrobús,499142
2010-10-21,Metro,4961204
2010-10-21,Ecobici,5247
2010-10-21,Metrobús,495383
2010-10-22,Metro,4944562
2010-10-22,Ecobici,5031
2010-10-22,Metrobús,519885
2010-10-23,Metro,4188254
2010-10-23,Ecobici,2982
2010-10-23,Metrobús,281616
2010-10-24,Metro,2621615
2010-10-24,Ecobici,3136
2010-10-24,Metrobús,155075
2010-10-25,Metro,4826476
2010-10-25,Ecobici,5190
2010-10-25,Metrobús,480730
2010-10-26,Metro,4948701
2010-10-26,Ecobici,5394
2010-10-26,Metrobús,493015
2010-10-27,Metro,5060155
2010-10-27,Ecobici,5557
2010-10-27,Metrobús,497790
2010-10-28,Metro,5225186
2010-10-28,Ecobici,5388
2010-10-28,Metrobús,506666
2010-10-29,Metro,5002445
2010-10-29,Ecobici,4701
2010-10-29,Metrobús,524910
2010-10-30,Metro,4061269
2010-10-30,Ecobici,2643
2010-10-30,Metrobús,279901
2010-10-31,Metro,2684455
2010-10-31,Ecobici,2560
2010-10-31,Metrobús,150226
2010-11-01,Metro,3891917
2010-11-01,Ecobici,4354
2010-11-01,Metrobús,339306
2010-11-02,Metro,2890193
2010-11-02,Ecobici,3703
2010-11-02,Metrobús,200590
2010-11-03,Metro,4771217
2010-11-03,Ecobici,4980
2010-11-03,Metrobús,492876
2010-11-04,Metro,4956821
2010-11-04,Ecobici,4940
2010-11-04,Metrobús,496945
2010-11-05,Metro,5066669
2010-11-05,Ecobici,4687
2010-11-05,Metrobús,519756
2010-11-06,Metro,3997212
2010-11-06,Ecobici,2468
2010-11-06,Metrobús,282977
2010-11-07,Metro,2458583
2010-11-07,Ecobici,2535
2010-11-07,Metrobús,158764
2010-11-08,Metro,4728693
2010-11-08,Ecobici,4639
2010-11-08,Metrobús,486901
2010-11-09,Metro,4884366
2010-11-09,Ecobici,4985
2010-11-09,Metrobús,492289
2010-11-10,Metro,4893974
2010-11-10,Ecobici,5076
2010-11-10,Metrobús,502246
2010-11-11,Metro,5099041
2010-11-11,Ecobici,5183
2010-11-11,Metrobús,497978
2010-11-12,Metro,5238240
2010-11-12,Ecobici,5089
2010-11-12,Metrobús,532059
2010-11-13,Metro,4212516
2010-11-13,Ecobici,2263
2010-11-13,Metrobús,281820
2010-11-14,Metro,2734158
2010-11-14,Ecobici,2530
2010-11-14,Metrobús,154693
2010-11-15,Metro,2993315
2010-11-15,Ecobici,2739
2010-11-15,Metrobús,183120
2010-11-16,Metro,4871369
2010-11-16,Ecobici,4802
2010-11-16,Metrobús,500306
2010-11-17,Metro,5036290
2010-11-17,Ecobici,5520
2010-11-17,Metrobús,516768
2010-11-18,Metro,5233219
2010-11-18,Ecobici,5020
2010-11-18,Metrobús,504279
2010-11-19,Metro,5229082
2010-11-19,Ecobici,5304
2010-11-19,Metrobús,532881
2010-11-20,Metro,4086014
2010-11-20,Ecobici,3006
2010-11-20,Metrobús,304655
2010-11-21,Metro,2736512
2010-11-21,Ecobici,3158
2010-11-21,Metrobús,168134
2010-11-22,Metro,4901362
2010-11-22,Ecobici,5400
2010-11-22,Metrobús,486269
2010-11-23,Metro,4996138
2010-11-23,Ecobici,5799
2010-11-23,Metrobús,498327
2010-11-24,Metro,5160181
2010-11-24,Ecobici,5958
2010-11-24,Metrobús,503483
2010-11-25,Metro,5140620
2010-11-25,Ecobici,5750
2010-11-25,Metrobús,511256
2010-11-26,Metro,5237276
2010-11-26,Ecobici,5602
2010-11-26,Metrobús,520512
2010-11-27,Metro,4208074
2010-11-27,Ecobici,3391
2010-11-27,Metrobús,295596
2010-11-28,Metro,2850181
2010-11-28,Ecobici,3254
2010-11-28,Metrobús,160166
2010-11-29,Metro,4862020
2010-11-29,Ecobici,5770
2010-11-29,Metrobús,486063
2010-11-30,Metro,5088513
2010-11-30,Ecobici,6195
2010-11-30,Metrobús,503542
2010-12-01,Metro,5136140
2010-12-01,Ecobici,6479
2010-12-01,Metrobús,504386
2010-12-02,Metro,4985546
2010-12-02,Ecobici,5794
2010-12-02,Metrobús,505184
2010-12-03,Metro,5203857
2010-12-03,Ecobici,5733
2010-12-03,Metrobús,535190
2010-12-04,Metro,4299830
2010-12-04,Ecobici,3029
2010-12-04,Metrobús,296783
2010-12-05,Metro,2798544
2010-12-05,Ecobici,3194
2010-12-05,Metrobús,164354
2010-12-06,Metro,4764664
2010-12-06,Ecobici,5510
2010-12-06,Metrobús,480976
2010-12-07,Metro,5003353
2010-12-07,Ecobici,5457
2010-12-07,Metrobús,483934
2010-12-08,Metro,4975397
2010-12-08,Ecobici,6044
2010-12-08,Metrobús,484930
2010-12-09,Metro,5078625
2010-12-09,Ecobici,5729
2010-12-09,Metrobús,484107
2010-12-10,Metro,5192893
2010-12-10,Ecobici,5666
2010-12-10,Metrobús,511037
2010-12-11,Metro,4419105
2010-12-11,Ecobici,3106
2010-12-11,Metrobús,285596
2010-12-12,Metro,2866599
2010-12-12,Ecobici,3149
2010-12-12,Metrobús,157379
2010-12-13,Metro,4680375
2010-12-13,Ecobici,5632
2010-12-13,Metrobús,456307
2010-12-14,Metro,4865350
2010-12-14,Ecobici,6032
2010-12-14,Metrobús,483233
2010-12-15,Metro,4877843
2010-12-15,Ecobici,6393
2010-12-15,Metrobús,488767
2010-12-16,Metro,4888875
2010-12-16,Ecobici,6280
2010-12-16,Metrobús,489360
2010-12-17,Metro,4974528
2010-12-17,Ecobici,6074
2010-12-17,Metrobús,486617
2010-12-18,Metro,4204688
2010-12-18,Ecobici,3007
2010-12-18,Metrobús,278577
2010-12-19,Metro,3062941
2010-12-19,Ecobici,2894
2010-12-19,Metrobús,174423
2010-12-20,Metro,4810084
2010-12-20,Ecobici,5678
2010-12-20,Metrobús,430147
2010-12-21,Metro,4685875
2010-12-21,Ecobici,5795
2010-12-21,Metrobús,414963
2010-12-22,Metro,4678467
2010-12-22,Ecobici,5572
2010-12-22,Metrobús,410788
2010-12-23,Metro,4656351
2010-12-23,Ecobici,4907
2010-12-23,Metrobús,380767
2010-12-24,Metro,3576200
2010-12-24,Ecobici,3036
2010-12-24,Metrobús,243809
2010-12-25,Metro,1824678
2010-12-25,Ecobici,1100
2010-12-25,Metrobús,86463
2010-12-26,Metro,2247382
2010-12-26,Ecobici,2224
2010-12-26,Metrobús,129462
2010-12-27,Metro,4003442
2010-12-27,Ecobici,4007
2010-12-27,Metrobús,298441
2010-12-28,Metro,4085624
2010-12-28,Ecobici,3988
2010-12-28,Metrobús,307910
2010-12-29,Metro,4195907
2010-12-29,Ecobici,3992
2010-12-29,Metrobús,314024
2010-12-30,Metro,4282717
2010-12-30,Ecobici,3863
2010-12-30,Metrobús,309803
2010-12-31,Metro,3362741
2010-12-31,Ecobici,2467
2010-12-31,Metrobús,214148
2011-01-01,Metro,1544265
2011-01-01,Ecobici,1064
2011-01-01,Metrobús,86741
2011-01-02,Metro,2609379
2011-01-02,Ecobici,2829
2011-01-02,Metrobús,129305
2011-01-03,Metro,4958860
2011-01-03,Ecobici,5214
2011-01-03,Metrobús,356958
2011-01-04,Metro,4511798
2011-01-04,Ecobici,5992
2011-01-04,Metrobús,382798
2011-01-05,Metro,4558182
2011-01-05,Ecobici,6667
2011-01-05,Metrobús,412471
2011-01-06,Metro,3962544
2011-01-06,Ecobici,6531
2011-01-06,Metrobús,377542
2011-01-07,Metro,4329919
2011-01-07,Ecobici,6218
2011-01-07,Metrobús,411245
2011-01-08,Metro,3798123
2011-01-08,Ecobici,3563
2011-01-08,Metrobús,249839
2011-01-09,Metro,2460826
2011-01-09,Ecobici,4236
2011-01-09,Metrobús,142653
2011-01-10,Metro,5203771
2011-01-10,Ecobici,7257
2011-01-10,Metrobús,452936
2011-01-11,Metro,4425387
2011-01-11,Ecobici,7086
2011-01-11,Metrobús,458451
2011-01-12,Metro,4304536
2011-01-12,Ecobici,7014
2011-01-12,Metrobús,462390
2011-01-13,Metro,4251712
2011-01-13,Ecobici,6340
2011-01-13,Metrobús,454224
2011-01-14,Metro,4803714
2011-01-14,Ecobici,7037
2011-01-14,Metrobús,485929
2011-01-15,Metro,4265566
2011-01-15,Ecobici,3770
2011-01-15,Metrobús,266900
2011-01-16,Metro,2629641
2011-01-16,Ecobici,4750
2011-01-16,Metrobús,158169
2011-01-17,Metro,5568859
2011-01-17,Ecobici,7659
2011-01-17,Metrobús,466272
2011-01-18,Metro,4645329
2011-01-18,Ecobici,7932
2011-01-18,Metrobús,477960
2011-01-19,Metro,4380005
2011-01-19,Ecobici,8365
2011-01-19,Metrobús,478400
2011-01-20,Metro,4273884
2011-01-20,Ecobici,8043
2011-01-20,Metrobús,480178
2011-01-21,Metro,4523817
2011-01-21,Ecobici,8146
2011-01-21,Metrobús,494273
2011-01-22,Metro,3996433
2011-01-22,Ecobici,4159
2011-01-22,Metrobús,285796
2011-01-23,Metro,2488281
2011-01-23,Ecobici,5370
2011-01-23,Metrobús,152334
2011-01-24,Metro,5325857
2011-01-24,Ecobici,8258
2011-01-24,Metrobús,478223
2011-01-25,Metro,4576238
2011-01-25,Ecobici,7930
2011-01-25,Metrobús,482369
2011-01-26,Metro,4443054
2011-01-26,Ecobici,8427
2011-01-26,Metrobús,485475
2011-01-27,Metro,4356202
2011-01-27,Ecobici,7978
2011-01-27,Metrobús,480568
2011-01-28,Metro,5040927
2011-01-28,Ecobici,7554
2011-01-28,Metrobús,513370
2011-01-29,Metro,4296747
2011-01-29,Ecobici,4426
2011-01-29,Metrobús,281631
2011-01-30,Metro,2669916
2011-01-30,Ecobici,5590
2011-01-30,Metrobús,163412
2011-01-31,Metro,6127979
2011-01-31,Ecobici,8649
2011-01-31,Metrobús,496653
2011-02-01,Metro,5138877
2011-02-01,Ecobici,8052
2011-02-01,Metrobús,504669
2011-02-02,Metro,4609400
2011-02-02,Ecobici,7348
2011-02-02,Metrobús,495690
2011-02-03,Metro,4433246
2011-02-03,Ecobici,8216
2011-02-03,Metrobús,499505
2011-02-04,Metro,4647416
2011-02-04,Ecobici,8031
2011-02-04,Metrobús,516034
2011-02-05,Metro,3976723
2011-02-05,Ecobici,4140
2011-02-05,Metrobús,285740
2011-02-06,Metro,2373075
2011-02-06,Ecobici,4488
2011-02-06,Metrobús,151176
2011-02-07,Metro,2844320
2011-02-07,Ecobici,4225
2011-02-07,Metrobús,183048
2011-02-08,Metro,5256251
2011-02-08,Ecobici,8898
2011-02-08,Metrobús,507325
2011-02-09,Metro,4592114
2011-02-09,Ecobici,9325
2011-02-09,Metrobús,611174
2011-02-10,Metro,4477422
2011-02-10,Ecobici,9375
2011-02-10,Metrobús,609707
2011-02-11,Metro,4710603
2011-02-11,Ecobici,8935
2011-02-11,Metrobús,632911
2011-02-12,Metro,4185370
2011-02-12,Ecobici,4574
2011-02-12,Metrobús,386117
2011-02-13,Metro,2625407
2011-02-13,Ecobici,5705
2011-02-13,Metrobús,235044
2011-02-14,Metro,5630669
2011-02-14,Ecobici,8908
2011-02-14,Metrobús,612266
2011-02-15,Metro,5381590
2011-02-15,Ecobici,9434
2011-02-15,Metrobús,615282
2011-02-16,Metro,5095906
2011-02-16,Ecobici,9181
2011-02-16,Metrobús,620496
2011-02-17,Metro,4652017
2011-02-17,Ecobici,9265
2011-02-17,Metrobús,610752
2011-02-18,Metro,4730886
2011-02-18,Ecobici,7038
2011-02-18,Metrobús,639843
2011-02-19,Metro,4159625
2011-02-19,Ecobici,5024
2011-02-19,Metrobús,389348
2011-02-20,Metro,2566639
2011-02-20,Ecobici,5671
2011-02-20,Metrobús,226924
2011-02-21,Metro,5523299
2011-02-21,Ecobici,9070
2011-02-21,Metrobús,597349
2011-02-22,Metro,4625800
2011-02-22,Ecobici,9827
2011-02-22,Metrobús,619911
2011-02-23,Metro,4461186
2011-02-23,Ecobici,9445
2011-02-23,Metrobús,629105
2011-02-24,Metro,4402695
2011-02-24,Ecobici,9753
2011-02-24,Metrobús,617938
2011-02-25,Metro,4931286
2011-02-25,Ecobici,9391
2011-02-25,Metrobús,643950
2011-02-26,Metro,4385095
2011-02-26,Ecobici,5195
2011-02-26,Metrobús,388769
2011-02-27,Metro,2761585
2011-02-27,Ecobici,5588
2011-02-27,Metrobús,224114
2011-02-28,Metro,6257109
2011-02-28,Ecobici,9365
2011-02-28,Metrobús,624551
2011-03-01,Metro,5363212
2011-03-01,Ecobici,9935
2011-03-01,Metrobús,630903
2011-03-02,Metro,4838676
2011-03-02,Ecobici,9956
2011-03-02,Metrobús,631035
2011-03-03,Metro,4544100
2011-03-03,Ecobici,10014
2011-03-03,Metrobús,632181
2011-03-04,Metro,4739319
2011-03-04,Ecobici,9920
2011-03-04,Metrobús,645788
2011-03-05,Metro,4198902
2011-03-05,Ecobici,4655
2011-03-05,Metrobús,400589
2011-03-06,Metro,2575731
2011-03-06,Ecobici,4863
2011-03-06,Metrobús,210760
2011-03-07,Metro,5531964
2011-03-07,Ecobici,9472
2011-03-07,Metrobús,605773
2011-03-08,Metro,4608761
2011-03-08,Ecobici,10202
2011-03-08,Metrobús,617672
2011-03-09,Metro,4444844
2011-03-09,Ecobici,10126
2011-03-09,Metrobús,623683
2011-03-10,Metro,4430654
2011-03-10,Ecobici,9656
2011-03-10,Metrobús,625318
2011-03-11,Metro,4679848
2011-03-11,Ecobici,9725
2011-03-11,Metrobús,643675
2011-03-12,Metro,4167977
2011-03-12,Ecobici,5218
2011-03-12,Metrobús,388989
2011-03-13,Metro,2558160
2011-03-13,Ecobici,5501
2011-03-13,Metrobús,214610
2011-03-14,Metro,5757585
2011-03-14,Ecobici,8959
2011-03-14,Metrobús,607864
2011-03-15,Metro,5337845
2011-03-15,Ecobici,9703
2011-03-15,Metrobús,626570
2011-03-16,Metro,5052602
2011-03-16,Ecobici,10107
2011-03-16,Metrobús,634784
2011-03-17,Metro,4616627
2011-03-17,Ecobici,9655
2011-03-17,Metrobús,626814
2011-03-18,Metro,4692903
2011-03-18,Ecobici,9865
2011-03-18,Metrobús,643010
2011-03-19,Metro,4073443
2011-03-19,Ecobici,4324
2011-03-19,Metrobús,373500
2011-03-20,Metro,2418167
2011-03-20,Ecobici,4942
2011-03-20,Metrobús,218424
2011-03-21,Metro,2642530
2011-03-21,Ecobici,4338
2011-03-21,Metrobús,229174
2011-03-22,Metro,5276433
2011-03-22,Ecobici,9618
2011-03-22,Metrobús,611905
2011-03-23,Metro,4545785
2011-03-23,Ecobici,10215
2011-03-23,Metrobús,624421
2011-03-24,Metro,4357554
2011-03-24,Ecobici,10212
2011-03-24,Metrobús,618567
2011-03-25,Metro,4648171
2011-03-25,Ecobici,9914
2011-03-25,Metrobús,638424
2011-03-26,Metro,3998168
2011-03-26,Ecobici,5458
2011-03-26,Metrobús,377211
2011-03-27,Metro,2465411
2011-03-27,Ecobici,5331
2011-03-27,Metrobús,207366
2011-03-28,Metro,5506720
2011-03-28,Ecobici,9889
2011-03-28,Metrobús,606625
2011-03-29,Metro,4732113
2011-03-29,Ecobici,10419
2011-03-29,Metrobús,609454
2011-03-30,Metro,4857022
2011-03-30,Ecobici,10743
2011-03-30,Metrobús,619886
2011-03-31,Metro,5035255
2011-03-31,Ecobici,10215
2011-03-31,Metrobús,626603
2011-04-01,Metro,5111882
2011-04-01,Ecobici,10066
2011-04-01,Metrobús,658031
2011-04-02,Metro,4309220
2011-04-02,Ecobici,4900
2011-04-02,Metrobús,393093
2011-04-03,Metro,2572966
2011-04-03,Ecobici,5315
2011-04-03,Metrobús,212710
2011-04-04,Metro,5617780
2011-04-04,Ecobici,9945
2011-04-04,Metrobús,607515
2011-04-05,Metro,4711874
2011-04-05,Ecobici,10697
2011-04-05,Metrobús,631039
2011-04-06,Metro,4508873
2011-04-06,Ecobici,10700
2011-04-06,Metrobús,636317
2011-04-07,Metro,4394885
2011-04-07,Ecobici,10485
2011-04-07,Metrobús,620541
2011-04-08,Metro,4676897
2011-04-08,Ecobici,10316
2011-04-08,Metrobús,640980
2011-04-09,Metro,4124788
2011-04-09,Ecobici,5015
2011-04-09,Metrobús,392386
2011-04-10,Metro,2505752
2011-04-10,Ecobici,5167
2011-04-10,Metrobús,210033
2011-04-11,Metro,5413134
2011-04-11,Ecobici,9752
2011-04-11,Metrobús,604510
2011-04-12,Metro,4646564
2011-04-12,Ecobici,10185
2011-04-12,Metrobús,629327
2011-04-13,Metro,4558542
2011-04-13,Ecobici,10264
2011-04-13,Metrobús,634410
2011-04-14,Metro,4712362
2011-04-14,Ecobici,9930
2011-04-14,Metrobús,632451
2011-04-15,Metro,5210873
2011-04-15,Ecobici,8827
2011-04-15,Metrobús,666647
2011-04-16,Metro,4299781
2011-04-16,Ecobici,3940
2011-04-16,Metrobús,376588
2011-04-17,Metro,2561711
2011-04-17,Ecobici,3957
2011-04-17,Metrobús,204899
2011-04-18,Metro,4784860
2011-04-18,Ecobici,7498
2011-04-18,Metrobús,505309
2011-04-19,Metro,3987429
2011-04-19,Ecobici,7732
2011-04-19,Metrobús,501424
2011-04-20,Metro,3949436
2011-04-20,Ecobici,7672
2011-04-20,Metrobús,491725
2011-04-21,Metro,2522959
2011-04-21,Ecobici,3969
2011-04-21,Metrobús,249117
2011-04-22,Metro,1719406
2011-04-22,Ecobici,3252
2011-04-22,Metrobús,171089
2011-04-23,Metro,2202025
2011-04-23,Ecobici,3097
2011-04-23,Metrobús,214066
2011-04-24,Metro,1979773
2011-04-24,Ecobici,4349
2011-04-24,Metrobús,169418
2011-04-25,Metro,5076525
2011-04-25,Ecobici,8330
2011-04-25,Metrobús,540662
2011-04-26,Metro,4455744
2011-04-26,Ecobici,9245
2011-04-26,Metrobús,567726
2011-04-27,Metro,4348407
2011-04-27,Ecobici,9236
2011-04-27,Metrobús,578157
2011-04-28,Metro,4542248
2011-04-28,Ecobici,9174
2011-04-28,Metrobús,580909
2011-04-29,Metro,4970130
2011-04-29,Ecobici,8977
2011-04-29,Metrobús,609476
2011-04-30,Metro,4292472
2011-04-30,Ecobici,4498
2011-04-30,Metrobús,372486
2011-05-01,Metro,2723130
2011-05-01,Ecobici,4246
2011-05-01,Metrobús,210510
2011-05-02,Metro,5760439
2011-05-02,Ecobici,8585
2011-05-02,Metrobús,596133
2011-05-03,Metro,4770617
2011-05-03,Ecobici,9174
2011-05-03,Metrobús,622455
2011-05-04,Metro,4477926
2011-05-04,Ecobici,9461
2011-05-04,Metrobús,631181
2011-05-05,Metro,4063993
2011-05-05,Ecobici,8149
2011-05-05,Metrobús,521176
2011-05-06,Metro,4683116
2011-05-06,Ecobici,9038
2011-05-06,Metrobús,629519
2011-05-07,Metro,4055589
2011-05-07,Ecobici,4416
2011-05-07,Metrobús,388454
2011-05-08,Metro,2569031
2011-05-08,Ecobici,4399
2011-05-08,Metrobús,217065
2011-05-09,Metro,5309914
2011-05-09,Ecobici,8876
2011-05-09,Metrobús,600961
2011-05-10,Metro,3785092
2011-05-10,Ecobici,7399
2011-05-10,Metrobús,464418
2011-05-11,Metro,4621436
2011-05-11,Ecobici,8197
2011-05-11,Metrobús,614044
2011-05-12,Metro,4476068
2011-05-12,Ecobici,8811
2011-05-12,Metrobús,625358
2011-05-13,Metro,5092967
2011-05-13,Ecobici,8924
2011-05-13,Metrobús,651551
2011-05-14,Metro,4396343
2011-05-14,Ecobici,4583
2011-05-14,Metrobús,391197
2011-05-15,Metro,2589243
2011-05-15,Ecobici,4282
2011-05-15,Metrobús,214296
2011-05-16,Metro,5846606
2011-05-16,Ecobici,8787
2011-05-16,Metrobús,606044
2011-05-17,Metro,4848067
2011-05-17,Ecobici,9495
2011-05-17,Metrobús,616694
2011-05-18,Metro,4566866
2011-05-18,Ecobici,9012
2011-05-18,Metrobús,627324
2011-05-19,Metro,4367136
2011-05-19,Ecobici,9270
2011-05-19,Metrobús,616377
2011-05-20,Metro,4674453
2011-05-20,Ecobici,8724
2011-05-20,Metrobús,643746
2011-05-21,Metro,4114060
2011-05-21,Ecobici,4852
2011-05-21,Metrobús,403747
2011-05-22,Metro,2479506
2011-05-22,Ecobici,4732
2011-05-22,Metrobús,224596
2011-05-23,Metro,5351155
2011-05-23,Ecobici,9032
2011-05-23,Metrobús,596309
2011-05-24,Metro,4541061
2011-05-24,Ecobici,9510
2011-05-24,Metrobús,615177
2011-05-25,Metro,4462867
2011-05-25,Ecobici,9544
2011-05-25,Metrobús,618234
2011-05-26,Metro,4388334
2011-05-26,Ecobici,9048
2011-05-26,Metrobús,613181
2011-05-27,Metro,4712259
2011-05-27,Ecobici,9100
2011-05-27,Metrobús,637455
2011-05-28,Metro,4160831
2011-05-28,Ecobici,4781
2011-05-28,Metrobús,398203
2011-05-29,Metro,2577728
2011-05-29,Ecobici,5036
2011-05-29,Metrobús,227982
2011-05-30,Metro,5620468
2011-05-30,Ecobici,8680
2011-05-30,Metrobús,599212
2011-05-31,Metro,5238781
2011-05-31,Ecobici,9982
2011-05-31,Metrobús,626257
2011-06-01,Metro,4971788
2011-06-01,Ecobici,9034
2011-06-01,Metrobús,626548
2011-06-02,Metro,4560238
2011-06-02,Ecobici,9440
2011-06-02,Metrobús,622666
2011-06-03,Metro,4729441
2011-06-03,Ecobici,9008
2011-06-03,Metrobús,655400
2011-06-04,Metro,4197575
2011-06-04,Ecobici,4493
2011-06-04,Metrobús,395516
2011-06-05,Metro,2591168
2011-06-05,Ecobici,4350
2011-06-05,Metrobús,223103
2011-06-06,Metro,5287563
2011-06-06,Ecobici,8886
2011-06-06,Metrobús,602866
2011-06-07,Metro,4490881
2011-06-07,Ecobici,9654
2011-06-07,Metrobús,618033
2011-06-08,Metro,4322966
2011-06-08,Ecobici,9615
2011-06-08,Metrobús,619309
2011-06-09,Metro,4252394
2011-06-09,Ecobici,9416
2011-06-09,Metrobús,616744
2011-06-10,Metro,4572306
2011-06-10,Ecobici,8909
2011-06-10,Metrobús,640790
2011-06-11,Metro,4021936
2011-06-11,Ecobici,4467
2011-06-11,Metrobús,377102
2011-06-12,Metro,2434093
2011-06-12,Ecobici,4650
2011-06-12,Metrobús,208642
2011-06-13,Metro,5213990
2011-06-13,Ecobici,9031
2011-06-13,Metrobús,588215
2011-06-14,Metro,4755966
2011-06-14,Ecobici,9843
2011-06-14,Metrobús,610720
2011-06-15,Metro,5037824
2011-06-15,Ecobici,9825
2011-06-15,Metrobús,628012
2011-06-16,Metro,4848062
2011-06-16,Ecobici,9563
2011-06-16,Metrobús,627823
2011-06-17,Metro,4760557
2011-06-17,Ecobici,8114
2011-06-17,Metrobús,648434
2011-06-18,Metro,4115408
2011-06-18,Ecobici,4369
2011-06-18,Metrobús,376265
2011-06-19,Metro,2409280
2011-06-19,Ecobici,3960
2011-06-19,Metrobús,209064
2011-06-20,Metro,5146830
2011-06-20,Ecobici,8757
2011-06-20,Metrobús,588971
2011-06-21,Metro,4435073
2011-06-21,Ecobici,8545
2011-06-21,Metrobús,604885
2011-06-22,Metro,4266374
2011-06-22,Ecobici,9349
2011-06-22,Metrobús,606735
2011-06-23,Metro,4067506
2011-06-23,Ecobici,6872
2011-06-23,Metrobús,591767
2011-06-24,Metro,4445407
2011-06-24,Ecobici,6836
2011-06-24,Metrobús,643833
2011-06-25,Metro,4065036
2011-06-25,Ecobici,4167
2011-06-25,Metrobús,379792
2011-06-26,Metro,2560651
2011-06-26,Ecobici,3582
2011-06-26,Metrobús,207094
2011-06-27,Metro,5092341
2011-06-27,Ecobici,7302
2011-06-27,Metrobús,588555
2011-06-28,Metro,4593518
2011-06-28,Ecobici,8879
2011-06-28,Metrobús,607939
2011-06-29,Metro,4554324
2011-06-29,Ecobici,7763
2011-06-29,Metrobús,602123
2011-06-30,Metro,4392731
2011-06-30,Ecobici,1749
2011-06-30,Metrobús,585462
2011-07-01,Metro,4910356
2011-07-01,Ecobici,7502
2011-07-01,Metrobús,621664
2011-07-02,Metro,4085618
2011-07-02,Ecobici,2892
2011-07-02,Metrobús,364560
2011-07-03,Metro,2449139
2011-07-03,Ecobici,3030
2011-07-03,Metrobús,202877
2011-07-04,Metro,5179064
2011-07-04,Ecobici,7497
2011-07-04,Metrobús,591050
2011-07-05,Metro,4459813
2011-07-05,Ecobici,7047
2011-07-05,Metrobús,603781
2011-07-06,Metro,4342934
2011-07-06,Ecobici,7576
2011-07-06,Metrobús,607195
2011-07-07,Metro,4116511
2011-07-07,Ecobici,6801
2011-07-07,Metrobús,609525
2011-07-08,Metro,4284600
2011-07-08,Ecobici,7793
2011-07-08,Metrobús,601724
2011-07-09,Metro,3765843
2011-07-09,Ecobici,3584
2011-07-09,Metrobús,352101
2011-07-10,Metro,2338586
2011-07-10,Ecobici,3491
2011-07-10,Metrobús,207530
2011-07-11,Metro,4983736
2011-07-11,Ecobici,7601
2011-07-11,Metrobús,579931
2011-07-12,Metro,4368997
2011-07-12,Ecobici,8247
2011-07-12,Metrobús,590465
2011-07-13,Metro,4322264
2011-07-13,Ecobici,7930
2011-07-13,Metrobús,592747
2011-07-14,Metro,4369738
2011-07-14,Ecobici,4951
2011-07-14,Metrobús,590158
2011-07-15,Metro,4993666
2011-07-15,Ecobici,7640
2011-07-15,Metrobús,633232
2011-07-16,Metro,4223591
2011-07-16,Ecobici,3754
2011-07-16,Metrobús,369630
2011-07-17,Metro,2629567
2011-07-17,Ecobici,2904
2011-07-17,Metrobús,227124
2011-07-18,Metro,5260442
2011-07-18,Ecobici,7624
2011-07-18,Metrobús,569670
2011-07-19,Metro,4438510
2011-07-19,Ecobici,7880
2011-07-19,Metrobús,583210
2011-07-20,Metro,4280779
2011-07-20,Ecobici,8460
2011-07-20,Metrobús,585349
2011-07-21,Metro,4133890
2011-07-21,Ecobici,7294
2011-07-21,Metrobús,582273
2011-07-22,Metro,4313182
2011-07-22,Ecobici,6498
2011-07-22,Metrobús,593996
2011-07-23,Metro,3922623
2011-07-23,Ecobici,3943
2011-07-23,Metrobús,359125
2011-07-24,Metro,2449808
2011-07-24,Ecobici,3560
2011-07-24,Metrobús,206958
2011-07-25,Metro,4955742
2011-07-25,Ecobici,6555
2011-07-25,Metrobús,571811
2011-07-26,Metro,4357619
2011-07-26,Ecobici,6993
2011-07-26,Metrobús,584799
2011-07-27,Metro,4342990
2011-07-27,Ecobici,7528
2011-07-27,Metrobús,601293
2011-07-28,Metro,4567670
2011-07-28,Ecobici,7553
2011-07-28,Metrobús,597161
2011-07-29,Metro,5037965
2011-07-29,Ecobici,7220
2011-07-29,Metrobús,624145
2011-07-30,Metro,4433189
2011-07-30,Ecobici,3070
2011-07-30,Metrobús,391378
2011-07-31,Metro,2752432
2011-07-31,Ecobici,3676
2011-07-31,Metrobús,225333
2011-08-01,Metro,5805584
2011-08-01,Ecobici,7900
2011-08-01,Metrobús,616370
2011-08-02,Metro,4852741
2011-08-02,Ecobici,8642
2011-08-02,Metrobús,621376
2011-08-03,Metro,4609939
2011-08-03,Ecobici,7634
2011-08-03,Metrobús,634889
2011-08-04,Metro,4483392
2011-08-04,Ecobici,8313
2011-08-04,Metrobús,628556
2011-08-05,Metro,4671994
2011-08-05,Ecobici,7533
2011-08-05,Metrobús,651794
2011-08-06,Metro,4191365
2011-08-06,Ecobici,3917
2011-08-06,Metrobús,400768
2011-08-07,Metro,2595391
2011-08-07,Ecobici,4374
2011-08-07,Metrobús,224584
2011-08-08,Metro,5535621
2011-08-08,Ecobici,8010
2011-08-08,Metrobús,622162
2011-08-09,Metro,4717430
2011-08-09,Ecobici,8557
2011-08-09,Metrobús,635305
2011-08-10,Metro,4667304
2011-08-10,Ecobici,8691
2011-08-10,Metrobús,641274
2011-08-11,Metro,4547049
2011-08-11,Ecobici,8446
2011-08-11,Metrobús,641485
2011-08-12,Metro,4898739
2011-08-12,Ecobici,8245
2011-08-12,Metrobús,644593
2011-08-13,Metro,4299657
2011-08-13,Ecobici,3904
2011-08-13,Metrobús,393148
2011-08-14,Metro,2701653
2011-08-14,Ecobici,4010
2011-08-14,Metrobús,221382
2011-08-15,Metro,6119198
2011-08-15,Ecobici,8219
2011-08-15,Metrobús,639245
2011-08-16,Metro,5306033
2011-08-16,Ecobici,8796
2011-08-16,Metrobús,655141
2011-08-17,Metro,4833265
2011-08-17,Ecobici,8430
2011-08-17,Metrobús,656870
2011-08-18,Metro,4578277
2011-08-18,Ecobici,8500
2011-08-18,Metrobús,652525
2011-08-19,Metro,4817709
2011-08-19,Ecobici,8282
2011-08-19,Metrobús,675635
2011-08-20,Metro,4295919
2011-08-20,Ecobici,4254
2011-08-20,Metrobús,409407
2011-08-21,Metro,2689727
2011-08-21,Ecobici,4361
2011-08-21,Metrobús,218027
2011-08-22,Metro,5406418
2011-08-22,Ecobici,5861
2011-08-22,Metrobús,630490
2011-08-23,Metro,4607897
2011-08-23,Ecobici,7418
2011-08-23,Metrobús,666555
2011-08-24,Metro,4444930
2011-08-24,Ecobici,6673
2011-08-24,Metrobús,661703
2011-08-25,Metro,4424021
2011-08-25,Ecobici,6621
2011-08-25,Metrobús,662923
2011-08-26,Metro,4739182
2011-08-26,Ecobici,6574
2011-08-26,Metrobús,675998
2011-08-27,Metro,4194631
2011-08-27,Ecobici,3869
2011-08-27,Metrobús,376345
2011-08-28,Metro,2731219
2011-08-28,Ecobici,3311
2011-08-28,Metrobús,206666
2011-08-29,Metro,5589885
2011-08-29,Ecobici,7188
2011-08-29,Metrobús,651155
2011-08-30,Metro,4973409
2011-08-30,Ecobici,7045
2011-08-30,Metrobús,664428
2011-08-31,Metro,5196946
2011-08-31,Ecobici,8924
2011-08-31,Metrobús,667476
2011-09-01,Metro,5053624
2011-09-01,Ecobici,7656
2011-09-01,Metrobús,676386
2011-09-02,Metro,4895285
2011-09-02,Ecobici,7326
2011-09-02,Metrobús,707226
2011-09-03,Metro,4288033
2011-09-03,Ecobici,3981
2011-09-03,Metrobús,407503
2011-09-04,Metro,2558360
2011-09-04,Ecobici,2709
2011-09-04,Metrobús,205212
2011-09-05,Metro,5708286
2011-09-05,Ecobici,8178
2011-09-05,Metrobús,662288
2011-09-06,Metro,4748825
2011-09-06,Ecobici,8481
2011-09-06,Metrobús,671615
2011-09-07,Metro,4550648
2011-09-07,Ecobici,9029
2011-09-07,Metrobús,675127
2011-09-08,Metro,4466741
2011-09-08,Ecobici,8390
2011-09-08,Metrobús,674393
2011-09-09,Metro,4745066
2011-09-09,Ecobici,8584
2011-09-09,Metrobús,695299
2011-09-10,Metro,4193211
2011-09-10,Ecobici,4214
2011-09-10,Metrobús,422688
2011-09-11,Metro,2597948
2011-09-11,Ecobici,3525
2011-09-11,Metrobús,225594
2011-09-12,Metro,5545740
2011-09-12,Ecobici,8259
2011-09-12,Metrobús,658618
2011-09-13,Metro,4702058
2011-09-13,Ecobici,8705
2011-09-13,Metrobús,671083
2011-09-14,Metro,4779541
2011-09-14,Ecobici,8760
2011-09-14,Metrobús,691052
2011-09-15,Metro,4609850
2011-09-15,Ecobici,6034
2011-09-15,Metrobús,544981
2011-09-16,Metro,2142420
2011-09-16,Ecobici,2893
2011-09-16,Metrobús,197599
2011-09-17,Metro,3479947
2011-09-17,Ecobici,3236
2011-09-17,Metrobús,295394
2011-09-18,Metro,2425877
2011-09-18,Ecobici,3920
2011-09-18,Metrobús,214154
2011-09-19,Metro,5866999
2011-09-19,Ecobici,8350
2011-09-19,Metrobús,657466
2011-09-20,Metro,4882508
2011-09-20,Ecobici,8654
2011-09-20,Metrobús,666299
2011-09-21,Metro,4598887
2011-09-21,Ecobici,8563
2011-09-21,Metrobús,675633
2011-09-22,Metro,4441942
2011-09-22,Ecobici,8796
2011-09-22,Metrobús,673284
2011-09-23,Metro,4628748
2011-09-23,Ecobici,7021
2011-09-23,Metrobús,680428
2011-09-24,Metro,4289871
2011-09-24,Ecobici,4274
2011-09-24,Metrobús,434929
2011-09-25,Metro,2663358
2011-09-25,Ecobici,4482
2011-09-25,Metrobús,233098
2011-09-26,Metro,5604403
2011-09-26,Ecobici,8611
2011-09-26,Metrobús,652622
2011-09-27,Metro,4714194
2011-09-27,Ecobici,9039
2011-09-27,Metrobús,670719
2011-09-28,Metro,4710783
2011-09-28,Ecobici,9139
2011-09-28,Metrobús,681299
2011-09-29,Metro,4794266
2011-09-29,Ecobici,8691
2011-09-29,Metrobús,680709
2011-09-30,Metro,5385692
2011-09-30,Ecobici,8392
2011-09-30,Metrobús,706429
2011-10-01,Metro,4634058
2011-10-01,Ecobici,3793
2011-10-01,Metrobús,429379
2011-10-02,Metro,2796224
2011-10-02,Ecobici,3456
2011-10-02,Metrobús,226113
2011-10-03,Metro,6123502
2011-10-03,Ecobici,8186
2011-10-03,Metrobús,671840
2011-10-04,Metro,4966420
2011-10-04,Ecobici,8755
2011-10-04,Metrobús,675498
2011-10-05,Metro,4646325
2011-10-05,Ecobici,8384
2011-10-05,Metrobús,680503
2011-10-06,Metro,4528048
2011-10-06,Ecobici,8209
2011-10-06,Metrobús,677735
2011-10-07,Metro,4711119
2011-10-07,Ecobici,6434
2011-10-07,Metrobús,711005
2011-10-08,Metro,4257584
2011-10-08,Ecobici,3386
2011-10-08,Metrobús,417693
2011-10-09,Metro,2624382
2011-10-09,Ecobici,3155
2011-10-09,Metrobús,221589
2011-10-10,Metro,5658327
2011-10-10,Ecobici,6192
2011-10-10,Metrobús,652299
2011-10-11,Metro,4778360
2011-10-11,Ecobici,7989
2011-10-11,Metrobús,663827
2011-10-12,Metro,4570279
2011-10-12,Ecobici,7785
2011-10-12,Metrobús,672911
2011-10-13,Metro,4645062
2011-10-13,Ecobici,7107
2011-10-13,Metrobús,675641
2011-10-14,Metro,5364368
2011-10-14,Ecobici,8092
2011-10-14,Metrobús,715218
2011-10-15,Metro,4809117
2011-10-15,Ecobici,3848
2011-10-15,Metrobús,432056
2011-10-16,Metro,2930312
2011-10-16,Ecobici,3731
2011-10-16,Metrobús,236926
2011-10-17,Metro,6200721
2011-10-17,Ecobici,8110
2011-10-17,Metrobús,665242
2011-10-18,Metro,4959114
2011-10-18,Ecobici,8364
2011-10-18,Metrobús,673153
2011-10-19,Metro,4650139
2011-10-19,Ecobici,8261
2011-10-19,Metrobús,675814
2011-10-20,Metro,4566335
2011-10-20,Ecobici,8187
2011-10-20,Metrobús,676005
2011-10-21,Metro,4773766
2011-10-21,Ecobici,7783
2011-10-21,Metrobús,703848
2011-10-22,Metro,4379143
2011-10-22,Ecobici,3752
2011-10-22,Metrobús,420668
2011-10-23,Metro,2696409
2011-10-23,Ecobici,3701
2011-10-23,Metrobús,228099
2011-10-24,Metro,5620668
2011-10-24,Ecobici,7401
2011-10-24,Metrobús,651868
2011-10-25,Metro,4768860
2011-10-25,Ecobici,8027
2011-10-25,Metrobús,659306
2011-10-26,Metro,4623177
2011-10-26,Ecobici,8133
2011-10-26,Metrobús,679208
2011-10-27,Metro,4563499
2011-10-27,Ecobici,8059
2011-10-27,Metrobús,669535
2011-10-28,Metro,5307527
2011-10-28,Ecobici,7470
2011-10-28,Metrobús,714464
2011-10-29,Metro,4539512
2011-10-29,Ecobici,4133
2011-10-29,Metrobús,413958
2011-10-30,Metro,2801927
2011-10-30,Ecobici,3583
2011-10-30,Metrobús,228944
2011-10-31,Metro,5864452
2011-10-31,Ecobici,7386
2011-10-31,Metrobús,641464
2011-11-01,Metro,4629316
2011-11-01,Ecobici,7518
2011-11-01,Metrobús,603614
2011-11-02,Metro,2977452
2011-11-02,Ecobici,4590
2011-11-02,Metrobús,300137
2011-11-03,Metro,4954169
2011-11-03,Ecobici,7830
2011-11-03,Metrobús,663601
2011-11-04,Metro,4830008
2011-11-04,Ecobici,7927
2011-11-04,Metrobús,691736
2011-11-05,Metro,4171247
2011-11-05,Ecobici,3799
2011-11-05,Metrobús,423099
2011-11-06,Metro,2647679
2011-11-06,Ecobici,3685
2011-11-06,Metrobús,232063
2011-11-07,Metro,5667574
2011-11-07,Ecobici,8149
2011-11-07,Metrobús,664059
2011-11-08,Metro,4842820
2011-11-08,Ecobici,8197
2011-11-08,Metrobús,676209
2011-11-09,Metro,4638688
2011-11-09,Ecobici,7415
2011-11-09,Metrobús,670231
2011-11-10,Metro,4605796
2011-11-10,Ecobici,7450
2011-11-10,Metrobús,673987
2011-11-11,Metro,4885606
2011-11-11,Ecobici,7982
2011-11-11,Metrobús,705508
2011-11-12,Metro,4356352
2011-11-12,Ecobici,3807
2011-11-12,Metrobús,417757
2011-11-13,Metro,2756924
2011-11-13,Ecobici,3993
2011-11-13,Metrobús,241133
2011-11-14,Metro,6052370
2011-11-14,Ecobici,7871
2011-11-14,Metrobús,663616
2011-11-15,Metro,5624918
2011-11-15,Ecobici,8850
2011-11-15,Metrobús,688171
2011-11-16,Metro,5370319
2011-11-16,Ecobici,8542
2011-11-16,Metrobús,684274
2011-11-17,Metro,4914803
2011-11-17,Ecobici,8235
2011-11-17,Metrobús,693647
2011-11-18,Metro,4959922
2011-11-18,Ecobici,8452
2011-11-18,Metrobús,714099
2011-11-19,Metro,4366955
2011-11-19,Ecobici,3486
2011-11-19,Metrobús,420925
2011-11-20,Metro,2711940
2011-11-20,Ecobici,3029
2011-11-20,Metrobús,243248
2011-11-21,Metro,2974049
2011-11-21,Ecobici,3446
2011-11-21,Metrobús,260046
2011-11-22,Metro,5518607
2011-11-22,Ecobici,8445
2011-11-22,Metrobús,658494
2011-11-23,Metro,4715156
2011-11-23,Ecobici,8450
2011-11-23,Metrobús,661505
2011-11-24,Metro,4559122
2011-11-24,Ecobici,8496
2011-11-24,Metrobús,674086
2011-11-25,Metro,4847241
2011-11-25,Ecobici,8103
2011-11-25,Metrobús,711340
2011-11-26,Metro,4274413
2011-11-26,Ecobici,4413
2011-11-26,Metrobús,445422
2011-11-27,Metro,2679929
2011-11-27,Ecobici,2404
2011-11-27,Metrobús,222593
2011-11-28,Metro,5664133
2011-11-28,Ecobici,7445
2011-11-28,Metrobús,646100
2011-11-29,Metro,5141269
2011-11-29,Ecobici,8167
2011-11-29,Metrobús,664324
2011-11-30,Metro,5366873
2011-11-30,Ecobici,8069
2011-11-30,Metrobús,681715
2011-12-01,Metro,5286823
2011-12-01,Ecobici,8118
2011-12-01,Metrobús,681823
2011-12-02,Metro,5249476
2011-12-02,Ecobici,8079
2011-12-02,Metrobús,711044
2011-12-03,Metro,4652581
2011-12-03,Ecobici,3885
2011-12-03,Metrobús,430471
2011-12-04,Metro,3092937
2011-12-04,Ecobici,3282
2011-12-04,Metrobús,266317
2011-12-05,Metro,5796432
2011-12-05,Ecobici,8041
2011-12-05,Metrobús,663179
2011-12-06,Metro,5032124
2011-12-06,Ecobici,8760
2011-12-06,Metrobús,673882
2011-12-07,Metro,4829396
2011-12-07,Ecobici,8673
2011-12-07,Metrobús,685547
2011-12-08,Metro,4793034
2011-12-08,Ecobici,8406
2011-12-08,Metrobús,683949
2011-12-09,Metro,5097739
2011-12-09,Ecobici,7976
2011-12-09,Metrobús,713497
2011-12-10,Metro,4599364
2011-12-10,Ecobici,3717
2011-12-10,Metrobús,429535
2011-12-11,Metro,3109118
2011-12-11,Ecobici,3247
2011-12-11,Metrobús,243470
2011-12-12,Metro,4922323
2011-12-12,Ecobici,6723
2011-12-12,Metrobús,540606
2011-12-13,Metro,5054652
2011-12-13,Ecobici,8205
2011-12-13,Metrobús,652927
2011-12-14,Metro,5017383
2011-12-14,Ecobici,8399
2011-12-14,Metrobús,676779
2011-12-15,Metro,5206551
2011-12-15,Ecobici,8338
2011-12-15,Metrobús,691702
2011-12-16,Metro,5366932
2011-12-16,Ecobici,7926
2011-12-16,Metrobús,685081
2011-12-17,Metro,4545779
2011-12-17,Ecobici,3417
2011-12-17,Metrobús,406184
2011-12-18,Metro,3286739
2011-12-18,Ecobici,3455
2011-12-18,Metrobús,256285
2011-12-19,Metro,5336230
2011-12-19,Ecobici,7141
2011-12-19,Metrobús,567467
2011-12-20,Metro,4776092
2011-12-20,Ecobici,7216
2011-12-20,Metrobús,570221
2011-12-21,Metro,4694909
2011-12-21,Ecobici,6687
2011-12-21,Metrobús,571061
2011-12-22,Metro,4565391
2011-12-22,Ecobici,6595
2011-12-22,Metrobús,556032
2011-12-23,Metro,4551188
2011-12-23,Ecobici,5333
2011-12-23,Metrobús,518308
2011-12-24,Metro,3074179
2011-12-24,Ecobici,2009
2011-12-24,Metrobús,250505
2011-12-25,Metro,1712288
2011-12-25,Ecobici,1393
2011-12-25,Metrobús,131326
2011-12-26,Metro,4333387
2011-12-26,Ecobici,4486
2011-12-26,Metrobús,407220
2011-12-27,Metro,4009447
2011-12-27,Ecobici,4807
2011-12-27,Metrobús,444340
2011-12-28,Metro,4075254
2011-12-28,Ecobici,4941
2011-12-28,Metrobús,450023
2011-12-29,Metro,4054373
2011-12-29,Ecobici,4665
2011-12-29,Metrobús,444567
2011-12-30,Metro,4306121
2011-12-30,Ecobici,3930
2011-12-30,Metrobús,425106
2011-12-31,Metro,2989318
2011-12-31,Ecobici,1814
2011-12-31,Metrobús,227534
2012-01-01,Metro,1690227
2012-01-01,Ecobici,1330
2012-01-01,Metrobús,130753
2012-01-02,Metro,4302089
2012-01-02,Ecobici,4445
2012-01-02,Metrobús,451508
2012-01-03,Metro,4437881
2012-01-03,Ecobici,5921
2012-01-03,Metrobús,545654
2012-01-04,Metro,4685222
2012-01-04,Ecobici,6733
2012-01-04,Metrobús,595161
2012-01-05,Metro,4766657
2012-01-05,Ecobici,7012
2012-01-05,Metrobús,619142
2012-01-06,Metro,4318414
2012-01-06,Ecobici,6454
2012-01-06,Metrobús,564286
2012-01-07,Metro,3660211
2012-01-07,Ecobici,3238
2012-01-07,Metrobús,372598
2012-01-08,Metro,2365697
2012-01-08,Ecobici,3732
2012-01-08,Metrobús,207939
2012-01-09,Metro,4922411
2012-01-09,Ecobici,7421
2012-01-09,Metrobús,617572
2012-01-10,Metro,4631588
2012-01-10,Ecobici,7894
2012-01-10,Metrobús,628518
2012-01-11,Metro,4594107
2012-01-11,Ecobici,7829
2012-01-11,Metrobús,633856
2012-01-12,Metro,4579741
2012-01-12,Ecobici,7707
2012-01-12,Metrobús,634218
2012-01-13,Metro,4797559
2012-01-13,Ecobici,7650
2012-01-13,Metrobús,662891
2012-01-14,Metro,3879408
2012-01-14,Ecobici,3218
2012-01-14,Metrobús,381902
2012-01-15,Metro,2442286
2012-01-15,Ecobici,2948
2012-01-15,Metrobús,215792
2012-01-16,Metro,5098063
2012-01-16,Ecobici,7564
2012-01-16,Metrobús,642351
2012-01-17,Metro,4758698
2012-01-17,Ecobici,7737
2012-01-17,Metrobús,650569
2012-01-18,Metro,4760919
2012-01-18,Ecobici,8177
2012-01-18,Metrobús,652252
2012-01-19,Metro,4620362
2012-01-19,Ecobici,7874
2012-01-19,Metrobús,642204
2012-01-20,Metro,4794097
2012-01-20,Ecobici,7678
2012-01-20,Metrobús,667016
2012-01-21,Metro,3910140
2012-01-21,Ecobici,3508
2012-01-21,Metrobús,409290
2012-01-22,Metro,2437513
2012-01-22,Ecobici,3745
2012-01-22,Metrobús,219901
2012-01-23,Metro,5109029
2012-01-23,Ecobici,7910
2012-01-23,Metrobús,646234
2012-01-24,Metro,4766210
2012-01-24,Ecobici,8436
2012-01-24,Metrobús,660831
2012-01-25,Metro,4801348
2012-01-25,Ecobici,8453
2012-01-25,Metrobús,667479
2012-01-26,Metro,4753680
2012-01-26,Ecobici,8204
2012-01-26,Metrobús,662550
2012-01-27,Metro,4996572
2012-01-27,Ecobici,7994
2012-01-27,Metrobús,687768
2012-01-28,Metro,4078028
2012-01-28,Ecobici,3794
2012-01-28,Metrobús,423454
2012-01-29,Metro,2416894
2012-01-29,Ecobici,2973
2012-01-29,Metrobús,239652
2012-01-30,Metro,5234736
2012-01-30,Ecobici,7341
2012-01-30,Metrobús,654407
2012-01-31,Metro,5016976
2012-01-31,Ecobici,7365
2012-01-31,Metrobús,673864
2012-02-01,Metro,5071894
2012-02-01,Ecobici,8220
2012-02-01,Metrobús,688054
2012-02-02,Metro,4809053
2012-02-02,Ecobici,7105
2012-02-02,Metrobús,665864
2012-02-03,Metro,5199666
2012-02-03,Ecobici,8361
2012-02-03,Metrobús,711909
2012-02-04,Metro,4016446
2012-02-04,Ecobici,3460
2012-02-04,Metrobús,423681
2012-02-05,Metro,2415673
2012-02-05,Ecobici,2775
2012-02-05,Metrobús,224938
2012-02-06,Metro,2732237
2012-02-06,Ecobici,2136
2012-02-06,Metrobús,238979
2012-02-07,Metro,5156401
2012-02-07,Ecobici,7248
2012-02-07,Metrobús,670819
2012-02-08,Metro,4919150
2012-02-08,Ecobici,7825
2012-02-08,Metrobús,674825
2012-02-09,Metro,4833236
2012-02-09,Ecobici,7403
2012-02-09,Metrobús,670461
2012-02-10,Metro,4673094
2012-02-10,Ecobici,4626
2012-02-10,Metrobús,662865
2012-02-11,Metro,3886110
2012-02-11,Ecobici,3373
2012-02-11,Metrobús,409030
2012-02-12,Metro,2405388
2012-02-12,Ecobici,3247
2012-02-12,Metrobús,229943
2012-02-13,Metro,5297555
2012-02-13,Ecobici,7734
2012-02-13,Metrobús,674490
2012-02-14,Metro,5085331
2012-02-14,Ecobici,8278
2012-02-14,Metrobús,697141
2012-02-15,Metro,5091259
2012-02-15,Ecobici,8018
2012-02-15,Metrobús,683785
2012-02-16,Metro,5056752
2012-02-16,Ecobici,8010
2012-02-16,Metrobús,695045
2012-02-17,Metro,5149138
2012-02-17,Ecobici,7912
2012-02-17,Metrobús,710785
2012-02-18,Metro,4042178
2012-02-18,Ecobici,3823
2012-02-18,Metrobús,438105
2012-02-19,Metro,2549847
2012-02-19,Ecobici,3874
2012-02-19,Metrobús,243345
2012-02-20,Metro,5283439
2012-02-20,Ecobici,7772
2012-02-20,Metrobús,666534
2012-02-21,Metro,4951198
2012-02-21,Ecobici,8416
2012-02-21,Metrobús,687534
2012-02-22,Metro,4898892
2012-02-22,Ecobici,8252
2012-02-22,Metrobús,679677
2012-02-23,Metro,4884480
2012-02-23,Ecobici,8415
2012-02-23,Metrobús,681258
2012-02-24,Metro,5124438
2012-02-24,Ecobici,8046
2012-02-24,Metrobús,704687
2012-02-25,Metro,3992591
2012-02-25,Ecobici,3144
2012-02-25,Metrobús,415261
2012-02-26,Metro,2485927
2012-02-26,Ecobici,3681
2012-02-26,Metrobús,232105
2012-02-27,Metro,5259841
2012-02-27,Ecobici,7981
2012-02-27,Metrobús,660974
2012-02-28,Metro,5118887
2012-02-28,Ecobici,8762
2012-02-28,Metrobús,688928
2012-02-29,Metro,5129589
2012-02-29,Ecobici,8417
2012-02-29,Metrobús,701420
2012-03-01,Metro,5119407
2012-03-01,Ecobici,8400
2012-03-01,Metrobús,701365
2012-03-02,Metro,5232237
2012-03-02,Ecobici,7994
2012-03-02,Metrobús,719746
2012-03-03,Metro,4326386
2012-03-03,Ecobici,3931
2012-03-03,Metrobús,450212
2012-03-04,Metro,2642026
2012-03-04,Ecobici,3445
2012-03-04,Metrobús,235508
2012-03-05,Metro,5352247
2012-03-05,Ecobici,8027
2012-03-05,Metrobús,673918
2012-03-06,Metro,4973848
2012-03-06,Ecobici,8442
2012-03-06,Metrobús,683302
2012-03-07,Metro,4944621
2012-03-07,Ecobici,8405
2012-03-07,Metrobús,687945
2012-03-08,Metro,4870482
2012-03-08,Ecobici,7840
2012-03-08,Metrobús,683005
2012-03-09,Metro,5031085
2012-03-09,Ecobici,7846
2012-03-09,Metrobús,697310
2012-03-10,Metro,4064305
2012-03-10,Ecobici,3483
2012-03-10,Metrobús,423580
2012-03-11,Metro,2528532
2012-03-11,Ecobici,3061
2012-03-11,Metrobús,233507
2012-03-12,Metro,5224761
2012-03-12,Ecobici,7046
2012-03-12,Metrobús,662889
2012-03-13,Metro,4930084
2012-03-13,Ecobici,8711
2012-03-13,Metrobús,680176
2012-03-14,Metro,5032992
2012-03-14,Ecobici,8824
2012-03-14,Metrobús,706761
2012-03-15,Metro,5212900
2012-03-15,Ecobici,8675
2012-03-15,Metrobús,703529
2012-03-16,Metro,3910622
2012-03-16,Ecobici,8897
2012-03-16,Metrobús,718738
2012-03-17,Metro,4167618
2012-03-17,Ecobici,3489
2012-03-17,Metrobús,424178
2012-03-18,Metro,2518996
2012-03-18,Ecobici,3134
2012-03-18,Metrobús,239350
2012-03-19,Metro,2765055
2012-03-19,Ecobici,3490
2012-03-19,Metrobús,248990
2012-03-20,Metro,4893663
2012-03-20,Ecobici,6817
2012-03-20,Metrobús,663293
2012-03-21,Metro,4784992
2012-03-21,Ecobici,8511
2012-03-21,Metrobús,672538
2012-03-22,Metro,4850773
2012-03-22,Ecobici,8289
2012-03-22,Metrobús,683643
2012-03-23,Metro,5014661
2012-03-23,Ecobici,7841
2012-03-23,Metrobús,693114
2012-03-24,Metro,4040986
2012-03-24,Ecobici,3807
2012-03-24,Metrobús,417819
2012-03-25,Metro,2526515
2012-03-25,Ecobici,3610
2012-03-25,Metrobús,236265
2012-03-26,Metro,5176052
2012-03-26,Ecobici,8066
2012-03-26,Metrobús,650665
2012-03-27,Metro,4924588
2012-03-27,Ecobici,8440
2012-03-27,Metrobús,677047
2012-03-28,Metro,4995507
2012-03-28,Ecobici,7821
2012-03-28,Metrobús,677433
2012-03-29,Metro,4956790
2012-03-29,Ecobici,7290
2012-03-29,Metrobús,674085
2012-03-30,Metro,5263315
2012-03-30,Ecobici,7976
2012-03-30,Metrobús,718178
2012-03-31,Metro,4235294
2012-03-31,Ecobici,3721
2012-03-31,Metrobús,415328
2012-04-01,Metro,2603404
2012-04-01,Ecobici,3371
2012-04-01,Metrobús,228525
2012-04-02,Metro,4587626
2012-04-02,Ecobici,7289
2012-04-02,Metrobús,577757
2012-04-03,Metro,4363340
2012-04-03,Ecobici,7360
2012-04-03,Metrobús,602781
2012-04-04,Metro,4364517
2012-04-04,Ecobici,6500
2012-04-04,Metrobús,568545
2012-04-05,Metro,2783047
2012-04-05,Ecobici,2915
2012-04-05,Metrobús,305041
2012-04-06,Metro,1860485
2012-04-06,Ecobici,2608
2012-04-06,Metrobús,201034
2012-04-07,Metro,2363247
2012-04-07,Ecobici,2535
2012-04-07,Metrobús,242922
2012-04-08,Metro,2045229
2012-04-08,Ecobici,3329
2012-04-08,Metrobús,206338
2012-04-09,Metro,4959849
2012-04-09,Ecobici,7304
2012-04-09,Metrobús,620057
2012-04-10,Metro,4827289
2012-04-10,Ecobici,7810
2012-04-10,Metrobús,666498
2012-04-11,Metro,4833137
2012-04-11,Ecobici,8023
2012-04-11,Metrobús,670784
2012-04-12,Metro,4825320
2012-04-12,Ecobici,7913
2012-04-12,Metrobús,676427
2012-04-13,Metro,5011400
2012-04-13,Ecobici,7392
2012-04-13,Metrobús,719876
2012-04-14,Metro,4058142
2012-04-14,Ecobici,3686
2012-04-14,Metrobús,428587
2012-04-15,Metro,2559298
2012-04-15,Ecobici,4082
2012-04-15,Metrobús,243511
2012-04-16,Metro,5338001
2012-04-16,Ecobici,8374
2012-04-16,Metrobús,698104
2012-04-17,Metro,4930563
2012-04-17,Ecobici,7209
2012-04-17,Metrobús,706285
2012-04-18,Metro,4969672
2012-04-18,Ecobici,7584
2012-04-18,Metrobús,723105
2012-04-19,Metro,4878668
2012-04-19,Ecobici,8605
2012-04-19,Metrobús,712594
2012-04-20,Metro,5034914
2012-04-20,Ecobici,8385
2012-04-20,Metrobús,738169
2012-04-21,Metro,4073540
2012-04-21,Ecobici,3893
2012-04-21,Metrobús,465992
2012-04-22,Metro,2522620
2012-04-22,Ecobici,4158
2012-04-22,Metrobús,254135
2012-04-23,Metro,5205228
2012-04-23,Ecobici,8357
2012-04-23,Metrobús,703179
2012-04-24,Metro,4854924
2012-04-24,Ecobici,8636
2012-04-24,Metrobús,710193
2012-04-25,Metro,4875446
2012-04-25,Ecobici,8527
2012-04-25,Metrobús,714765
2012-04-26,Metro,4821610
2012-04-26,Ecobici,8644
2012-04-26,Metrobús,711906
2012-04-27,Metro,5061909
2012-04-27,Ecobici,8309
2012-04-27,Metrobús,739416
2012-04-28,Metro,4109283
2012-04-28,Ecobici,3895
2012-04-28,Metrobús,455677
2012-04-29,Metro,2570336
2012-04-29,Ecobici,3858
2012-04-29,Metrobús,260194
2012-04-30,Metro,4680042
2012-04-30,Ecobici,7375
2012-04-30,Metrobús,636739
2012-05-01,Metro,2892179
2012-05-01,Ecobici,4380
2012-05-01,Metrobús,303265
2012-05-02,Metro,5160992
2012-05-02,Ecobici,8514
2012-05-02,Metrobús,713508
2012-05-03,Metro,4913368
2012-05-03,Ecobici,7924
2012-05-03,Metrobús,722663
2012-05-04,Metro,5052327
2012-05-04,Ecobici,8622
2012-05-04,Metrobús,758939
2012-05-05,Metro,3927601
2012-05-05,Ecobici,3540
2012-05-05,Metrobús,454338
2012-05-06,Metro,2487795
2012-05-06,Ecobici,3712
2012-05-06,Metrobús,261624
2012-05-07,Metro,5261980
2012-05-07,Ecobici,8308
2012-05-07,Metrobús,701739
2012-05-08,Metro,5007926
2012-05-08,Ecobici,9059
2012-05-08,Metrobús,732109
2012-05-09,Metro,5015274
2012-05-09,Ecobici,8002
2012-05-09,Metrobús,737841
2012-05-10,Metro,4064367
2012-05-10,Ecobici,7051
2012-05-10,Metrobús,562566
2012-05-11,Metro,4930088
2012-05-11,Ecobici,8260
2012-05-11,Metrobús,716138
2012-05-12,Metro,3944745
2012-05-12,Ecobici,3815
2012-05-12,Metrobús,452901
2012-05-13,Metro,2390419
2012-05-13,Ecobici,3853
2012-05-13,Metrobús,246172
2012-05-14,Metro,5168961
2012-05-14,Ecobici,8289
2012-05-14,Metrobús,683061
2012-05-15,Metro,4896330
2012-05-15,Ecobici,8827
2012-05-15,Metrobús,681876
2012-05-16,Metro,5132387
2012-05-16,Ecobici,7251
2012-05-16,Metrobús,745653
2012-05-17,Metro,4938759
2012-05-17,Ecobici,8478
2012-05-17,Metrobús,729269
2012-05-18,Metro,5081420
2012-05-18,Ecobici,8690
2012-05-18,Metrobús,766405
2012-05-19,Metro,4101647
2012-05-19,Ecobici,4655
2012-05-19,Metrobús,478240
2012-05-20,Metro,2578708
2012-05-20,Ecobici,4412
2012-05-20,Metrobús,262639
2012-05-21,Metro,5238327
2012-05-21,Ecobici,8531
2012-05-21,Metrobús,699673
2012-05-22,Metro,4885807
2012-05-22,Ecobici,9041
2012-05-22,Metrobús,718198
2012-05-23,Metro,4892014
2012-05-23,Ecobici,9567
2012-05-23,Metrobús,724531
2012-05-24,Metro,4780600
2012-05-24,Ecobici,8551
2012-05-24,Metrobús,709030
2012-05-25,Metro,5032859
2012-05-25,Ecobici,8505
2012-05-25,Metrobús,744043
2012-05-26,Metro,4101906
2012-05-26,Ecobici,4641
2012-05-26,Metrobús,482095
2012-05-27,Metro,2527575
2012-05-27,Ecobici,4366
2012-05-27,Metrobús,279458
2012-05-28,Metro,5228202
2012-05-28,Ecobici,8670
2012-05-28,Metrobús,696453
2012-05-29,Metro,4851082
2012-05-29,Ecobici,9120
2012-05-29,Metrobús,709573
2012-05-30,Metro,4949782
2012-05-30,Ecobici,9001
2012-05-30,Metrobús,722635
2012-05-31,Metro,4993150
2012-05-31,Ecobici,9107
2012-05-31,Metrobús,751757
2012-06-01,Metro,5162088
2012-06-01,Ecobici,6530
2012-06-01,Metrobús,766655
2012-06-02,Metro,4369217
2012-06-02,Ecobici,4099
2012-06-02,Metrobús,483002
2012-06-03,Metro,2611285
2012-06-03,Ecobici,3816
2012-06-03,Metrobús,259416
2012-06-04,Metro,5233517
2012-06-04,Ecobici,7468
2012-06-04,Metrobús,697138
2012-06-05,Metro,4873041
2012-06-05,Ecobici,8878
2012-06-05,Metrobús,709476
2012-06-06,Metro,4878404
2012-06-06,Ecobici,8748
2012-06-06,Metrobús,721279
2012-06-07,Metro,4809107
2012-06-07,Ecobici,8761
2012-06-07,Metrobús,720006
2012-06-08,Metro,5005443
2012-06-08,Ecobici,7859
2012-06-08,Metrobús,748670
2012-06-09,Metro,4116322
2012-06-09,Ecobici,4478
2012-06-09,Metrobús,461122
2012-06-10,Metro,2604450
2012-06-10,Ecobici,4557
2012-06-10,Metrobús,256537
2012-06-11,Metro,5137415
2012-06-11,Ecobici,8234
2012-06-11,Metrobús,707884
2012-06-12,Metro,4749931
2012-06-12,Ecobici,8453
2012-06-12,Metrobús,705616
2012-06-13,Metro,4776661
2012-06-13,Ecobici,9063
2012-06-13,Metrobús,713496
2012-06-14,Metro,4847139
2012-06-14,Ecobici,8703
2012-06-14,Metrobús,716782
2012-06-15,Metro,5120500
2012-06-15,Ecobici,8301
2012-06-15,Metrobús,762046
2012-06-16,Metro,4198632
2012-06-16,Ecobici,2112
2012-06-16,Metrobús,463127
2012-06-17,Metro,2552446
2012-06-17,Ecobici,1907
2012-06-17,Metrobús,247366
2012-06-18,Metro,5138186
2012-06-18,Ecobici,7856
2012-06-18,Metrobús,692531
2012-06-19,Metro,4705339
2012-06-19,Ecobici,7566
2012-06-19,Metrobús,700053
2012-06-20,Metro,4667240
2012-06-20,Ecobici,6901
2012-06-20,Metrobús,713271
2012-06-21,Metro,4603213
2012-06-21,Ecobici,7408
2012-06-21,Metrobús,712182
2012-06-22,Metro,4585124
2012-06-22,Ecobici,5498
2012-06-22,Metrobús,736171
2012-06-23,Metro,3825951
2012-06-23,Ecobici,3686
2012-06-23,Metrobús,459929
2012-06-24,Metro,2363380
2012-06-24,Ecobici,3329
2012-06-24,Metrobús,250695
2012-06-25,Metro,4749140
2012-06-25,Ecobici,8249
2012-06-25,Metrobús,692883
2012-06-26,Metro,4223785
2012-06-26,Ecobici,8652
2012-06-26,Metrobús,707441
2012-06-27,Metro,3297323
2012-06-27,Ecobici,8721
2012-06-27,Metrobús,713827
2012-06-28,Metro,2849083
2012-06-28,Ecobici,5991
2012-06-28,Metrobús,719010
2012-06-29,Metro,3022429
2012-06-29,Ecobici,8138
2012-06-29,Metrobús,750460
2012-06-30,Metro,2939897
2012-06-30,Ecobici,3094
2012-06-30,Metrobús,448821
2012-07-01,Metro,2257522
2012-07-01,Ecobici,2761
2012-07-01,Metrobús,238046
2012-07-02,Metro,5057783
2012-07-02,Ecobici,6615
2012-07-02,Metrobús,668946
2012-07-03,Metro,4749417
2012-07-03,Ecobici,7754
2012-07-03,Metrobús,698439
2012-07-04,Metro,4712335
2012-07-04,Ecobici,8467
2012-07-04,Metrobús,702833
2012-07-05,Metro,4599727
2012-07-05,Ecobici,7572
2012-07-05,Metrobús,699965
2012-07-06,Metro,4623222
2012-07-06,Ecobici,6701
2012-07-06,Metrobús,705917
2012-07-07,Metro,3851083
2012-07-07,Ecobici,4004
2012-07-07,Metrobús,445071
2012-07-08,Metro,2367887
2012-07-08,Ecobici,3597
2012-07-08,Metrobús,250841
2012-07-09,Metro,4796951
2012-07-09,Ecobici,7171
2012-07-09,Metrobús,665014
2012-07-10,Metro,4496742
2012-07-10,Ecobici,7976
2012-07-10,Metrobús,677225
2012-07-11,Metro,4555493
2012-07-11,Ecobici,8323
2012-07-11,Metrobús,694156
2012-07-12,Metro,4476414
2012-07-12,Ecobici,7920
2012-07-12,Metrobús,681885
2012-07-13,Metro,4666842
2012-07-13,Ecobici,6737
2012-07-13,Metrobús,717894
2012-07-14,Metro,3847742
2012-07-14,Ecobici,2633
2012-07-14,Metrobús,417760
2012-07-15,Metro,2444525
2012-07-15,Ecobici,2682
2012-07-15,Metrobús,273099
2012-07-16,Metro,4882711
2012-07-16,Ecobici,7099
2012-07-16,Metrobús,672787
2012-07-17,Metro,4522034
2012-07-17,Ecobici,6621
2012-07-17,Metrobús,673752
2012-07-18,Metro,4473035
2012-07-18,Ecobici,7592
2012-07-18,Metrobús,677489
2012-07-19,Metro,4433145
2012-07-19,Ecobici,7977
2012-07-19,Metrobús,684505
2012-07-20,Metro,4559652
2012-07-20,Ecobici,7181
2012-07-20,Metrobús,704974
2012-07-21,Metro,3829807
2012-07-21,Ecobici,3804
2012-07-21,Metrobús,458095
2012-07-22,Metro,2474414
2012-07-22,Ecobici,3615
2012-07-22,Metrobús,253873
2012-07-23,Metro,4714523
2012-07-23,Ecobici,7476
2012-07-23,Metrobús,651527
2012-07-24,Metro,4410736
2012-07-24,Ecobici,7338
2012-07-24,Metrobús,671228
2012-07-25,Metro,4458312
2012-07-25,Ecobici,7823
2012-07-25,Metrobús,684489
2012-07-26,Metro,4409800
2012-07-26,Ecobici,6876
2012-07-26,Metrobús,677499
2012-07-27,Metro,4607181
2012-07-27,Ecobici,7473
2012-07-27,Metrobús,697603
2012-07-28,Metro,3853202
2012-07-28,Ecobici,3077
2012-07-28,Metrobús,431717
2012-07-29,Metro,2427836
2012-07-29,Ecobici,3274
2012-07-29,Metrobús,257290
2012-07-30,Metro,4970434
2012-07-30,Ecobici,7699
2012-07-30,Metrobús,677234
2012-07-31,Metro,4754291
2012-07-31,Ecobici,8394
2012-07-31,Metrobús,704392
2012-08-01,Metro,4848850
2012-08-01,Ecobici,8296
2012-08-01,Metrobús,721710
2012-08-02,Metro,4763727
2012-08-02,Ecobici,7916
2012-08-02,Metrobús,731513
2012-08-03,Metro,4808241
2012-08-03,Ecobici,7669
2012-08-03,Metrobús,740437
2012-08-04,Metro,3946348
2012-08-04,Ecobici,3568
2012-08-04,Metrobús,470996
2012-08-05,Metro,2552424
2012-08-05,Ecobici,3627
2012-08-05,Metrobús,271808
2012-08-06,Metro,5277831
2012-08-06,Ecobici,6909
2012-08-06,Metrobús,706174
2012-08-07,Metro,4784540
2012-08-07,Ecobici,7756
2012-08-07,Metrobús,701772
2012-08-08,Metro,4851460
2012-08-08,Ecobici,8068
2012-08-08,Metrobús,735022
2012-08-09,Metro,4723663
2012-08-09,Ecobici,5527
2012-08-09,Metrobús,726255
2012-08-10,Metro,4689298
2012-08-10,Ecobici,4504
2012-08-10,Metrobús,744136
2012-08-11,Metro,3833827
2012-08-11,Ecobici,3342
2012-08-11,Metrobús,448085
2012-08-12,Metro,2396080
2012-08-12,Ecobici,3052
2012-08-12,Metrobús,255083
2012-08-13,Metro,5243744
2012-08-13,Ecobici,6836
2012-08-13,Metrobús,725290
2012-08-14,Metro,5033178
2012-08-14,Ecobici,8293
2012-08-14,Metrobús,756850
2012-08-15,Metro,5134630
2012-08-15,Ecobici,8293
2012-08-15,Metrobús,776814
2012-08-16,Metro,5051708
2012-08-16,Ecobici,7653
2012-08-16,Metrobús,781959
2012-08-17,Metro,5107081
2012-08-17,Ecobici,7515
2012-08-17,Metrobús,802377
2012-08-18,Metro,4109448
2012-08-18,Ecobici,3314
2012-08-18,Metrobús,474627
2012-08-19,Metro,2571003
2012-08-19,Ecobici,3375
2012-08-19,Metrobús,267961
2012-08-20,Metro,5204988
2012-08-20,Ecobici,6117
2012-08-20,Metrobús,736667
2012-08-21,Metro,4813012
2012-08-21,Ecobici,7086
2012-08-21,Metrobús,764573
2012-08-22,Metro,4820383
2012-08-22,Ecobici,7875
2012-08-22,Metrobús,770722
2012-08-23,Metro,4674255
2012-08-23,Ecobici,6912
2012-08-23,Metrobús,762068
2012-08-24,Metro,4855415
2012-08-24,Ecobici,6626
2012-08-24,Metrobús,794530
2012-08-25,Metro,4044058
2012-08-25,Ecobici,3394
2012-08-25,Metrobús,485370
2012-08-26,Metro,2536972
2012-08-26,Ecobici,3139
2012-08-26,Metrobús,268682
2012-08-27,Metro,5325378
2012-08-27,Ecobici,6814
2012-08-27,Metrobús,748559
2012-08-28,Metro,4979899
2012-08-28,Ecobici,7703
2012-08-28,Metrobús,764247
2012-08-29,Metro,4886648
2012-08-29,Ecobici,8084
2012-08-29,Metrobús,773051
2012-08-30,Metro,4933334
2012-08-30,Ecobici,7892
2012-08-30,Metrobús,776374
2012-08-31,Metro,5228460
2012-08-31,Ecobici,7630
2012-08-31,Metrobús,788965
2012-09-01,Metro,4358508
2012-09-01,Ecobici,3400
2012-09-01,Metrobús,517539
2012-09-02,Metro,2813287
2012-09-02,Ecobici,3752
2012-09-02,Metrobús,246643
2012-09-03,Metro,5547224
2012-09-03,Ecobici,7690
2012-09-03,Metrobús,770530
2012-09-04,Metro,5035362
2012-09-04,Ecobici,7527
2012-09-04,Metrobús,772214
2012-09-05,Metro,5013617
2012-09-05,Ecobici,7397
2012-09-05,Metrobús,779096
2012-09-06,Metro,4849105
2012-09-06,Ecobici,7449
2012-09-06,Metrobús,769744
2012-09-07,Metro,5021570
2012-09-07,Ecobici,7003
2012-09-07,Metrobús,807412
2012-09-08,Metro,4160056
2012-09-08,Ecobici,3580
2012-09-08,Metrobús,482624
2012-09-09,Metro,2655114
2012-09-09,Ecobici,3398
2012-09-09,Metrobús,270104
2012-09-10,Metro,5428327
2012-09-10,Ecobici,7165
2012-09-10,Metrobús,752396
2012-09-11,Metro,5013826
2012-09-11,Ecobici,7305
2012-09-11,Metrobús,775423
2012-09-12,Metro,4931173
2012-09-12,Ecobici,5855
2012-09-12,Metrobús,769354
2012-09-13,Metro,4968251
2012-09-13,Ecobici,8382
2012-09-13,Metrobús,787996
2012-09-14,Metro,5207571
2012-09-14,Ecobici,6857
2012-09-14,Metrobús,804257
2012-09-15,Metro,3611159
2012-09-15,Ecobici,3446
2012-09-15,Metrobús,388687
2012-09-16,Metro,2124822
2012-09-16,Ecobici,2471
2012-09-16,Metrobús,219461
2012-09-17,Metro,4947719
2012-09-17,Ecobici,8102
2012-09-17,Metrobús,655967
2012-09-18,Metro,5093122
2012-09-18,Ecobici,9861
2012-09-18,Metrobús,773795
2012-09-19,Metro,4957196
2012-09-19,Ecobici,10254
2012-09-19,Metrobús,787483
2012-09-20,Metro,4897155
2012-09-20,Ecobici,9999
2012-09-20,Metrobús,796530
2012-09-21,Metro,5079555
2012-09-21,Ecobici,10011
2012-09-21,Metrobús,816407
2012-09-22,Metro,4131377
2012-09-22,Ecobici,4738
2012-09-22,Metrobús,524111
2012-09-23,Metro,2578887
2012-09-23,Ecobici,5008
2012-09-23,Metrobús,263499
2012-09-24,Metro,5413164
2012-09-24,Ecobici,9862
2012-09-24,Metrobús,737998
2012-09-25,Metro,4989995
2012-09-25,Ecobici,10158
2012-09-25,Metrobús,761713
2012-09-26,Metro,4937209
2012-09-26,Ecobici,10518
2012-09-26,Metrobús,763402
2012-09-27,Metro,4989043
2012-09-27,Ecobici,9636
2012-09-27,Metrobús,771918
2012-09-28,Metro,5407681
2012-09-28,Ecobici,10504
2012-09-28,Metrobús,813129
2012-09-29,Metro,4360272
2012-09-29,Ecobici,5004
2012-09-29,Metrobús,498609
2012-09-30,Metro,2644215
2012-09-30,Ecobici,4300
2012-09-30,Metrobús,271840
2012-10-01,Metro,5548665
2012-10-01,Ecobici,10217
2012-10-01,Metrobús,766272
2012-10-02,Metro,5037069
2012-10-02,Ecobici,12047
2012-10-02,Metrobús,770594
2012-10-03,Metro,5093244
2012-10-03,Ecobici,11654
2012-10-03,Metrobús,802284
2012-10-04,Metro,4994322
2012-10-04,Ecobici,11368
2012-10-04,Metrobús,789109
2012-10-05,Metro,5225386
2012-10-05,Ecobici,11085
2012-10-05,Metrobús,822081
2012-10-06,Metro,4286857
2012-10-06,Ecobici,5377
2012-10-06,Metrobús,518975
2012-10-07,Metro,2639396
2012-10-07,Ecobici,5238
2012-10-07,Metrobús,283242
2012-10-08,Metro,5383697
2012-10-08,Ecobici,10522
2012-10-08,Metrobús,744163
2012-10-09,Metro,4978237
2012-10-09,Ecobici,9811
2012-10-09,Metrobús,773002
2012-10-10,Metro,5031749
2012-10-10,Ecobici,11698
2012-10-10,Metrobús,778377
2012-10-11,Metro,4992484
2012-10-11,Ecobici,12177
2012-10-11,Metrobús,791760
2012-10-12,Metro,5165928
2012-10-12,Ecobici,11208
2012-10-12,Metrobús,801797
2012-10-13,Metro,4301047
2012-10-13,Ecobici,5009
2012-10-13,Metrobús,512852
2012-10-14,Metro,2708296
2012-10-14,Ecobici,138
2012-10-14,Metrobús,279518
2012-10-15,Metro,5639798
2012-10-15,Ecobici,10236
2012-10-15,Metrobús,771652
2012-10-16,Metro,5232186
2012-10-16,Ecobici,12137
2012-10-16,Metrobús,784727
2012-10-17,Metro,5071778
2012-10-17,Ecobici,12278
2012-10-17,Metrobús,779443
2012-10-18,Metro,4960607
2012-10-18,Ecobici,11970
2012-10-18,Metrobús,786847
2012-10-19,Metro,5071387
2012-10-19,Ecobici,11796
2012-10-19,Metrobús,802098
2012-10-20,Metro,4201998
2012-10-20,Ecobici,5509
2012-10-20,Metrobús,510243
2012-10-21,Metro,2609322
2012-10-21,Ecobici,5224
2012-10-21,Metrobús,282684
2012-10-22,Metro,5271278
2012-10-22,Ecobici,11520
2012-10-22,Metrobús,753551
2012-10-23,Metro,4871526
2012-10-23,Ecobici,13062
2012-10-23,Metrobús,784181
2012-10-24,Metro,4832824
2012-10-24,Ecobici,12656
2012-10-24,Metrobús,773150
2012-10-25,Metro,4816405
2012-10-25,Ecobici,12683
2012-10-25,Metrobús,786839
2012-10-26,Metro,4995728
2012-10-26,Ecobici,11697
2012-10-26,Metrobús,805338
2012-10-27,Metro,4139553
2012-10-27,Ecobici,6346
2012-10-27,Metrobús,504972
2012-10-28,Metro,2796224
2012-10-28,Ecobici,5139
2012-10-28,Metrobús,294851
2012-10-29,Metro,5116290
2012-10-29,Ecobici,12397
2012-10-29,Metrobús,760517
2012-10-30,Metro,4839224
2012-10-30,Ecobici,13314
2012-10-30,Metrobús,777982
2012-10-31,Metro,4872488
2012-10-31,Ecobici,13594
2012-10-31,Metrobús,789259
2012-11-01,Metro,4741118
2012-11-01,Ecobici,12052
2012-11-01,Metrobús,717858
2012-11-02,Metro,3195361
2012-11-02,Ecobici,6016
2012-11-02,Metrobús,391833
2012-11-03,Metro,3354232
2012-11-03,Ecobici,4360
2012-11-03,Metrobús,401286
2012-11-04,Metro,2347589
2012-11-04,Ecobici,4319
2012-11-04,Metrobús,249876
2012-11-05,Metro,5068430
2012-11-05,Ecobici,9889
2012-11-05,Metrobús,750259
2012-11-06,Metro,5141065
2012-11-06,Ecobici,12818
2012-11-06,Metrobús,775113
2012-11-07,Metro,5329956
2012-11-07,Ecobici,13186
2012-11-07,Metrobús,779390
2012-11-08,Metro,5176599
2012-11-08,Ecobici,13139
2012-11-08,Metrobús,786045
2012-11-09,Metro,5441746
2012-11-09,Ecobici,12989
2012-11-09,Metrobús,834779
2012-11-10,Metro,4315785
2012-11-10,Ecobici,6339
2012-11-10,Metrobús,525155
2012-11-11,Metro,2780850
2012-11-11,Ecobici,5601
2012-11-11,Metrobús,288465
2012-11-12,Metro,5143339
2012-11-12,Ecobici,12729
2012-11-12,Metrobús,763409
2012-11-13,Metro,5154435
2012-11-13,Ecobici,13725
2012-11-13,Metrobús,783592
2012-11-14,Metro,5336969
2012-11-14,Ecobici,13667
2012-11-14,Metrobús,801031
2012-11-15,Metro,5394825
2012-11-15,Ecobici,13758
2012-11-15,Metrobús,806918
2012-11-16,Metro,5509837
2012-11-16,Ecobici,13346
2012-11-16,Metrobús,865853
2012-11-17,Metro,4506459
2012-11-17,Ecobici,5536
2012-11-17,Metrobús,525371
2012-11-18,Metro,2871201
2012-11-18,Ecobici,3567
2012-11-18,Metrobús,313943
2012-11-19,Metro,3057890
2012-11-19,Ecobici,5399
2012-11-19,Metrobús,349944
2012-11-20,Metro,5076371
2012-11-20,Ecobici,12930
2012-11-20,Metrobús,755268
2012-11-21,Metro,5285209
2012-11-21,Ecobici,13347
2012-11-21,Metrobús,783241
2012-11-22,Metro,5303912
2012-11-22,Ecobici,13375
2012-11-22,Metrobús,786971
2012-11-23,Metro,5467411
2012-11-23,Ecobici,12793
2012-11-23,Metrobús,813382
2012-11-24,Metro,4321208
2012-11-24,Ecobici,6136
2012-11-24,Metrobús,517665
2012-11-25,Metro,2804367
2012-11-25,Ecobici,5618
2012-11-25,Metrobús,291143
2012-11-26,Metro,5140786
2012-11-26,Ecobici,13585
2012-11-26,Metrobús,750385
2012-11-27,Metro,5160344
2012-11-27,Ecobici,14872
2012-11-27,Metrobús,774376
2012-11-28,Metro,5334964
2012-11-28,Ecobici,15316
2012-11-28,Metrobús,782089
2012-11-29,Metro,5244765
2012-11-29,Ecobici,15099
2012-11-29,Metrobús,792450
2012-11-30,Metro,5563907
2012-11-30,Ecobici,15060
2012-11-30,Metrobús,838084
2012-12-01,Metro,3788853
2012-12-01,Ecobici,6437
2012-12-01,Metrobús,394091
2012-12-02,Metro,2935562
2012-12-02,Ecobici,6160
2012-12-02,Metrobús,303202
2012-12-03,Metro,5165142
2012-12-03,Ecobici,14730
2012-12-03,Metrobús,769788
2012-12-04,Metro,5329284
2012-12-04,Ecobici,15753
2012-12-04,Metrobús,789786
2012-12-05,Metro,5292620
2012-12-05,Ecobici,15694
2012-12-05,Metrobús,797747
2012-12-06,Metro,5302487
2012-12-06,Ecobici,15335
2012-12-06,Metrobús,799729
2012-12-07,Metro,5559997
2012-12-07,Ecobici,14403
2012-12-07,Metrobús,830981
2012-12-08,Metro,4458787
2012-12-08,Ecobici,6885
2012-12-08,Metrobús,529867
2012-12-09,Metro,2962205
2012-12-09,Ecobici,6082
2012-12-09,Metrobús,293384
2012-12-10,Metro,5134056
2012-12-10,Ecobici,14824
2012-12-10,Metrobús,759439
2012-12-11,Metro,5248065
2012-12-11,Ecobici,15620
2012-12-11,Metrobús,774763
2012-12-12,Metro,4807573
2012-12-12,Ecobici,13838
2012-12-12,Metrobús,678155
2012-12-13,Metro,5114989
2012-12-13,Ecobici,15023
2012-12-13,Metrobús,774297
2012-12-14,Metro,5353299
2012-12-14,Ecobici,14613
2012-12-14,Metrobús,833565
2012-12-15,Metro,4405268
2012-12-15,Ecobici,7077
2012-12-15,Metrobús,519120
2012-12-16,Metro,3150897
2012-12-16,Ecobici,6278
2012-12-16,Metrobús,326060
2012-12-17,Metro,4885504
2012-12-17,Ecobici,14406
2012-12-17,Metrobús,725894
2012-12-18,Metro,4926048
2012-12-18,Ecobici,15214
2012-12-18,Metrobús,728096
2012-12-19,Metro,4982409
2012-12-19,Ecobici,14694
2012-12-19,Metrobús,734482
2012-12-20,Metro,5025395
2012-12-20,Ecobici,13785
2012-12-20,Metrobús,697724
2012-12-21,Metro,5044891
2012-12-21,Ecobici,11904
2012-12-21,Metrobús,700762
2012-12-22,Metro,4255714
2012-12-22,Ecobici,5585
2012-12-22,Metrobús,469315
2012-12-23,Metro,3106832
2012-12-23,Ecobici,4811
2012-12-23,Metrobús,302206
2012-12-24,Metro,3208901
2012-12-24,Ecobici,5571
2012-12-24,Metrobús,379665
2012-12-25,Metro,1783698
2012-12-25,Ecobici,2238
2012-12-25,Metrobús,154609
2012-12-26,Metro,3986109
2012-12-26,Ecobici,8395
2012-12-26,Metrobús,519956
2012-12-27,Metro,4143065
2012-12-27,Ecobici,7743
2012-12-27,Metrobús,533466
2012-12-28,Metro,4316937
2012-12-28,Ecobici,8396
2012-12-28,Metrobús,567689
2012-12-29,Metro,3698251
2012-12-29,Ecobici,4392
2012-12-29,Metrobús,393640
2012-12-30,Metro,2685565
2012-12-30,Ecobici,4205
2012-12-30,Metrobús,245688
2012-12-31,Metro,2956462
2012-12-31,Ecobici,4852
2012-12-31,Metrobús,330754
2013-01-01,Metro,1808555
2013-01-01,Ecobici,2448
2013-01-01,Metrobús,152415
2013-01-02,Metro,3913511
2013-01-02,Ecobici,9338
2013-01-02,Metrobús,535431
2013-01-03,Metro,4472255
2013-01-03,Ecobici,11479
2013-01-03,Metrobús,599931
2013-01-04,Metro,4634481
2013-01-04,Ecobici,11518
2013-01-04,Metrobús,650060
2013-01-05,Metro,4024770
2013-01-05,Ecobici,6041
2013-01-05,Metrobús,467107
2013-01-06,Metro,2428050
2013-01-06,Ecobici,6032
2013-01-06,Metrobús,264993
2013-01-07,Metro,4636578
2013-01-07,Ecobici,14458
2013-01-07,Metrobús,680605
2013-01-08,Metro,4717316
2013-01-08,Ecobici,15489
2013-01-08,Metrobús,717029
2013-01-09,Metro,4769644
2013-01-09,Ecobici,16202
2013-01-09,Metrobús,722185
2013-01-10,Metro,4889862
2013-01-10,Ecobici,16301
2013-01-10,Metrobús,728571
2013-01-11,Metro,4917740
2013-01-11,Ecobici,16019
2013-01-11,Metrobús,758043
2013-01-12,Metro,3963287
2013-01-12,Ecobici,8087
2013-01-12,Metrobús,482054
2013-01-13,Metro,2599537
2013-01-13,Ecobici,8012
2013-01-13,Metrobús,256643
2013-01-14,Metro,4807844
2013-01-14,Ecobici,16545
2013-01-14,Metrobús,721550
2013-01-15,Metro,4983114
2013-01-15,Ecobici,17878
2013-01-15,Metrobús,748500
2013-01-16,Metro,5101955
2013-01-16,Ecobici,17612
2013-01-16,Metrobús,750330
2013-01-17,Metro,4988506
2013-01-17,Ecobici,16633
2013-01-17,Metrobús,737241
2013-01-18,Metro,5057275
2013-01-18,Ecobici,15116
2013-01-18,Metrobús,757949
2013-01-19,Metro,4076082
2013-01-19,Ecobici,7516
2013-01-19,Metrobús,463282
2013-01-20,Metro,2578509
2013-01-20,Ecobici,7285
2013-01-20,Metrobús,272945
2013-01-21,Metro,4825112
2013-01-21,Ecobici,15412
2013-01-21,Metrobús,738524
2013-01-22,Metro,4905991
2013-01-22,Ecobici,16331
2013-01-22,Metrobús,751737
2013-01-23,Metro,5076327
2013-01-23,Ecobici,16366
2013-01-23,Metrobús,762023
2013-01-24,Metro,5065005
2013-01-24,Ecobici,16641
2013-01-24,Metrobús,769440
2013-01-25,Metro,5249433
2013-01-25,Ecobici,16051
2013-01-25,Metrobús,795194
2013-01-26,Metro,4119235
2013-01-26,Ecobici,8244
2013-01-26,Metrobús,502078
2013-01-27,Metro,2614152
2013-01-27,Ecobici,8152
2013-01-27,Metrobús,274214
2013-01-28,Metro,5074979
2013-01-28,Ecobici,16672
2013-01-28,Metrobús,759661
2013-01-29,Metro,5078148
2013-01-29,Ecobici,18229
2013-01-29,Metrobús,776079
2013-01-30,Metro,5243673
2013-01-30,Ecobici,18169
2013-01-30,Metrobús,783882
2013-01-31,Metro,5228196
2013-01-31,Ecobici,18283
2013-01-31,Metrobús,792072
2013-02-01,Metro,5438583
2013-02-01,Ecobici,16903
2013-02-01,Metrobús,831154
2013-02-02,Metro,4136880
2013-02-02,Ecobici,7511
2013-02-02,Metrobús,435955
2013-02-03,Metro,2550104
2013-02-03,Ecobici,4065
2013-02-03,Metrobús,260278
2013-02-04,Metro,2888348
2013-02-04,Ecobici,4746
2013-02-04,Metrobús,319448
2013-02-05,Metro,5045434
2013-02-05,Ecobici,16604
2013-02-05,Metrobús,789194
2013-02-06,Metro,5201840
2013-02-06,Ecobici,18151
2013-02-06,Metrobús,794879
2013-02-07,Metro,5209484
2013-02-07,Ecobici,17537
2013-02-07,Metrobús,790435
2013-02-08,Metro,5418351
2013-02-08,Ecobici,17694
2013-02-08,Metrobús,822703
2013-02-09,Metro,4178634
2013-02-09,Ecobici,9021
2013-02-09,Metrobús,523856
2013-02-10,Metro,2724860
2013-02-10,Ecobici,8546
2013-02-10,Metrobús,279641
2013-02-11,Metro,5052485
2013-02-11,Ecobici,17460
2013-02-11,Metrobús,776651
2013-02-12,Metro,5134085
2013-02-12,Ecobici,18757
2013-02-12,Metrobús,789912
2013-02-13,Metro,5285059
2013-02-13,Ecobici,18663
2013-02-13,Metrobús,803710
2013-02-14,Metro,5316135
2013-02-14,Ecobici,18231
2013-02-14,Metrobús,809463
2013-02-15,Metro,5387549
2013-02-15,Ecobici,17498
2013-02-15,Metrobús,829816
2013-02-16,Metro,4319371
2013-02-16,Ecobici,7773
2013-02-16,Metrobús,512149
2013-02-17,Metro,2706433
2013-02-17,Ecobici,7750
2013-02-17,Metrobús,295389
2013-02-18,Metro,5123155
2013-02-18,Ecobici,18290
2013-02-18,Metrobús,777540
2013-02-19,Metro,5154414
2013-02-19,Ecobici,19017
2013-02-19,Metrobús,787026
2013-02-20,Metro,5260282
2013-02-20,Ecobici,19369
2013-02-20,Metrobús,794782
2013-02-21,Metro,5335410
2013-02-21,Ecobici,18833
2013-02-21,Metrobús,792176
2013-02-22,Metro,5392927
2013-02-22,Ecobici,17586
2013-02-22,Metrobús,814987
2013-02-23,Metro,4289157
2013-02-23,Ecobici,9322
2013-02-23,Metrobús,516612
2013-02-24,Metro,2739068
2013-02-24,Ecobici,8159
2013-02-24,Metrobús,279438
2013-02-25,Metro,5058421
2013-02-25,Ecobici,17872
2013-02-25,Metrobús,765636
2013-02-26,Metro,5160610
2013-02-26,Ecobici,19075
2013-02-26,Metrobús,786128
2013-02-27,Metro,5169970
2013-02-27,Ecobici,14569
2013-02-27,Metrobús,796852
2013-02-28,Metro,5327931
2013-02-28,Ecobici,18902
2013-02-28,Metrobús,812861
2013-03-01,Metro,5554976
2013-03-01,Ecobici,17231
2013-03-01,Metrobús,836925
2013-03-02,Metro,4403590
2013-03-02,Ecobici,7319
2013-03-02,Metrobús,530768
2013-03-03,Metro,2849749
2013-03-03,Ecobici,7020
2013-03-03,Metrobús,304434
2013-03-04,Metro,5041239
2013-03-04,Ecobici,17064
2013-03-04,Metrobús,778123
2013-03-05,Metro,5260915
2013-03-05,Ecobici,18336
2013-03-05,Metrobús,786287
2013-03-06,Metro,5266869
2013-03-06,Ecobici,18136
2013-03-06,Metrobús,799058
2013-03-07,Metro,5263688
2013-03-07,Ecobici,18362
2013-03-07,Metrobús,790219
2013-03-08,Metro,5357000
2013-03-08,Ecobici,17540
2013-03-08,Metrobús,831507
2013-03-09,Metro,4257058
2013-03-09,Ecobici,8691
2013-03-09,Metrobús,513670
2013-03-10,Metro,2727919
2013-03-10,Ecobici,8260
2013-03-10,Metrobús,279702
2013-03-11,Metro,4990073
2013-03-11,Ecobici,18425
2013-03-11,Metrobús,766086
2013-03-12,Metro,5162257
2013-03-12,Ecobici,19379
2013-03-12,Metrobús,775799
2013-03-13,Metro,5186726
2013-03-13,Ecobici,18626
2013-03-13,Metrobús,785848
2013-03-14,Metro,5189121
2013-03-14,Ecobici,17708
2013-03-14,Metrobús,779998
2013-03-15,Metro,5358999
2013-03-15,Ecobici,13643
2013-03-15,Metrobús,802967
2013-03-16,Metro,4267967
2013-03-16,Ecobici,6992
2013-03-16,Metrobús,480527
2013-03-17,Metro,2733101
2013-03-17,Ecobici,6980
2013-03-17,Metrobús,300465
2013-03-18,Metro,2962245
2013-03-18,Ecobici,7652
2013-03-18,Metrobús,330035
2013-03-19,Metro,5053648
2013-03-19,Ecobici,18402
2013-03-19,Metrobús,780720
2013-03-20,Metro,5229481
2013-03-20,Ecobici,18899
2013-03-20,Metrobús,792008
2013-03-21,Metro,5263986
2013-03-21,Ecobici,18895
2013-03-21,Metrobús,775485
2013-03-22,Metro,5352230
2013-03-22,Ecobici,17634
2013-03-22,Metrobús,800001
2013-03-23,Metro,4083698
2013-03-23,Ecobici,8808
2013-03-23,Metrobús,489191
2013-03-24,Metro,2659842
2013-03-24,Ecobici,8531
2013-03-24,Metrobús,273389
2013-03-25,Metro,4473241
2013-03-25,Ecobici,16493
2013-03-25,Metrobús,645333
2013-03-26,Metro,4529144
2013-03-26,Ecobici,15807
2013-03-26,Metrobús,649941
2013-03-27,Metro,4590703
2013-03-27,Ecobici,14694
2013-03-27,Metrobús,641276
2013-03-28,Metro,3193369
2013-03-28,Ecobici,7026
2013-03-28,Metrobús,366260
2013-03-29,Metro,2197861
2013-03-29,Ecobici,6474
2013-03-29,Metrobús,238729
2013-03-30,Metro,2559934
2013-03-30,Ecobici,6883
2013-03-30,Metrobús,301019
2013-03-31,Metro,2250576
2013-03-31,Ecobici,7423
2013-03-31,Metrobús,228530
2013-04-01,Metro,4815337
2013-04-01,Ecobici,16670
2013-04-01,Metrobús,688061
2013-04-02,Metro,5007491
2013-04-02,Ecobici,18504
2013-04-02,Metrobús,733462
2013-04-03,Metro,5179450
2013-04-03,Ecobici,18519
2013-04-03,Metrobús,743860
2013-04-04,Metro,5138723
2013-04-04,Ecobici,18991
2013-04-04,Metrobús,739319
2013-04-05,Metro,5259076
2013-04-05,Ecobici,18027
2013-04-05,Metrobús,754421
2013-04-06,Metro,4127605
2013-04-06,Ecobici,8571
2013-04-06,Metrobús,456933
2013-04-07,Metro,2613556
2013-04-07,Ecobici,7711
2013-04-07,Metrobús,247921
2013-04-08,Metro,4979271
2013-04-08,Ecobici,19774
2013-04-08,Metrobús,744162
2013-04-09,Metro,5133813
2013-04-09,Ecobici,10817
2013-04-09,Metrobús,772774
2013-04-10,Metro,5195610
2013-04-10,Ecobici,20141
2013-04-10,Metrobús,775154
2013-04-11,Metro,5284779
2013-04-11,Ecobici,20395
2013-04-11,Metrobús,769249
2013-04-12,Metro,5301132
2013-04-12,Ecobici,19411
2013-04-12,Metrobús,796511
2013-04-13,Metro,4278153
2013-04-13,Ecobici,9580
2013-04-13,Metrobús,501616
2013-04-14,Metro,2709128
2013-04-14,Ecobici,8723
2013-04-14,Metrobús,277767
2013-04-15,Metro,5104603
2013-04-15,Ecobici,19744
2013-04-15,Metrobús,767835
2013-04-16,Metro,5186390
2013-04-16,Ecobici,21007
2013-04-16,Metrobús,756379
2013-04-17,Metro,5248920
2013-04-17,Ecobici,20243
2013-04-17,Metrobús,768174
2013-04-18,Metro,5246543
2013-04-18,Ecobici,20682
2013-04-18,Metrobús,762427
2013-04-19,Metro,5385892
2013-04-19,Ecobici,19949
2013-04-19,Metrobús,792190
2013-04-20,Metro,4209661
2013-04-20,Ecobici,9692
2013-04-20,Metrobús,489140
2013-04-21,Metro,2683453
2013-04-21,Ecobici,9016
2013-04-21,Metrobús,268922
2013-04-22,Metro,5040126
2013-04-22,Ecobici,19577
2013-04-22,Metrobús,738679
2013-04-23,Metro,5091683
2013-04-23,Ecobici,18799
2013-04-23,Metrobús,755074
2013-04-24,Metro,5182940
2013-04-24,Ecobici,19213
2013-04-24,Metrobús,753037
2013-04-25,Metro,5264460
2013-04-25,Ecobici,18051
2013-04-25,Metrobús,757956
2013-04-26,Metro,5281066
2013-04-26,Ecobici,19322
2013-04-26,Metrobús,781031
2013-04-27,Metro,4213633
2013-04-27,Ecobici,10123
2013-04-27,Metrobús,498746
2013-04-28,Metro,2771920
2013-04-28,Ecobici,9175
2013-04-28,Metrobús,274476
2013-04-29,Metro,5113458
2013-04-29,Ecobici,20672
2013-04-29,Metrobús,749333
2013-04-30,Metro,5176517
2013-04-30,Ecobici,21918
2013-04-30,Metrobús,787118
2013-05-01,Metro,3263215
2013-05-01,Ecobici,11396
2013-05-01,Metrobús,350187
2013-05-02,Metro,5189463
2013-05-02,Ecobici,21136
2013-05-02,Metrobús,761153
2013-05-03,Metro,5382640
2013-05-03,Ecobici,20577
2013-05-03,Metrobús,794921
2013-05-04,Metro,4151863
2013-05-04,Ecobici,9974
2013-05-04,Metrobús,482727
2013-05-05,Metro,2675412
2013-05-05,Ecobici,9485
2013-05-05,Metrobús,268879
2013-05-06,Metro,4933943
2013-05-06,Ecobici,20480
2013-05-06,Metrobús,705091
2013-05-07,Metro,5159213
2013-05-07,Ecobici,22044
2013-05-07,Metrobús,760258
2013-05-08,Metro,5238128
2013-05-08,Ecobici,22570
2013-05-08,Metrobús,769967
2013-05-09,Metro,5281032
2013-05-09,Ecobici,21967
2013-05-09,Metrobús,793152
2013-05-10,Metro,4438057
2013-05-10,Ecobici,17123
2013-05-10,Metrobús,582305
2013-05-11,Metro,3856702
2013-05-11,Ecobici,9766
2013-05-11,Metrobús,451279
2013-05-12,Metro,2524140
2013-05-12,Ecobici,8974
2013-05-12,Metrobús,246143
2013-05-13,Metro,4936712
2013-05-13,Ecobici,16503
2013-05-13,Metrobús,721004
2013-05-14,Metro,5143642
2013-05-14,Ecobici,22014
2013-05-14,Metrobús,754608
2013-05-15,Metro,5106468
2013-05-15,Ecobici,22441
2013-05-15,Metrobús,719838
2013-05-16,Metro,5196296
2013-05-16,Ecobici,22383
2013-05-16,Metrobús,778704
2013-05-17,Metro,5395395
2013-05-17,Ecobici,20211
2013-05-17,Metrobús,811717
2013-05-18,Metro,4153180
2013-05-18,Ecobici,10387
2013-05-18,Metrobús,496219
2013-05-19,Metro,2700683
2013-05-19,Ecobici,9348
2013-05-19,Metrobús,271532
2013-05-20,Metro,5110665
2013-05-20,Ecobici,20608
2013-05-20,Metrobús,735257
2013-05-21,Metro,5143321
2013-05-21,Ecobici,22221
2013-05-21,Metrobús,753915
2013-05-22,Metro,5224535
2013-05-22,Ecobici,19383
2013-05-22,Metrobús,766071
2013-05-23,Metro,5176440
2013-05-23,Ecobici,20011
2013-05-23,Metrobús,762106
2013-05-24,Metro,5274142
2013-05-24,Ecobici,21576
2013-05-24,Metrobús,761092
2013-05-25,Metro,4097335
2013-05-25,Ecobici,8633
2013-05-25,Metrobús,489588
2013-05-26,Metro,2615805
2013-05-26,Ecobici,8313
2013-05-26,Metrobús,293550
2013-05-27,Metro,4912998
2013-05-27,Ecobici,20319
2013-05-27,Metrobús,712102
2013-05-28,Metro,5152465
2013-05-28,Ecobici,23531
2013-05-28,Metrobús,740452
2013-05-29,Metro,5156641
2013-05-29,Ecobici,23695
2013-05-29,Metrobús,740106
2013-05-30,Metro,5165011
2013-05-30,Ecobici,23226
2013-05-30,Metrobús,756717
2013-05-31,Metro,5378935
2013-05-31,Ecobici,21266
2013-05-31,Metrobús,792876
2013-06-01,Metro,4316326
2013-06-01,Ecobici,11067
2013-06-01,Metrobús,501395
2013-06-02,Metro,2926190
2013-06-02,Ecobici,10386
2013-06-02,Metrobús,277615
2013-06-03,Metro,5027971
2013-06-03,Ecobici,22436
2013-06-03,Metrobús,735536
2013-06-04,Metro,5041917
2013-06-04,Ecobici,23833
2013-06-04,Metrobús,748841
2013-06-05,Metro,5206829
2013-06-05,Ecobici,24300
2013-06-05,Metrobús,753585
2013-06-06,Metro,5174012
2013-06-06,Ecobici,23745
2013-06-06,Metrobús,759678
2013-06-07,Metro,5247534
2013-06-07,Ecobici,22541
2013-06-07,Metrobús,783422
2013-06-08,Metro,4295340
2013-06-08,Ecobici,11183
2013-06-08,Metrobús,498065
2013-06-09,Metro,2587145
2013-06-09,Ecobici,8336
2013-06-09,Metrobús,257933
2013-06-10,Metro,4940324
2013-06-10,Ecobici,21375
2013-06-10,Metrobús,712656
2013-06-11,Metro,4945624
2013-06-11,Ecobici,20600
2013-06-11,Metrobús,730444
2013-06-12,Metro,5084256
2013-06-12,Ecobici,21235
2013-06-12,Metrobús,741043
2013-06-13,Metro,4967678
2013-06-13,Ecobici,21702
2013-06-13,Metrobús,741698
2013-06-14,Metro,5109909
2013-06-14,Ecobici,16542
2013-06-14,Metrobús,764453
2013-06-15,Metro,4260989
2013-06-15,Ecobici,10066
2013-06-15,Metrobús,487771
2013-06-16,Metro,2637903
2013-06-16,Ecobici,8669
2013-06-16,Metrobús,248069
2013-06-17,Metro,4954606
2013-06-17,Ecobici,22771
2013-06-17,Metrobús,719489
2013-06-18,Metro,4998137
2013-06-18,Ecobici,25012
2013-06-18,Metrobús,743290
2013-06-19,Metro,5059275
2013-06-19,Ecobici,19642
2013-06-19,Metrobús,742433
2013-06-20,Metro,4859251
2013-06-20,Ecobici,18295
2013-06-20,Metrobús,719629
2013-06-21,Metro,5024334
2013-06-21,Ecobici,12677
2013-06-21,Metrobús,737744
2013-06-22,Metro,4090817
2013-06-22,Ecobici,8240
2013-06-22,Metrobús,468811
2013-06-23,Metro,2836571
2013-06-23,Ecobici,8599
2013-06-23,Metrobús,290792
2013-06-24,Metro,4870396
2013-06-24,Ecobici,20354
2013-06-24,Metrobús,697769
2013-06-25,Metro,4924685
2013-06-25,Ecobici,22507
2013-06-25,Metrobús,728055
2013-06-26,Metro,4996454
2013-06-26,Ecobici,22820
2013-06-26,Metrobús,735974
2013-06-27,Metro,4993106
2013-06-27,Ecobici,22905
2013-06-27,Metrobús,744347
2013-06-28,Metro,5178263
2013-06-28,Ecobici,22654
2013-06-28,Metrobús,782518
2013-06-29,Metro,4283319
2013-06-29,Ecobici,9559
2013-06-29,Metrobús,454269
2013-06-30,Metro,2890772
2013-06-30,Ecobici,10018
2013-06-30,Metrobús,267347
2013-07-01,Metro,4825363
2013-07-01,Ecobici,22790
2013-07-01,Metrobús,711802
2013-07-02,Metro,4960950
2013-07-02,Ecobici,23322
2013-07-02,Metrobús,730011
2013-07-03,Metro,4988851
2013-07-03,Ecobici,22105
2013-07-03,Metrobús,729477
2013-07-04,Metro,4888488
2013-07-04,Ecobici,20519
2013-07-04,Metrobús,710093
2013-07-05,Metro,4751550
2013-07-05,Ecobici,17326
2013-07-05,Metrobús,709083
2013-07-06,Metro,3871021
2013-07-06,Ecobici,10480
2013-07-06,Metrobús,452638
2013-07-07,Metro,2541672
2013-07-07,Ecobici,9474
2013-07-07,Metrobús,245247
2013-07-08,Metro,4740445
2013-07-08,Ecobici,21961
2013-07-08,Metrobús,677991
2013-07-09,Metro,4802836
2013-07-09,Ecobici,24074
2013-07-09,Metrobús,698708
2013-07-10,Metro,4939428
2013-07-10,Ecobici,20573
2013-07-10,Metrobús,711035
2013-07-11,Metro,4864444
2013-07-11,Ecobici,18426
2013-07-11,Metrobús,706278
2013-07-12,Metro,5004446
2013-07-12,Ecobici,21883
2013-07-12,Metrobús,712272
2013-07-13,Metro,4022555
2013-07-13,Ecobici,8353
2013-07-13,Metrobús,432363
2013-07-14,Metro,2651937
2013-07-14,Ecobici,9933
2013-07-14,Metrobús,252846
2013-07-15,Metro,4864771
2013-07-15,Ecobici,22769
2013-07-15,Metrobús,684850
2013-07-16,Metro,4882650
2013-07-16,Ecobici,23878
2013-07-16,Metrobús,694263
2013-07-17,Metro,4934105
2013-07-17,Ecobici,16922
2013-07-17,Metrobús,691797
2013-07-18,Metro,4796460
2013-07-18,Ecobici,21624
2013-07-18,Metrobús,671003
2013-07-19,Metro,4896557
2013-07-19,Ecobici,19277
2013-07-19,Metrobús,691119
2013-07-20,Metro,4030262
2013-07-20,Ecobici,8788
2013-07-20,Metrobús,428190
2013-07-21,Metro,2719261
2013-07-21,Ecobici,9892
2013-07-21,Metrobús,252050
2013-07-22,Metro,4666523
2013-07-22,Ecobici,20101
2013-07-22,Metrobús,646494
2013-07-23,Metro,4794491
2013-07-23,Ecobici,23269
2013-07-23,Metrobús,671826
2013-07-24,Metro,4877381
2013-07-24,Ecobici,22736
2013-07-24,Metrobús,676208
2013-07-25,Metro,4845835
2013-07-25,Ecobici,22781
2013-07-25,Metrobús,671109
2013-07-26,Metro,4853421
2013-07-26,Ecobici,22164
2013-07-26,Metrobús,684445
2013-07-27,Metro,3980226
2013-07-27,Ecobici,10940
2013-07-27,Metrobús,426497
2013-07-28,Metro,2747300
2013-07-28,Ecobici,9945
2013-07-28,Metrobús,252261
2013-07-29,Metro,4868559
2013-07-29,Ecobici,22703
2013-07-29,Metrobús,662141
2013-07-30,Metro,4935263
2013-07-30,Ecobici,23305
2013-07-30,Metrobús,700195
2013-07-31,Metro,5026799
2013-07-31,Ecobici,24254
2013-07-31,Metrobús,710218
2013-08-01,Metro,5147595
2013-08-01,Ecobici,20148
2013-08-01,Metrobús,708741
2013-08-02,Metro,5215280
2013-08-02,Ecobici,22617
2013-08-02,Metrobús,725215
2013-08-03,Metro,4275791
2013-08-03,Ecobici,9991
2013-08-03,Metrobús,446752
2013-08-04,Metro,2843251
2013-08-04,Ecobici,9176
2013-08-04,Metrobús,249809
2013-08-05,Metro,5144248
2013-08-05,Ecobici,22608
2013-08-05,Metrobús,705696
2013-08-06,Metro,5353949
2013-08-06,Ecobici,25044
2013-08-06,Metrobús,713975
2013-08-07,Metro,5374218
2013-08-07,Ecobici,22709
2013-08-07,Metrobús,723861
2013-08-08,Metro,5341833
2013-08-08,Ecobici,24235
2013-08-08,Metrobús,735846
2013-08-09,Metro,5433542
2013-08-09,Ecobici,20523
2013-08-09,Metrobús,746615
2013-08-10,Metro,4253887
2013-08-10,Ecobici,10607
2013-08-10,Metrobús,470899
2013-08-11,Metro,2753799
2013-08-11,Ecobici,8347
2013-08-11,Metrobús,269336
2013-08-12,Metro,5228652
2013-08-12,Ecobici,20414
2013-08-12,Metrobús,705306
2013-08-13,Metro,5334685
2013-08-13,Ecobici,25501
2013-08-13,Metrobús,732570
2013-08-14,Metro,5437454
2013-08-14,Ecobici,24967
2013-08-14,Metrobús,747360
2013-08-15,Metro,5552220
2013-08-15,Ecobici,22537
2013-08-15,Metrobús,751674
2013-08-16,Metro,5570377
2013-08-16,Ecobici,23877
2013-08-16,Metrobús,782126
2013-08-17,Metro,4441716
2013-08-17,Ecobici,11009
2013-08-17,Metrobús,478060
2013-08-18,Metro,2896208
2013-08-18,Ecobici,11576
2013-08-18,Metrobús,267748
2013-08-19,Metro,5223600
2013-08-19,Ecobici,24752
2013-08-19,Metrobús,730935
2013-08-20,Metro,5280744
2013-08-20,Ecobici,23061
2013-08-20,Metrobús,716904
2013-08-21,Metro,5432402
2013-08-21,Ecobici,24884
2013-08-21,Metrobús,741018
2013-08-22,Metro,5380629
2013-08-22,Ecobici,25753
2013-08-22,Metrobús,739576
2013-08-23,Metro,5587220
2013-08-23,Ecobici,25151
2013-08-23,Metrobús,783410
2013-08-24,Metro,4421776
2013-08-24,Ecobici,11744
2013-08-24,Metrobús,453440
2013-08-25,Metro,2808685
2013-08-25,Ecobici,10234
2013-08-25,Metrobús,221779
2013-08-26,Metro,5170157
2013-08-26,Ecobici,17194
2013-08-26,Metrobús,730070
2013-08-27,Metro,5349780
2013-08-27,Ecobici,27380
2013-08-27,Metrobús,737252
2013-08-28,Metro,5518886
2013-08-28,Ecobici,28893
2013-08-28,Metrobús,738153
2013-08-29,Metro,5400189
2013-08-29,Ecobici,25524
2013-08-29,Metrobús,731294
2013-08-30,Metro,5560543
2013-08-30,Ecobici,24908
2013-08-30,Metrobús,759382
2013-08-31,Metro,4453323
2013-08-31,Ecobici,10582
2013-08-31,Metrobús,455219
2013-09-01,Metro,2850031
2013-09-01,Ecobici,10252
2013-09-01,Metrobús,253110
2013-09-02,Metro,5270844
2013-09-02,Ecobici,23481
2013-09-02,Metrobús,737796
2013-09-03,Metro,5427725
2013-09-03,Ecobici,25703
2013-09-03,Metrobús,672712
2013-09-04,Metro,5519088
2013-09-04,Ecobici,26087
2013-09-04,Metrobús,708401
2013-09-05,Metro,5477723
2013-09-05,Ecobici,21987
2013-09-05,Metrobús,705018
2013-09-06,Metro,5554046
2013-09-06,Ecobici,17300
2013-09-06,Metrobús,756229
2013-09-07,Metro,4131644
2013-09-07,Ecobici,10025
2013-09-07,Metrobús,443586
2013-09-08,Metro,2774253
2013-09-08,Ecobici,8407
2013-09-08,Metrobús,244138
2013-09-09,Metro,5132346
2013-09-09,Ecobici,15846
2013-09-09,Metrobús,712475
2013-09-10,Metro,5379427
2013-09-10,Ecobici,25759
2013-09-10,Metrobús,740779
2013-09-11,Metro,5563988
2013-09-11,Ecobici,28996
2013-09-11,Metrobús,743621
2013-09-12,Metro,5499583
2013-09-12,Ecobici,27161
2013-09-12,Metrobús,743883
2013-09-13,Metro,5609468
2013-09-13,Ecobici,21216
2013-09-13,Metrobús,736730
2013-09-14,Metro,4000481
2013-09-14,Ecobici,5389
2013-09-14,Metrobús,412206
2013-09-15,Metro,2290672
2013-09-15,Ecobici,6336
2013-09-15,Metrobús,213321
2013-09-16,Metro,2071215
2013-09-16,Ecobici,5374
2013-09-16,Metrobús,202636
2013-09-17,Metro,5166604
2013-09-17,Ecobici,19698
2013-09-17,Metrobús,741337
2013-09-18,Metro,5375774
2013-09-18,Ecobici,23270
2013-09-18,Metrobús,735908
2013-09-19,Metro,5405216
2013-09-19,Ecobici,25832
2013-09-19,Metrobús,741903
2013-09-20,Metro,5504813
2013-09-20,Ecobici,23942
2013-09-20,Metrobús,767281
2013-09-21,Metro,4227962
2013-09-21,Ecobici,11199
2013-09-21,Metrobús,473925
2013-09-22,Metro,2743621
2013-09-22,Ecobici,10907
2013-09-22,Metrobús,265699
2013-09-23,Metro,5236131
2013-09-23,Ecobici,24972
2013-09-23,Metrobús,728748
2013-09-24,Metro,5379591
2013-09-24,Ecobici,24015
2013-09-24,Metrobús,752511
2013-09-25,Metro,5422828
2013-09-25,Ecobici,27765
2013-09-25,Metrobús,753795
2013-09-26,Metro,5378691
2013-09-26,Ecobici,25134
2013-09-26,Metrobús,758533
2013-09-27,Metro,5670911
2013-09-27,Ecobici,27249
2013-09-27,Metrobús,791019
2013-09-28,Metro,4379514
2013-09-28,Ecobici,12665
2013-09-28,Metrobús,497077
2013-09-29,Metro,2768459
2013-09-29,Ecobici,11005
2013-09-29,Metrobús,276077
2013-09-30,Metro,5309173
2013-09-30,Ecobici,27041
2013-09-30,Metrobús,725343
2013-10-01,Metro,5489297
2013-10-01,Ecobici,29337
2013-10-01,Metrobús,765987
2013-10-02,Metro,5484457
2013-10-02,Ecobici,29545
2013-10-02,Metrobús,730826
2013-10-03,Metro,5440070
2013-10-03,Ecobici,28768
2013-10-03,Metrobús,762770
2013-10-04,Metro,5642163
2013-10-04,Ecobici,27865
2013-10-04,Metrobús,774425
2013-10-05,Metro,4490168
2013-10-05,Ecobici,11828
2013-10-05,Metrobús,478658
2013-10-06,Metro,2831678
2013-10-06,Ecobici,11209
2013-10-06,Metrobús,284711
2013-10-07,Metro,5180103
2013-10-07,Ecobici,24944
2013-10-07,Metrobús,722993
2013-10-08,Metro,5405879
2013-10-08,Ecobici,28716
2013-10-08,Metrobús,753034
2013-10-09,Metro,5421388
2013-10-09,Ecobici,24442
2013-10-09,Metrobús,763821
2013-10-10,Metro,5424974
2013-10-10,Ecobici,25921
2013-10-10,Metrobús,752204
2013-10-11,Metro,5573244
2013-10-11,Ecobici,27484
2013-10-11,Metrobús,786823
2013-10-12,Metro,4395519
2013-10-12,Ecobici,12793
2013-10-12,Metrobús,483799
2013-10-13,Metro,2808909
2013-10-13,Ecobici,11582
2013-10-13,Metrobús,261163
2013-10-14,Metro,5292835
2013-10-14,Ecobici,27552
2013-10-14,Metrobús,733248
2013-10-15,Metro,5430185
2013-10-15,Ecobici,29484
2013-10-15,Metrobús,766935
2013-10-16,Metro,5588037
2013-10-16,Ecobici,29598
2013-10-16,Metrobús,760078
2013-10-17,Metro,5543530
2013-10-17,Ecobici,24846
2013-10-17,Metrobús,753725
2013-10-18,Metro,5622503
2013-10-18,Ecobici,25588
2013-10-18,Metrobús,781852
2013-10-19,Metro,4409972
2013-10-19,Ecobici,8861
2013-10-19,Metrobús,481372
2013-10-20,Metro,2875955
2013-10-20,Ecobici,11101
2013-10-20,Metrobús,262413
2013-10-21,Metro,5194219
2013-10-21,Ecobici,26769
2013-10-21,Metrobús,713022
2013-10-22,Metro,5355506
2013-10-22,Ecobici,18067
2013-10-22,Metrobús,740580
2013-10-23,Metro,5338527
2013-10-23,Ecobici,23259
2013-10-23,Metrobús,735045
2013-10-24,Metro,5449195
2013-10-24,Ecobici,27315
2013-10-24,Metrobús,742360
2013-10-25,Metro,5605460
2013-10-25,Ecobici,26166
2013-10-25,Metrobús,757984
2013-10-26,Metro,4408441
2013-10-26,Ecobici,14262
2013-10-26,Metrobús,463120
2013-10-27,Metro,2974896
2013-10-27,Ecobici,11403
2013-10-27,Metrobús,258394
2013-10-28,Metro,5458014
2013-10-28,Ecobici,27759
2013-10-28,Metrobús,727012
2013-10-29,Metro,5408482
2013-10-29,Ecobici,29636
2013-10-29,Metrobús,749041
2013-10-30,Metro,5535719
2013-10-30,Ecobici,28599
2013-10-30,Metrobús,768059
2013-10-31,Metro,5638776
2013-10-31,Ecobici,28741
2013-10-31,Metrobús,772543
2013-11-01,Metro,5402090
2013-11-01,Ecobici,24211
2013-11-01,Metrobús,691342
2013-11-02,Metro,3697226
2013-11-02,Ecobici,9582
2013-11-02,Metrobús,376212
2013-11-03,Metro,2698806
2013-11-03,Ecobici,10158
2013-11-03,Metrobús,247275
2013-11-04,Metro,5350875
2013-11-04,Ecobici,27900
2013-11-04,Metrobús,733684
2013-11-05,Metro,5461586
2013-11-05,Ecobici,29988
2013-11-05,Metrobús,744961
2013-11-06,Metro,5645144
2013-11-06,Ecobici,29893
2013-11-06,Metrobús,831249
2013-11-07,Metro,5541334
2013-11-07,Ecobici,29266
2013-11-07,Metrobús,811822
2013-11-08,Metro,5723830
2013-11-08,Ecobici,28441
2013-11-08,Metrobús,847916
2013-11-09,Metro,4662980
2013-11-09,Ecobici,13843
2013-11-09,Metrobús,539711
2013-11-10,Metro,2991861
2013-11-10,Ecobici,11061
2013-11-10,Metrobús,313372
2013-11-11,Metro,5365932
2013-11-11,Ecobici,27749
2013-11-11,Metrobús,799719
2013-11-12,Metro,5474663
2013-11-12,Ecobici,26720
2013-11-12,Metrobús,803906
2013-11-13,Metro,5476692
2013-11-13,Ecobici,23836
2013-11-13,Metrobús,782264
2013-11-14,Metro,5510473
2013-11-14,Ecobici,27187
2013-11-14,Metrobús,832588
2013-11-15,Metro,5844753
2013-11-15,Ecobici,27002
2013-11-15,Metrobús,898243
2013-11-16,Metro,4786989
2013-11-16,Ecobici,12013
2013-11-16,Metrobús,573828
2013-11-17,Metro,3160098
2013-11-17,Ecobici,10084
2013-11-17,Metrobús,345080
2013-11-18,Metro,3211463
2013-11-18,Ecobici,9267
2013-11-18,Metrobús,370995
2013-11-19,Metro,5414209
2013-11-19,Ecobici,20777
2013-11-19,Metrobús,813712
2013-11-20,Metro,5532764
2013-11-20,Ecobici,28379
2013-11-20,Metrobús,816363
2013-11-21,Metro,5549956
2013-11-21,Ecobici,27443
2013-11-21,Metrobús,828070
2013-11-22,Metro,5762274
2013-11-22,Ecobici,26032
2013-11-22,Metrobús,850993
2013-11-23,Metro,4548200
2013-11-23,Ecobici,12934
2013-11-23,Metrobús,526996
2013-11-24,Metro,2877059
2013-11-24,Ecobici,10315
2013-11-24,Metrobús,297759
2013-11-25,Metro,5340335
2013-11-25,Ecobici,27582
2013-11-25,Metrobús,797332
2013-11-26,Metro,5529114
2013-11-26,Ecobici,29301
2013-11-26,Metrobús,819188
2013-11-27,Metro,5539203
2013-11-27,Ecobici,28401
2013-11-27,Metrobús,812047
2013-11-28,Metro,5681374
2013-11-28,Ecobici,28603
2013-11-28,Metrobús,828592
2013-11-29,Metro,5814576
2013-11-29,Ecobici,26453
2013-11-29,Metrobús,864744
2013-11-30,Metro,4759544
2013-11-30,Ecobici,11841
2013-11-30,Metrobús,544648
2013-12-01,Metro,3118156
2013-12-01,Ecobici,10618
2013-12-01,Metrobús,324529
2013-12-02,Metro,5347078
2013-12-02,Ecobici,26671
2013-12-02,Metrobús,789863
2013-12-03,Metro,5532034
2013-12-03,Ecobici,28715
2013-12-03,Metrobús,801494
2013-12-04,Metro,5542057
2013-12-04,Ecobici,29299
2013-12-04,Metrobús,805057
2013-12-05,Metro,5646860
2013-12-05,Ecobici,29356
2013-12-05,Metrobús,822738
2013-12-06,Metro,5725398
2013-12-06,Ecobici,27082
2013-12-06,Metrobús,833555
2013-12-07,Metro,4637149
2013-12-07,Ecobici,10922
2013-12-07,Metrobús,527931
2013-12-08,Metro,3137466
2013-12-08,Ecobici,10876
2013-12-08,Metrobús,318704
2013-12-09,Metro,5270949
2013-12-09,Ecobici,26239
2013-12-09,Metrobús,766410
2013-12-10,Metro,5349744
2013-12-10,Ecobici,29870
2013-12-10,Metrobús,810524
2013-12-11,Metro,5532288
2013-12-11,Ecobici,28686
2013-12-11,Metrobús,824037
2013-12-12,Metro,4970994
2013-12-12,Ecobici,24697
2013-12-12,Metrobús,716623
2013-12-13,Metro,4320427
2013-12-13,Ecobici,26880
2013-12-13,Metrobús,842017
2013-12-14,Metro,3937591
2013-12-14,Ecobici,12537
2013-12-14,Metrobús,557508
2013-12-15,Metro,3046712
2013-12-15,Ecobici,10308
2013-12-15,Metrobús,345692
2013-12-16,Metro,4640191
2013-12-16,Ecobici,26598
2013-12-16,Metrobús,748233
2013-12-17,Metro,4791085
2013-12-17,Ecobici,27833
2013-12-17,Metrobús,782077
2013-12-18,Metro,4853014
2013-12-18,Ecobici,26912
2013-12-18,Metrobús,770836
2013-12-19,Metro,4878356
2013-12-19,Ecobici,25702
2013-12-19,Metrobús,765053
2013-12-20,Metro,4659138
2013-12-20,Ecobici,23430
2013-12-20,Metrobús,765381
2013-12-21,Metro,4091339
2013-12-21,Ecobici,10343
2013-12-21,Metrobús,502331
2013-12-22,Metro,3113974
2013-12-22,Ecobici,8737
2013-12-22,Metrobús,340156
2013-12-23,Metro,4425999
2013-12-23,Ecobici,17318
2013-12-23,Metrobús,634867
2013-12-24,Metro,3283825
2013-12-24,Ecobici,10512
2013-12-24,Metrobús,433183
2013-12-25,Metro,1698584
2013-12-25,Ecobici,2704
2013-12-25,Metrobús,163363
2013-12-26,Metro,3769786
2013-12-26,Ecobici,14269
2013-12-26,Metrobús,521788
2013-12-27,Metro,3974604
2013-12-27,Ecobici,13801
2013-12-27,Metrobús,561833
2013-12-28,Metro,3530784
2013-12-28,Ecobici,7795
2013-12-28,Metrobús,414448
2013-12-29,Metro,2640779
2013-12-29,Ecobici,7480
2013-12-29,Metrobús,283555
2013-12-30,Metro,3918392
2013-12-30,Ecobici,14518
2013-12-30,Metrobús,544968
2013-12-31,Metro,2981944
2013-12-31,Ecobici,9971
2013-12-31,Metrobús,399760
2014-01-01,Metro,1756013
2014-01-01,Ecobici,3574
2014-01-01,Metrobús,177522
2014-01-02,Metro,3886743
2014-01-02,Ecobici,14007
2014-01-02,Metrobús,540467
2014-01-03,Metro,4306267
2014-01-03,Ecobici,15611
2014-01-03,Metrobús,622142
2014-01-04,Metro,3879649
2014-01-04,Ecobici,9486
2014-01-04,Metrobús,471479
2014-01-05,Metro,2901635
2014-01-05,Ecobici,9422
2014-01-05,Metrobús,329497
2014-01-06,Metro,4220012
2014-01-06,Ecobici,21100
2014-01-06,Metrobús,635039
2014-01-07,Metro,4520593
2014-01-07,Ecobici,24137
2014-01-07,Metrobús,728164
2014-01-08,Metro,4784748
2014-01-08,Ecobici,25126
2014-01-08,Metrobús,736995
2014-01-09,Metro,4750088
2014-01-09,Ecobici,25615
2014-01-09,Metrobús,753066
2014-01-10,Metro,4857011
2014-01-10,Ecobici,25798
2014-01-10,Metrobús,771993
2014-01-11,Metro,3893910
2014-01-11,Ecobici,11773
2014-01-11,Metrobús,492075
2014-01-12,Metro,2484577
2014-01-12,Ecobici,11249
2014-01-12,Metrobús,284387
2014-01-13,Metro,4798904
2014-01-13,Ecobici,26487
2014-01-13,Metrobús,767723
2014-01-14,Metro,4819482
2014-01-14,Ecobici,28034
2014-01-14,Metrobús,781631
2014-01-15,Metro,5000619
2014-01-15,Ecobici,26876
2014-01-15,Metrobús,794176
2014-01-16,Metro,5003362
2014-01-16,Ecobici,26763
2014-01-16,Metrobús,790365
2014-01-17,Metro,5053452
2014-01-17,Ecobici,26562
2014-01-17,Metrobús,820545
2014-01-18,Metro,3963384
2014-01-18,Ecobici,11981
2014-01-18,Metrobús,514449
2014-01-19,Metro,2553719
2014-01-19,Ecobici,11082
2014-01-19,Metrobús,298384
2014-01-20,Metro,4892744
2014-01-20,Ecobici,27229
2014-01-20,Metrobús,779883
2014-01-21,Metro,4943751
2014-01-21,Ecobici,28117
2014-01-21,Metrobús,800780
2014-01-22,Metro,5054002
2014-01-22,Ecobici,28704
2014-01-22,Metrobús,804361
2014-01-23,Metro,5002534
2014-01-23,Ecobici,28389
2014-01-23,Metrobús,804024
2014-01-24,Metro,5115186
2014-01-24,Ecobici,27260
2014-01-24,Metrobús,833058
2014-01-25,Metro,4106202
2014-01-25,Ecobici,12628
2014-01-25,Metrobús,542040
2014-01-26,Metro,2611038
2014-01-26,Ecobici,12208
2014-01-26,Metrobús,311115
2014-01-27,Metro,4942601
2014-01-27,Ecobici,27696
2014-01-27,Metrobús,806721
2014-01-28,Metro,4970282
2014-01-28,Ecobici,30039
2014-01-28,Metrobús,817145
2014-01-29,Metro,5201910
2014-01-29,Ecobici,29432
2014-01-29,Metrobús,817481
2014-01-30,Metro,5119833
2014-01-30,Ecobici,29799
2014-01-30,Metrobús,827912
2014-01-31,Metro,5497414
2014-01-31,Ecobici,28884
2014-01-31,Metrobús,858895
2014-02-01,Metro,4151821
2014-02-01,Ecobici,12388
2014-02-01,Metrobús,524998
2014-02-02,Metro,2500010
2014-02-02,Ecobici,10480
2014-02-02,Metrobús,304805
2014-02-03,Metro,2738553
2014-02-03,Ecobici,10452
2014-02-03,Metrobús,340720
2014-02-04,Metro,5029945
2014-02-04,Ecobici,29062
2014-02-04,Metrobús,828412
2014-02-05,Metro,5162689
2014-02-05,Ecobici,30442
2014-02-05,Metrobús,846900
2014-02-06,Metro,5195345
2014-02-06,Ecobici,30052
2014-02-06,Metrobús,842926
2014-02-07,Metro,5277170
2014-02-07,Ecobici,28561
2014-02-07,Metrobús,858841
2014-02-08,Metro,4129195
2014-02-08,Ecobici,13653
2014-02-08,Metrobús,539818
2014-02-09,Metro,2650191
2014-02-09,Ecobici,13057
2014-02-09,Metrobús,306727
2014-02-10,Metro,5011176
2014-02-10,Ecobici,28909
2014-02-10,Metrobús,823881
2014-02-11,Metro,5113475
2014-02-11,Ecobici,27130
2014-02-11,Metrobús,828045
2014-02-12,Metro,5232719
2014-02-12,Ecobici,30994
2014-02-12,Metrobús,839851
2014-02-13,Metro,5246141
2014-02-13,Ecobici,31006
2014-02-13,Metrobús,851640
2014-02-14,Metro,5424542
2014-02-14,Ecobici,29233
2014-02-14,Metrobús,897849
2014-02-15,Metro,4116423
2014-02-15,Ecobici,13130
2014-02-15,Metrobús,564479
2014-02-16,Metro,2638348
2014-02-16,Ecobici,12088
2014-02-16,Metrobús,326410
2014-02-17,Metro,5024339
2014-02-17,Ecobici,28891
2014-02-17,Metrobús,827881
2014-02-18,Metro,5110350
2014-02-18,Ecobici,30924
2014-02-18,Metrobús,838851
2014-02-19,Metro,5160809
2014-02-19,Ecobici,31687
2014-02-19,Metrobús,843379
2014-02-20,Metro,5190146
2014-02-20,Ecobici,31710
2014-02-20,Metrobús,844063
2014-02-21,Metro,5234880
2014-02-21,Ecobici,30305
2014-02-21,Metrobús,865255
2014-02-22,Metro,4055243
2014-02-22,Ecobici,13524
2014-02-22,Metrobús,540143
2014-02-23,Metro,2643380
2014-02-23,Ecobici,13526
2014-02-23,Metrobús,310830
2014-02-24,Metro,4981299
2014-02-24,Ecobici,30528
2014-02-24,Metrobús,811431
2014-02-25,Metro,5083931
2014-02-25,Ecobici,32733
2014-02-25,Metrobús,827165
2014-02-26,Metro,5115008
2014-02-26,Ecobici,32283
2014-02-26,Metrobús,826527
2014-02-27,Metro,5137308
2014-02-27,Ecobici,33056
2014-02-27,Metrobús,848969
2014-02-28,Metro,5540674
2014-02-28,Ecobici,31561
2014-02-28,Metrobús,900453
2014-03-01,Metro,4316268
2014-03-01,Ecobici,13953
2014-03-01,Metrobús,575889
2014-03-02,Metro,2679072
2014-03-02,Ecobici,12438
2014-03-02,Metrobús,315666
2014-03-03,Metro,5076615
2014-03-03,Ecobici,29311
2014-03-03,Metrobús,836485
2014-03-04,Metro,5164053
2014-03-04,Ecobici,31772
2014-03-04,Metrobús,847138
2014-03-05,Metro,5207417
2014-03-05,Ecobici,31815
2014-03-05,Metrobús,840900
2014-03-06,Metro,5149928
2014-03-06,Ecobici,31496
2014-03-06,Metrobús,845986
2014-03-07,Metro,5301430
2014-03-07,Ecobici,29235
2014-03-07,Metrobús,870123
2014-03-08,Metro,4306014
2014-03-08,Ecobici,14206
2014-03-08,Metrobús,545674
2014-03-09,Metro,2660178
2014-03-09,Ecobici,11061
2014-03-09,Metrobús,306720
2014-03-10,Metro,4980352
2014-03-10,Ecobici,29598
2014-03-10,Metrobús,818520
2014-03-11,Metro,5063914
2014-03-11,Ecobici,31510
2014-03-11,Metrobús,846405
2014-03-12,Metro,5029355
2014-03-12,Ecobici,31552
2014-03-12,Metrobús,841043
2014-03-13,Metro,4977017
2014-03-13,Ecobici,31591
2014-03-13,Metrobús,843471
2014-03-14,Metro,5161237
2014-03-14,Ecobici,29446
2014-03-14,Metrobús,894709
2014-03-15,Metro,4050909
2014-03-15,Ecobici,12804
2014-03-15,Metrobús,540700
2014-03-16,Metro,2568159
2014-03-16,Ecobici,11084
2014-03-16,Metrobús,321104
2014-03-17,Metro,2709195
2014-03-17,Ecobici,10495
2014-03-17,Metrobús,347830
2014-03-18,Metro,4848955
2014-03-18,Ecobici,30617
2014-03-18,Metrobús,840776
2014-03-19,Metro,5074346
2014-03-19,Ecobici,30365
2014-03-19,Metrobús,854326
2014-03-20,Metro,5007027
2014-03-20,Ecobici,30773
2014-03-20,Metrobús,852574
2014-03-21,Metro,4984824
2014-03-21,Ecobici,29359
2014-03-21,Metrobús,863127
2014-03-22,Metro,4045980
2014-03-22,Ecobici,14062
2014-03-22,Metrobús,551539
2014-03-23,Metro,2569031
2014-03-23,Ecobici,13144
2014-03-23,Metrobús,311649
2014-03-24,Metro,4818378
2014-03-24,Ecobici,29427
2014-03-24,Metrobús,819122
2014-03-25,Metro,4871699
2014-03-25,Ecobici,30505
2014-03-25,Metrobús,835569
2014-03-26,Metro,5068602
2014-03-26,Ecobici,31924
2014-03-26,Metrobús,838236
2014-03-27,Metro,4919749
2014-03-27,Ecobici,30963
2014-03-27,Metrobús,845311
2014-03-28,Metro,5284855
2014-03-28,Ecobici,29061
2014-03-28,Metrobús,877638
2014-03-29,Metro,4036638
2014-03-29,Ecobici,13756
2014-03-29,Metrobús,560666
2014-03-30,Metro,2508139
2014-03-30,Ecobici,9738
2014-03-30,Metrobús,298219
2014-03-31,Metro,4854950
2014-03-31,Ecobici,29499
2014-03-31,Metrobús,822627
2014-04-01,Metro,4977566
2014-04-01,Ecobici,26862
2014-04-01,Metrobús,859336
2014-04-02,Metro,5061328
2014-04-02,Ecobici,30170
2014-04-02,Metrobús,848153
2014-04-03,Metro,4996981
2014-04-03,Ecobici,30668
2014-04-03,Metrobús,859288
2014-04-04,Metro,5147832
2014-04-04,Ecobici,29293
2014-04-04,Metrobús,867693
2014-04-05,Metro,4100372
2014-04-05,Ecobici,12972
2014-04-05,Metrobús,546398
2014-04-06,Metro,2552647
2014-04-06,Ecobici,11203
2014-04-06,Metrobús,305447
2014-04-07,Metro,4723472
2014-04-07,Ecobici,28861
2014-04-07,Metrobús,821817
2014-04-08,Metro,4912898
2014-04-08,Ecobici,29878
2014-04-08,Metrobús,836597
2014-04-09,Metro,4945945
2014-04-09,Ecobici,29727
2014-04-09,Metrobús,854842
2014-04-10,Metro,5084762
2014-04-10,Ecobici,29898
2014-04-10,Metrobús,845291
2014-04-11,Metro,5134873
2014-04-11,Ecobici,28215
2014-04-11,Metrobús,870605
2014-04-12,Metro,3984706
2014-04-12,Ecobici,12347
2014-04-12,Metrobús,544238
2014-04-13,Metro,2582047
2014-04-13,Ecobici,11251
2014-04-13,Metrobús,296895
2014-04-14,Metro,4316939
2014-04-14,Ecobici,21790
2014-04-14,Metrobús,696066
2014-04-15,Metro,4384136
2014-04-15,Ecobici,20745
2014-04-15,Metrobús,725925
2014-04-16,Metro,4403887
2014-04-16,Ecobici,22251
2014-04-16,Metrobús,697188
2014-04-17,Metro,2984882
2014-04-17,Ecobici,10246
2014-04-17,Metrobús,402910
2014-04-18,Metro,1941261
2014-04-18,Ecobici,3626
2014-04-18,Metrobús,249530
2014-04-19,Metro,2365469
2014-04-19,Ecobici,8519
2014-04-19,Metrobús,322347
2014-04-20,Metro,2163184
2014-04-20,Ecobici,9654
2014-04-20,Metrobús,266862
2014-04-21,Metro,4471093
2014-04-21,Ecobici,23343
2014-04-21,Metrobús,752181
2014-04-22,Metro,4781386
2014-04-22,Ecobici,25068
2014-04-22,Metrobús,798056
2014-04-23,Metro,4861303
2014-04-23,Ecobici,26531
2014-04-23,Metrobús,788011
2014-04-24,Metro,4862181
2014-04-24,Ecobici,26836
2014-04-24,Metrobús,797393
2014-04-25,Metro,4948489
2014-04-25,Ecobici,25518
2014-04-25,Metrobús,819922
2014-04-26,Metro,3908927
2014-04-26,Ecobici,13767
2014-04-26,Metrobús,540142
2014-04-27,Metro,2528554
2014-04-27,Ecobici,11665
2014-04-27,Metrobús,303484
2014-04-28,Metro,4853608
2014-04-28,Ecobici,27927
2014-04-28,Metrobús,821859
2014-04-29,Metro,4973333
2014-04-29,Ecobici,27842
2014-04-29,Metrobús,832756
2014-04-30,Metro,5040738
2014-04-30,Ecobici,27190
2014-04-30,Metrobús,890344
2014-05-01,Metro,3100871
2014-05-01,Ecobici,11963
2014-05-01,Metrobús,388131
2014-05-02,Metro,4762770
2014-05-02,Ecobici,24233
2014-05-02,Metrobús,797787
2014-05-03,Metro,3810550
2014-05-03,Ecobici,9890
2014-05-03,Metrobús,525780
2014-05-04,Metro,2547140
2014-05-04,Ecobici,10402
2014-05-04,Metrobús,323142
2014-05-05,Metro,4028442
2014-05-05,Ecobici,23699
2014-05-05,Metrobús,660411
2014-05-06,Metro,4964951
2014-05-06,Ecobici,27915
2014-05-06,Metrobús,841680
2014-05-07,Metro,5051088
2014-05-07,Ecobici,26094
2014-05-07,Metrobús,851539
2014-05-08,Metro,5041006
2014-05-08,Ecobici,25236
2014-05-08,Metrobús,836212
2014-05-09,Metro,5085895
2014-05-09,Ecobici,27926
2014-05-09,Metrobús,868075
2014-05-10,Metro,3509315
2014-05-10,Ecobici,9415
2014-05-10,Metrobús,452014
2014-05-11,Metro,2380770
2014-05-11,Ecobici,11659
2014-05-11,Metrobús,297892
2014-05-12,Metro,4776348
2014-05-12,Ecobici,26669
2014-05-12,Metrobús,813801
2014-05-13,Metro,4898839
2014-05-13,Ecobici,25813
2014-05-13,Metrobús,826111
2014-05-14,Metro,5019349
2014-05-14,Ecobici,29146
2014-05-14,Metrobús,847362
2014-05-15,Metro,4932614
2014-05-15,Ecobici,28153
2014-05-15,Metrobús,806750
2014-05-16,Metro,5149402
2014-05-16,Ecobici,27613
2014-05-16,Metrobús,875263
2014-05-17,Metro,4161350
2014-05-17,Ecobici,13261
2014-05-17,Metrobús,568712
2014-05-18,Metro,2566021
2014-05-18,Ecobici,11305
2014-05-18,Metrobús,318188
2014-05-19,Metro,4841325
2014-05-19,Ecobici,27762
2014-05-19,Metrobús,800341
2014-05-20,Metro,4969125
2014-05-20,Ecobici,29709
2014-05-20,Metrobús,850542
2014-05-21,Metro,4989295
2014-05-21,Ecobici,28339
2014-05-21,Metrobús,840330
2014-05-22,Metro,5074493
2014-05-22,Ecobici,26194
2014-05-22,Metrobús,832636
2014-05-23,Metro,4986563
2014-05-23,Ecobici,24853
2014-05-23,Metrobús,852710
2014-05-24,Metro,4018664
2014-05-24,Ecobici,10659
2014-05-24,Metrobús,564212
2014-05-25,Metro,2546720
2014-05-25,Ecobici,10706
2014-05-25,Metrobús,299059
2014-05-26,Metro,4703145
2014-05-26,Ecobici,25820
2014-05-26,Metrobús,795864
2014-05-27,Metro,4885115
2014-05-27,Ecobici,28066
2014-05-27,Metrobús,813482
2014-05-28,Metro,4966929
2014-05-28,Ecobici,26161
2014-05-28,Metrobús,829810
2014-05-29,Metro,4946961
2014-05-29,Ecobici,28342
2014-05-29,Metrobús,822394
2014-05-30,Metro,5208060
2014-05-30,Ecobici,21363
2014-05-30,Metrobús,855705
2014-05-31,Metro,4178486
2014-05-31,Ecobici,10449
2014-05-31,Metrobús,573849
2014-06-01,Metro,2891981
2014-06-01,Ecobici,11084
2014-06-01,Metrobús,361065
2014-06-02,Metro,4778786
2014-06-02,Ecobici,27233
2014-06-02,Metrobús,825782
2014-06-03,Metro,4933074
2014-06-03,Ecobici,28656
2014-06-03,Metrobús,833273
2014-06-04,Metro,4886560
2014-06-04,Ecobici,26326
2014-06-04,Metrobús,850651
2014-06-05,Metro,4860470
2014-06-05,Ecobici,27275
2014-06-05,Metrobús,831537
2014-06-06,Metro,5054274
2014-06-06,Ecobici,24941
2014-06-06,Metrobús,844511
2014-06-07,Metro,3971959
2014-06-07,Ecobici,10327
2014-06-07,Metrobús,567747
2014-06-08,Metro,2549622
2014-06-08,Ecobici,8557
2014-06-08,Metrobús,300158
2014-06-09,Metro,4681149
2014-06-09,Ecobici,22356
2014-06-09,Metrobús,806164
2014-06-10,Metro,4802742
2014-06-10,Ecobici,26469
2014-06-10,Metrobús,821734
2014-06-11,Metro,4924598
2014-06-11,Ecobici,25841
2014-06-11,Metrobús,838989
2014-06-12,Metro,4755088
2014-06-12,Ecobici,27915
2014-06-12,Metrobús,813752
2014-06-13,Metro,4781130
2014-06-13,Ecobici,25841
2014-06-13,Metrobús,832380
2014-06-14,Metro,4006260
2014-06-14,Ecobici,12033
2014-06-14,Metrobús,561999
2014-06-15,Metro,2535109
2014-06-15,Ecobici,9818
2014-06-15,Metrobús,309413
2014-06-16,Metro,4662239
2014-06-16,Ecobici,23039
2014-06-16,Metrobús,807820
2014-06-17,Metro,4570940
2014-06-17,Ecobici,23401
2014-06-17,Metrobús,784547
2014-06-18,Metro,4778703
2014-06-18,Ecobici,22318
2014-06-18,Metrobús,807985
2014-06-19,Metro,4754161
2014-06-19,Ecobici,22910
2014-06-19,Metrobús,807510
2014-06-20,Metro,4783676
2014-06-20,Ecobici,21060
2014-06-20,Metrobús,814892
2014-06-21,Metro,3889195
2014-06-21,Ecobici,10860
2014-06-21,Metrobús,517820
2014-06-22,Metro,2524288
2014-06-22,Ecobici,10020
2014-06-22,Metrobús,303867
2014-06-23,Metro,4394931
2014-06-23,Ecobici,20140
2014-06-23,Metrobús,767298
2014-06-24,Metro,4614871
2014-06-24,Ecobici,20503
2014-06-24,Metrobús,807018
2014-06-25,Metro,4666854
2014-06-25,Ecobici,21244
2014-06-25,Metrobús,822040
2014-06-26,Metro,4704775
2014-06-26,Ecobici,23011
2014-06-26,Metrobús,809273
2014-06-27,Metro,4869029
2014-06-27,Ecobici,26145
2014-06-27,Metrobús,828594
2014-06-28,Metro,4137081
2014-06-28,Ecobici,11491
2014-06-28,Metrobús,551472
2014-06-29,Metro,2516297
2014-06-29,Ecobici,8075
2014-06-29,Metrobús,300866
2014-06-30,Metro,4528595
2014-06-30,Ecobici,19884
2014-06-30,Metrobús,792434
2014-07-01,Metro,4740656
2014-07-01,Ecobici,27651
2014-07-01,Metrobús,830155
2014-07-02,Metro,4842739
2014-07-02,Ecobici,25183
2014-07-02,Metrobús,845918
2014-07-03,Metro,4779120
2014-07-03,Ecobici,26883
2014-07-03,Metrobús,830974
2014-07-04,Metro,4761736
2014-07-04,Ecobici,21985
2014-07-04,Metrobús,827868
2014-07-05,Metro,4166174
2014-07-05,Ecobici,10398
2014-07-05,Metrobús,601488
2014-07-06,Metro,2600552
2014-07-06,Ecobici,9087
2014-07-06,Metrobús,310942
2014-07-07,Metro,4480106
2014-07-07,Ecobici,24351
2014-07-07,Metrobús,775871
2014-07-08,Metro,4630332
2014-07-08,Ecobici,27244
2014-07-08,Metrobús,795112
2014-07-09,Metro,4659916
2014-07-09,Ecobici,25456
2014-07-09,Metrobús,792508
2014-07-10,Metro,4692866
2014-07-10,Ecobici,26054
2014-07-10,Metrobús,801147
2014-07-11,Metro,4818327
2014-07-11,Ecobici,26570
2014-07-11,Metrobús,812610
2014-07-12,Metro,4138091
2014-07-12,Ecobici,13003
2014-07-12,Metrobús,580269
2014-07-13,Metro,2462471
2014-07-13,Ecobici,9140
2014-07-13,Metrobús,286257
2014-07-14,Metro,4407079
2014-07-14,Ecobici,24433
2014-07-14,Metrobús,766950
2014-07-15,Metro,4496075
2014-07-15,Ecobici,25276
2014-07-15,Metrobús,771762
2014-07-16,Metro,4677088
2014-07-16,Ecobici,23933
2014-07-16,Metrobús,795451
2014-07-17,Metro,4653855
2014-07-17,Ecobici,21605
2014-07-17,Metrobús,793163
2014-07-18,Metro,4695522
2014-07-18,Ecobici,22238
2014-07-18,Metrobús,800935
2014-07-19,Metro,4129347
2014-07-19,Ecobici,11412
2014-07-19,Metrobús,590325
2014-07-20,Metro,2626097
2014-07-20,Ecobici,11090
2014-07-20,Metrobús,316371
2014-07-21,Metro,4434296
2014-07-21,Ecobici,26129
2014-07-21,Metrobús,768786
2014-07-22,Metro,4593277
2014-07-22,Ecobici,26113
2014-07-22,Metrobús,781089
2014-07-23,Metro,4664687
2014-07-23,Ecobici,24204
2014-07-23,Metrobús,775183
2014-07-24,Metro,4545736
2014-07-24,Ecobici,25254
2014-07-24,Metrobús,782090
2014-07-25,Metro,4675362
2014-07-25,Ecobici,24264
2014-07-25,Metrobús,799918
2014-07-26,Metro,4061131
2014-07-26,Ecobici,12775
2014-07-26,Metrobús,573454
2014-07-27,Metro,2565210
2014-07-27,Ecobici,10373
2014-07-27,Metrobús,314281
2014-07-28,Metro,4368829
2014-07-28,Ecobici,20865
2014-07-28,Metrobús,770023
2014-07-29,Metro,4540830
2014-07-29,Ecobici,26251
2014-07-29,Metrobús,790190
2014-07-30,Metro,4657323
2014-07-30,Ecobici,26477
2014-07-30,Metrobús,800787
2014-07-31,Metro,4709517
2014-07-31,Ecobici,27344
2014-07-31,Metrobús,808895
2014-08-01,Metro,4873111
2014-08-01,Ecobici,25411
2014-08-01,Metrobús,838464
2014-08-02,Metro,4281550
2014-08-02,Ecobici,12831
2014-08-02,Metrobús,594765
2014-08-03,Metro,2672446
2014-08-03,Ecobici,11108
2014-08-03,Metrobús,321015
2014-08-04,Metro,4799405
2014-08-04,Ecobici,24803
2014-08-04,Metrobús,823729
2014-08-05,Metro,4919890
2014-08-05,Ecobici,28357
2014-08-05,Metrobús,846687
2014-08-06,Metro,4989397
2014-08-06,Ecobici,28186
2014-08-06,Metrobús,833865
2014-08-07,Metro,4905802
2014-08-07,Ecobici,24646
2014-08-07,Metrobús,823276
2014-08-08,Metro,4847121
2014-08-08,Ecobici,22324
2014-08-08,Metrobús,838946
2014-08-09,Metro,4275789
2014-08-09,Ecobici,12886
2014-08-09,Metrobús,609105
2014-08-10,Metro,2695294
2014-08-10,Ecobici,11203
2014-08-10,Metrobús,323291
2014-08-11,Metro,4872591
2014-08-11,Ecobici,24284
2014-08-11,Metrobús,836638
2014-08-12,Metro,4956985
2014-08-12,Ecobici,21333
2014-08-12,Metrobús,844708
2014-08-13,Metro,5212066
2014-08-13,Ecobici,23543
2014-08-13,Metrobús,859246
2014-08-14,Metro,5103509
2014-08-14,Ecobici,25632
2014-08-14,Metrobús,871878
2014-08-15,Metro,5368847
2014-08-15,Ecobici,25458
2014-08-15,Metrobús,911711
2014-08-16,Metro,4533165
2014-08-16,Ecobici,13275
2014-08-16,Metrobús,627448
2014-08-17,Metro,2792708
2014-08-17,Ecobici,10922
2014-08-17,Metrobús,331093
2014-08-18,Metro,4788461
2014-08-18,Ecobici,21422
2014-08-18,Metrobús,848560
2014-08-19,Metro,5082928
2014-08-19,Ecobici,26209
2014-08-19,Metrobús,871476
2014-08-20,Metro,5030378
2014-08-20,Ecobici,27571
2014-08-20,Metrobús,879187
2014-08-21,Metro,5029056
2014-08-21,Ecobici,28415
2014-08-21,Metrobús,877344
2014-08-22,Metro,5118332
2014-08-22,Ecobici,25467
2014-08-22,Metrobús,911497
2014-08-23,Metro,4363466
2014-08-23,Ecobici,10408
2014-08-23,Metrobús,596149
2014-08-24,Metro,2644204
2014-08-24,Ecobici,10907
2014-08-24,Metrobús,315287
2014-08-25,Metro,4888679
2014-08-25,Ecobici,27430
2014-08-25,Metrobús,859089
2014-08-26,Metro,4953065
2014-08-26,Ecobici,29719
2014-08-26,Metrobús,874375
2014-08-27,Metro,5051739
2014-08-27,Ecobici,29371
2014-08-27,Metrobús,885566
2014-08-28,Metro,5110948
2014-08-28,Ecobici,30112
2014-08-28,Metrobús,898122
2014-08-29,Metro,5239586
2014-08-29,Ecobici,28428
2014-08-29,Metrobús,938094
2014-08-30,Metro,4400272
2014-08-30,Ecobici,12042
2014-08-30,Metrobús,614235
2014-08-31,Metro,2739472
2014-08-31,Ecobici,8773
2014-08-31,Metrobús,287031
2014-09-01,Metro,5148195
2014-09-01,Ecobici,24639
2014-09-01,Metrobús,879136
2014-09-02,Metro,5227490
2014-09-02,Ecobici,24985
2014-09-02,Metrobús,917769
2014-09-03,Metro,5181120
2014-09-03,Ecobici,23672
2014-09-03,Metrobús,880315
2014-09-04,Metro,5195034
2014-09-04,Ecobici,24473
2014-09-04,Metrobús,903922
2014-09-05,Metro,5470031
2014-09-05,Ecobici,26726
2014-09-05,Metrobús,939702
2014-09-06,Metro,4450739
2014-09-06,Ecobici,13540
2014-09-06,Metrobús,638130
2014-09-07,Metro,2666904
2014-09-07,Ecobici,12218
2014-09-07,Metrobús,331619
2014-09-08,Metro,5091517
2014-09-08,Ecobici,25141
2014-09-08,Metrobús,874300
2014-09-09,Metro,5299061
2014-09-09,Ecobici,26388
2014-09-09,Metrobús,889177
2014-09-10,Metro,5222451
2014-09-10,Ecobici,27053
2014-09-10,Metrobús,899863
2014-09-11,Metro,5271322
2014-09-11,Ecobici,26007
2014-09-11,Metrobús,903779
2014-09-12,Metro,5463144
2014-09-12,Ecobici,25467
2014-09-12,Metrobús,939205
2014-09-13,Metro,4305612
2014-09-13,Ecobici,11900
2014-09-13,Metrobús,638758
2014-09-14,Metro,2660150
2014-09-14,Ecobici,8758
2014-09-14,Metrobús,312215
2014-09-15,Metro,3898129
2014-09-15,Ecobici,17997
2014-09-15,Metrobús,634067
2014-09-16,Metro,2093775
2014-09-16,Ecobici,8413
2014-09-16,Metrobús,255627
2014-09-17,Metro,5022598
2014-09-17,Ecobici,28257
2014-09-17,Metrobús,885086
2014-09-18,Metro,5346855
2014-09-18,Ecobici,29072
2014-09-18,Metrobús,911019
2014-09-19,Metro,5352251
2014-09-19,Ecobici,25187
2014-09-19,Metrobús,922968
2014-09-20,Metro,4425178
2014-09-20,Ecobici,13901
2014-09-20,Metrobús,630020
2014-09-21,Metro,2639195
2014-09-21,Ecobici,11712
2014-09-21,Metrobús,330662
2014-09-22,Metro,5085941
2014-09-22,Ecobici,23441
2014-09-22,Metrobús,876860
2014-09-23,Metro,5182242
2014-09-23,Ecobici,26282
2014-09-23,Metrobús,888898
2014-09-24,Metro,5286022
2014-09-24,Ecobici,27740
2014-09-24,Metrobús,895655
2014-09-25,Metro,5249255
2014-09-25,Ecobici,28852
2014-09-25,Metrobús,890341
2014-09-26,Metro,5362763
2014-09-26,Ecobici,27314
2014-09-26,Metrobús,912309
2014-09-27,Metro,4395172
2014-09-27,Ecobici,13782
2014-09-27,Metrobús,622286
2014-09-28,Metro,2728366
2014-09-28,Ecobici,10521
2014-09-28,Metrobús,328191
2014-09-29,Metro,4973781
2014-09-29,Ecobici,24072
2014-09-29,Metrobús,861365
2014-09-30,Metro,5251946
2014-09-30,Ecobici,30171
2014-09-30,Metrobús,890661
2014-10-01,Metro,5134376
2014-10-01,Ecobici,29745
2014-10-01,Metrobús,910675
2014-10-02,Metro,4923569
2014-10-02,Ecobici,27525
2014-10-02,Metrobús,879230
2014-10-03,Metro,5263047
2014-10-03,Ecobici,24825
2014-10-03,Metrobús,922202
2014-10-04,Metro,4300334
2014-10-04,Ecobici,10883
2014-10-04,Metrobús,627574
2014-10-05,Metro,2678113
2014-10-05,Ecobici,10958
2014-10-05,Metrobús,335140
2014-10-06,Metro,4872095
2014-10-06,Ecobici,26858
2014-10-06,Metrobús,867961
2014-10-07,Metro,5028036
2014-10-07,Ecobici,30117
2014-10-07,Metrobús,883531
2014-10-08,Metro,5068338
2014-10-08,Ecobici,29599
2014-10-08,Metrobús,874663
2014-10-09,Metro,4977910
2014-10-09,Ecobici,24032
2014-10-09,Metrobús,890236
2014-10-10,Metro,5224822
2014-10-10,Ecobici,25333
2014-10-10,Metrobús,924412
2014-10-11,Metro,4363988
2014-10-11,Ecobici,11995
2014-10-11,Metrobús,613289
2014-10-12,Metro,2614706
2014-10-12,Ecobici,10707
2014-10-12,Metrobús,325239
2014-10-13,Metro,4863675
2014-10-13,Ecobici,27721
2014-10-13,Metrobús,869595
2014-10-14,Metro,4890475
2014-10-14,Ecobici,28654
2014-10-14,Metrobús,879242
2014-10-15,Metro,5177921
2014-10-15,Ecobici,29606
2014-10-15,Metrobús,888834
2014-10-16,Metro,5053698
2014-10-16,Ecobici,27591
2014-10-16,Metrobús,914997
2014-10-17,Metro,5233467
2014-10-17,Ecobici,27425
2014-10-17,Metrobús,932785
2014-10-18,Metro,4437639
2014-10-18,Ecobici,10371
2014-10-18,Metrobús,615020
2014-10-19,Metro,2710225
2014-10-19,Ecobici,9280
2014-10-19,Metrobús,335643
2014-10-20,Metro,4802502
2014-10-20,Ecobici,22594
2014-10-20,Metrobús,851755
2014-10-21,Metro,4941085
2014-10-21,Ecobici,28654
2014-10-21,Metrobús,878423
2014-10-22,Metro,5000667
2014-10-22,Ecobici,30809
2014-10-22,Metrobús,875025
2014-10-23,Metro,4794198
2014-10-23,Ecobici,28770
2014-10-23,Metrobús,849288
2014-10-24,Metro,5204742
2014-10-24,Ecobici,27661
2014-10-24,Metrobús,897590
2014-10-25,Metro,4318264
2014-10-25,Ecobici,12661
2014-10-25,Metrobús,621995
2014-10-26,Metro,2807899
2014-10-26,Ecobici,11610
2014-10-26,Metrobús,344499
2014-10-27,Metro,4849957
2014-10-27,Ecobici,28092
2014-10-27,Metrobús,856982
2014-10-28,Metro,5110517
2014-10-28,Ecobici,30446
2014-10-28,Metrobús,879992
2014-10-29,Metro,5127815
2014-10-29,Ecobici,29768
2014-10-29,Metrobús,882092
2014-10-30,Metro,5078272
2014-10-30,Ecobici,29335
2014-10-30,Metrobús,892348
2014-10-31,Metro,5272657
2014-10-31,Ecobici,26574
2014-10-31,Metrobús,916113
2014-11-01,Metro,4218082
2014-11-01,Ecobici,14271
2014-11-01,Metrobús,579343
2014-11-02,Metro,2603821
2014-11-02,Ecobici,9548
2014-11-02,Metrobús,330565
2014-11-03,Metro,4840725
2014-11-03,Ecobici,28047
2014-11-03,Metrobús,854740
2014-11-04,Metro,4950392
2014-11-04,Ecobici,29790
2014-11-04,Metrobús,879938
2014-11-05,Metro,4942253
2014-11-05,Ecobici,31965
2014-11-05,Metrobús,865007
2014-11-06,Metro,4914098
2014-11-06,Ecobici,29681
2014-11-06,Metrobús,864124
2014-11-07,Metro,5096640
2014-11-07,Ecobici,28981
2014-11-07,Metrobús,899111
2014-11-08,Metro,4354785
2014-11-08,Ecobici,13525
2014-11-08,Metrobús,633688
2014-11-09,Metro,2649346
2014-11-09,Ecobici,10605
2014-11-09,Metrobús,340480
2014-11-10,Metro,4811923
2014-11-10,Ecobici,28385
2014-11-10,Metrobús,850151
2014-11-11,Metro,5001141
2014-11-11,Ecobici,25830
2014-11-11,Metrobús,867240
2014-11-12,Metro,5004914
2014-11-12,Ecobici,29813
2014-11-12,Metrobús,885663
2014-11-13,Metro,5105544
2014-11-13,Ecobici,29231
2014-11-13,Metrobús,891194
2014-11-14,Metro,5309305
2014-11-14,Ecobici,26009
2014-11-14,Metrobús,951518
2014-11-15,Metro,4462399
2014-11-15,Ecobici,12401
2014-11-15,Metrobús,622823
2014-11-16,Metro,2843826
2014-11-16,Ecobici,10545
2014-11-16,Metrobús,362237
2014-11-17,Metro,2938568
2014-11-17,Ecobici,10185
2014-11-17,Metrobús,414382
2014-11-18,Metro,4783908
2014-11-18,Ecobici,28339
2014-11-18,Metrobús,870399
2014-11-19,Metro,4960718
2014-11-19,Ecobici,28194
2014-11-19,Metrobús,877950
2014-11-20,Metro,4762167
2014-11-20,Ecobici,28956
2014-11-20,Metrobús,783531
2014-11-21,Metro,5035458
2014-11-21,Ecobici,25504
2014-11-21,Metrobús,916818
2014-11-22,Metro,4409810
2014-11-22,Ecobici,12973
2014-11-22,Metrobús,615613
2014-11-23,Metro,2714497
2014-11-23,Ecobici,11623
2014-11-23,Metrobús,357960
2014-11-24,Metro,4814036
2014-11-24,Ecobici,27967
2014-11-24,Metrobús,851017
2014-11-25,Metro,4945365
2014-11-25,Ecobici,29310
2014-11-25,Metrobús,876137
2014-11-26,Metro,5022530
2014-11-26,Ecobici,28629
2014-11-26,Metrobús,890112
2014-11-27,Metro,5064778
2014-11-27,Ecobici,26829
2014-11-27,Metrobús,880185
2014-11-28,Metro,5314097
2014-11-28,Ecobici,26300
2014-11-28,Metrobús,921293
2014-11-29,Metro,4437656
2014-11-29,Ecobici,12249
2014-11-29,Metrobús,622528
2014-11-30,Metro,2866229
2014-11-30,Ecobici,10994
2014-11-30,Metrobús,360768
2014-12-01,Metro,4856716
2014-12-01,Ecobici,27786
2014-12-01,Metrobús,863926
2014-12-02,Metro,5031546
2014-12-02,Ecobici,28774
2014-12-02,Metrobús,887227
2014-12-03,Metro,5084369
2014-12-03,Ecobici,28483
2014-12-03,Metrobús,889250
2014-12-04,Metro,5047653
2014-12-04,Ecobici,27531
2014-12-04,Metrobús,891363
2014-12-05,Metro,5251732
2014-12-05,Ecobici,26476
2014-12-05,Metrobús,929461
2014-12-06,Metro,4522311
2014-12-06,Ecobici,13165
2014-12-06,Metrobús,601527
2014-12-07,Metro,2927350
2014-12-07,Ecobici,9992
2014-12-07,Metrobús,364135
2014-12-08,Metro,4862523
2014-12-08,Ecobici,25655
2014-12-08,Metrobús,852948
2014-12-09,Metro,4981653
2014-12-09,Ecobici,26917
2014-12-09,Metrobús,871569
2014-12-10,Metro,5098166
2014-12-10,Ecobici,27016
2014-12-10,Metrobús,885718
2014-12-11,Metro,5101105
2014-12-11,Ecobici,26075
2014-12-11,Metrobús,893342
2014-12-12,Metro,4916184
2014-12-12,Ecobici,21571
2014-12-12,Metrobús,802580
2014-12-13,Metro,4126727
2014-12-13,Ecobici,11495
2014-12-13,Metrobús,613836
2014-12-14,Metro,2882245
2014-12-14,Ecobici,9565
2014-12-14,Metrobús,370741
2014-12-15,Metro,4851283
2014-12-15,Ecobici,25391
2014-12-15,Metrobús,850756
2014-12-16,Metro,4838213
2014-12-16,Ecobici,26014
2014-12-16,Metrobús,858314
2014-12-17,Metro,5005494
2014-12-17,Ecobici,25922
2014-12-17,Metrobús,869770
2014-12-18,Metro,4981818
2014-12-18,Ecobici,24567
2014-12-18,Metrobús,867995
2014-12-19,Metro,5034327
2014-12-19,Ecobici,23534
2014-12-19,Metrobús,884130
2014-12-20,Metro,4509925
2014-12-20,Ecobici,10658
2014-12-20,Metrobús,607399
2014-12-21,Metro,3182065
2014-12-21,Ecobici,9075
2014-12-21,Metrobús,382975
2014-12-22,Metro,4650757
2014-12-22,Ecobici,19257
2014-12-22,Metrobús,760381
2014-12-23,Metro,4701663
2014-12-23,Ecobici,18961
2014-12-23,Metrobús,758083
2014-12-24,Metro,3459201
2014-12-24,Ecobici,4482
2014-12-24,Metrobús,461612
2014-12-25,Metro,1797971
2014-12-25,Ecobici,2877
2014-12-25,Metrobús,193699
2014-12-26,Metro,3629855
2014-12-26,Ecobici,12157
2014-12-26,Metrobús,605857
2014-12-27,Metro,3767649
2014-12-27,Ecobici,7320
2014-12-27,Metrobús,501583
2014-12-28,Metro,2674818
2014-12-28,Ecobici,7211
2014-12-28,Metrobús,325660
2014-12-29,Metro,4088028
2014-12-29,Ecobici,15053
2014-12-29,Metrobús,648925
2014-12-30,Metro,4154828
2014-12-30,Ecobici,15343
2014-12-30,Metrobús,658036
2014-12-31,Metro,3264652
2014-12-31,Ecobici,9400
2014-12-31,Metrobús,456234
2015-01-01,Metro,1799702
2015-01-01,Ecobici,3447
2015-01-01,Metrobús,195175
2015-01-02,Metro,3690672
2015-01-02,Ecobici,11911
2015-01-02,Metrobús,588788
2015-01-03,Metro,3704793
2015-01-03,Ecobici,8092
2015-01-03,Metrobús,511353
2015-01-04,Metro,2772309
2015-01-04,Ecobici,8686
2015-01-04,Metrobús,345869
2015-01-05,Metro,4626176
2015-01-05,Ecobici,18546
2015-01-05,Metrobús,776536
2015-01-06,Metro,4225379
2015-01-06,Ecobici,19797
2015-01-06,Metrobús,684076
2015-01-07,Metro,4646917
2015-01-07,Ecobici,22887
2015-01-07,Metrobús,809857
2015-01-08,Metro,4723814
2015-01-08,Ecobici,22663
2015-01-08,Metrobús,815465
2015-01-09,Metro,4781263
2015-01-09,Ecobici,22126
2015-01-09,Metrobús,848165
2015-01-10,Metro,3992785
2015-01-10,Ecobici,11222
2015-01-10,Metrobús,571942
2015-01-11,Metro,2560169
2015-01-11,Ecobici,10364
2015-01-11,Metrobús,333199
2015-01-12,Metro,4785906
2015-01-12,Ecobici,24966
2015-01-12,Metrobús,845289
2015-01-13,Metro,4902301
2015-01-13,Ecobici,25729
2015-01-13,Metrobús,868831
2015-01-14,Metro,4969151
2015-01-14,Ecobici,27108
2015-01-14,Metrobús,863097
2015-01-15,Metro,4966808
2015-01-15,Ecobici,27202
2015-01-15,Metrobús,887912
2015-01-16,Metro,5181089
2015-01-16,Ecobici,26927
2015-01-16,Metrobús,927157
2015-01-17,Metro,4259374
2015-01-17,Ecobici,12134
2015-01-17,Metrobús,628213
2015-01-18,Metro,2635259
2015-01-18,Ecobici,10812
2015-01-18,Metrobús,338633
2015-01-19,Metro,4797838
2015-01-19,Ecobici,26662
2015-01-19,Metrobús,866673
2015-01-20,Metro,4932341
2015-01-20,Ecobici,28134
2015-01-20,Metrobús,885847
2015-01-21,Metro,5004815
2015-01-21,Ecobici,28133
2015-01-21,Metrobús,885119
2015-01-22,Metro,5031797
2015-01-22,Ecobici,28262
2015-01-22,Metrobús,883479
2015-01-23,Metro,5143902
2015-01-23,Ecobici,26820
2015-01-23,Metrobús,922414
2015-01-24,Metro,4178769
2015-01-24,Ecobici,12556
2015-01-24,Metrobús,598527
2015-01-25,Metro,2638974
2015-01-25,Ecobici,10583
2015-01-25,Metrobús,342362
2015-01-26,Metro,4984995
2015-01-26,Ecobici,27841
2015-01-26,Metrobús,806798
2015-01-27,Metro,5033464
2015-01-27,Ecobici,28715
2015-01-27,Metrobús,887324
2015-01-28,Metro,5083845
2015-01-28,Ecobici,28396
2015-01-28,Metrobús,889705
2015-01-29,Metro,5094500
2015-01-29,Ecobici,27805
2015-01-29,Metrobús,888678
2015-01-30,Metro,5343710
2015-01-30,Ecobici,25725
2015-01-30,Metrobús,934400
2015-01-31,Metro,4229966
2015-01-31,Ecobici,11014
2015-01-31,Metrobús,591946
2015-02-01,Metro,2620928
2015-02-01,Ecobici,8981
2015-02-01,Metrobús,342792
2015-02-02,Metro,2719811
2015-02-02,Ecobici,8686
2015-02-02,Metrobús,364594
2015-02-03,Metro,4853080
2015-02-03,Ecobici,26782
2015-02-03,Metrobús,885015
2015-02-04,Metro,5152869
2015-02-04,Ecobici,28207
2015-02-04,Metrobús,901320
2015-02-05,Metro,5121548
2015-02-05,Ecobici,27607
2015-02-05,Metrobús,900677
2015-02-06,Metro,5225689
2015-02-06,Ecobici,26706
2015-02-06,Metrobús,943110
2015-02-07,Metro,4265365
2015-02-07,Ecobici,12650
2015-02-07,Metrobús,634732
2015-02-08,Metro,2642395
2015-02-08,Ecobici,11547
2015-02-08,Metrobús,344331
2015-02-09,Metro,4982685
2015-02-09,Ecobici,26725
2015-02-09,Metrobús,874298
2015-02-10,Metro,5091369
2015-02-10,Ecobici,28680
2015-02-10,Metrobús,892026
2015-02-11,Metro,5179259
2015-02-11,Ecobici,24607
2015-02-11,Metrobús,888417
2015-02-12,Metro,5116379
2015-02-12,Ecobici,24714
2015-02-12,Metrobús,895815
2015-02-13,Metro,5301977
2015-02-13,Ecobici,25523
2015-02-13,Metrobús,949055
2015-02-14,Metro,4304380
2015-02-14,Ecobici,12910
2015-02-14,Metrobús,643033
2015-02-15,Metro,2658850
2015-02-15,Ecobici,10043
2015-02-15,Metrobús,334401
2015-02-16,Metro,4914943
2015-02-16,Ecobici,27324
2015-02-16,Metrobús,874743
2015-02-17,Metro,4999359
2015-02-17,Ecobici,30021
2015-02-17,Metrobús,886516
2015-02-18,Metro,5088697
2015-02-18,Ecobici,31056
2015-02-18,Metrobús,896701
2015-02-19,Metro,5056501
2015-02-19,Ecobici,30913
2015-02-19,Metrobús,899480
2015-02-20,Metro,5242605
2015-02-20,Ecobici,30388
2015-02-20,Metrobús,948181
2015-02-21,Metro,4361839
2015-02-21,Ecobici,14729
2015-02-21,Metrobús,643198
2015-02-22,Metro,2648048
2015-02-22,Ecobici,12459
2015-02-22,Metrobús,343400
2015-02-23,Metro,4866466
2015-02-23,Ecobici,30275
2015-02-23,Metrobús,872355
2015-02-24,Metro,4962313
2015-02-24,Ecobici,32865
2015-02-24,Metrobús,887475
2015-02-25,Metro,5152629
2015-02-25,Ecobici,32888
2015-02-25,Metrobús,893382
2015-02-26,Metro,5083610
2015-02-26,Ecobici,32990
2015-02-26,Metrobús,896342
2015-02-27,Metro,5372546
2015-02-27,Ecobici,31314
2015-02-27,Metrobús,948025
2015-02-28,Metro,4576198
2015-02-28,Ecobici,15359
2015-02-28,Metrobús,669537
2015-03-01,Metro,2840104
2015-03-01,Ecobici,13631
2015-03-01,Metrobús,364085
2015-03-02,Metro,4849810
2015-03-02,Ecobici,31950
2015-03-02,Metrobús,896894
2015-03-03,Metro,5093977
2015-03-03,Ecobici,34761
2015-03-03,Metrobús,907187
2015-03-04,Metro,5178170
2015-03-04,Ecobici,34236
2015-03-04,Metrobús,907051
2015-03-05,Metro,5137430
2015-03-05,Ecobici,33883
2015-03-05,Metrobús,901560
2015-03-06,Metro,5192009
2015-03-06,Ecobici,31862
2015-03-06,Metrobús,947384
2015-03-07,Metro,4292003
2015-03-07,Ecobici,16070
2015-03-07,Metrobús,636319
2015-03-08,Metro,2678217
2015-03-08,Ecobici,14332
2015-03-08,Metrobús,341375
2015-03-09,Metro,4856117
2015-03-09,Ecobici,32735
2015-03-09,Metrobús,879546
2015-03-10,Metro,4953712
2015-03-10,Ecobici,33205
2015-03-10,Metrobús,887762
2015-03-11,Metro,5033055
2015-03-11,Ecobici,28743
2015-03-11,Metrobús,898493
2015-03-12,Metro,4963770
2015-03-12,Ecobici,32428
2015-03-12,Metrobús,899885
2015-03-13,Metro,5223392
2015-03-13,Ecobici,31148
2015-03-13,Metrobús,952819
2015-03-14,Metro,4242492
2015-03-14,Ecobici,12013
2015-03-14,Metrobús,603782
2015-03-15,Metro,2558832
2015-03-15,Ecobici,9664
2015-03-15,Metrobús,338521
2015-03-16,Metro,2729727
2015-03-16,Ecobici,12445
2015-03-16,Metrobús,383314
2015-03-17,Metro,4798468
2015-03-17,Ecobici,33146
2015-03-17,Metrobús,903980
2015-03-18,Metro,5116641
2015-03-18,Ecobici,35323
2015-03-18,Metrobús,904458
2015-03-19,Metro,5110978
2015-03-19,Ecobici,33291
2015-03-19,Metrobús,906550
2015-03-20,Metro,5049919
2015-03-20,Ecobici,33078
2015-03-20,Metrobús,928745
2015-03-21,Metro,4215579
2015-03-21,Ecobici,19002
2015-03-21,Metrobús,637307
2015-03-22,Metro,2596491
2015-03-22,Ecobici,14014
2015-03-22,Metrobús,341769
2015-03-23,Metro,4804338
2015-03-23,Ecobici,30165
2015-03-23,Metrobús,867400
2015-03-24,Metro,4905925
2015-03-24,Ecobici,32398
2015-03-24,Metrobús,890166
2015-03-25,Metro,5098282
2015-03-25,Ecobici,34375
2015-03-25,Metrobús,903324
2015-03-26,Metro,5064118
2015-03-26,Ecobici,34472
2015-03-26,Metrobús,918543
2015-03-27,Metro,5323834
2015-03-27,Ecobici,29233
2015-03-27,Metrobús,958618
2015-03-28,Metro,4244387
2015-03-28,Ecobici,12804
2015-03-28,Metrobús,597774
2015-03-29,Metro,2609282
2015-03-29,Ecobici,11913
2015-03-29,Metrobús,326735
2015-03-30,Metro,4519361
2015-03-30,Ecobici,29726
2015-03-30,Metrobús,809301
2015-03-31,Metro,4617379
2015-03-31,Ecobici,30882
2015-03-31,Metrobús,818562
2015-04-01,Metro,4657397
2015-04-01,Ecobici,23854
2015-04-01,Metrobús,782136
2015-04-02,Metro,3201133
2015-04-02,Ecobici,11507
2015-04-02,Metrobús,452421
2015-04-03,Metro,2155441
2015-04-03,Ecobici,10441
2015-04-03,Metrobús,301664
2015-04-04,Metro,2483124
2015-04-04,Ecobici,10341
2015-04-04,Metrobús,384159
2015-04-05,Metro,2203403
2015-04-05,Ecobici,12151
2015-04-05,Metrobús,283017
2015-04-06,Metro,4537100
2015-04-06,Ecobici,30514
2015-04-06,Metrobús,795083
2015-04-07,Metro,4661662
2015-04-07,Ecobici,33504
2015-04-07,Metrobús,839525
2015-04-08,Metro,4915081
2015-04-08,Ecobici,33921
2015-04-08,Metrobús,847122
2015-04-09,Metro,4758577
2015-04-09,Ecobici,33534
2015-04-09,Metrobús,842441
2015-04-10,Metro,4960518
2015-04-10,Ecobici,32543
2015-04-10,Metrobús,874615
2015-04-11,Metro,4010980
2015-04-11,Ecobici,14543
2015-04-11,Metrobús,588431
2015-04-12,Metro,2638389
2015-04-12,Ecobici,14961
2015-04-12,Metrobús,332080
2015-04-13,Metro,4791533
2015-04-13,Ecobici,34007
2015-04-13,Metrobús,876945
2015-04-14,Metro,5034032
2015-04-14,Ecobici,36735
2015-04-14,Metrobús,904180
2015-04-15,Metro,5131237
2015-04-15,Ecobici,35813
2015-04-15,Metrobús,931600
2015-04-16,Metro,5120837
2015-04-16,Ecobici,36000
2015-04-16,Metrobús,926239
2015-04-17,Metro,5207852
2015-04-17,Ecobici,32875
2015-04-17,Metrobús,957366
2015-04-18,Metro,4260446
2015-04-18,Ecobici,17213
2015-04-18,Metrobús,631795
2015-04-19,Metro,2683275
2015-04-19,Ecobici,15269
2015-04-19,Metrobús,355361
2015-04-20,Metro,4839313
2015-04-20,Ecobici,34809
2015-04-20,Metrobús,891816
2015-04-21,Metro,5065913
2015-04-21,Ecobici,36738
2015-04-21,Metrobús,916142
2015-04-22,Metro,5043518
2015-04-22,Ecobici,35357
2015-04-22,Metrobús,907733
2015-04-23,Metro,5097744
2015-04-23,Ecobici,35774
2015-04-23,Metrobús,911909
2015-04-24,Metro,5089009
2015-04-24,Ecobici,34742
2015-04-24,Metrobús,936250
2015-04-25,Metro,4195695
2015-04-25,Ecobici,16929
2015-04-25,Metrobús,641102
2015-04-26,Metro,2608598
2015-04-26,Ecobici,14863
2015-04-26,Metrobús,347171
2015-04-27,Metro,4731661
2015-04-27,Ecobici,34058
2015-04-27,Metrobús,884598
2015-04-28,Metro,5057329
2015-04-28,Ecobici,36641
2015-04-28,Metrobús,912418
2015-04-29,Metro,5042058
2015-04-29,Ecobici,30528
2015-04-29,Metrobús,902449
2015-04-30,Metro,5048516
2015-04-30,Ecobici,32165
2015-04-30,Metrobús,968093
2015-05-01,Metro,3432478
2015-05-01,Ecobici,13495
2015-05-01,Metrobús,461985
2015-05-02,Metro,3657630
2015-05-02,Ecobici,11817
2015-05-02,Metrobús,541958
2015-05-03,Metro,2470077
2015-05-03,Ecobici,12507
2015-05-03,Metrobús,346031
2015-05-04,Metro,4564128
2015-05-04,Ecobici,25755
2015-05-04,Metrobús,823536
2015-05-05,Metro,4429418
2015-05-05,Ecobici,29232
2015-05-05,Metrobús,792339
2015-05-06,Metro,4996475
2015-05-06,Ecobici,32284
2015-05-06,Metrobús,923952
2015-05-07,Metro,5040823
2015-05-07,Ecobici,33765
2015-05-07,Metrobús,936398
2015-05-08,Metro,5183117
2015-05-08,Ecobici,30885
2015-05-08,Metrobús,964622
2015-05-09,Metro,4292740
2015-05-09,Ecobici,16464
2015-05-09,Metrobús,650906
2015-05-10,Metro,2493164
2015-05-10,Ecobici,10996
2015-05-10,Metrobús,307322
2015-05-11,Metro,4712452
2015-05-11,Ecobici,30768
2015-05-11,Metrobús,865904
2015-05-12,Metro,4881332
2015-05-12,Ecobici,23473
2015-05-12,Metrobús,907610
2015-05-13,Metro,4978032
2015-05-13,Ecobici,28433
2015-05-13,Metrobús,914688
2015-05-14,Metro,5005273
2015-05-14,Ecobici,31863
2015-05-14,Metrobús,926488
2015-05-15,Metro,5093131
2015-05-15,Ecobici,31952
2015-05-15,Metrobús,896559
2015-05-16,Metro,4118403
2015-05-16,Ecobici,14199
2015-05-16,Metrobús,630676
2015-05-17,Metro,2678815
2015-05-17,Ecobici,13540
2015-05-17,Metrobús,357755
2015-05-18,Metro,4853548
2015-05-18,Ecobici,33042
2015-05-18,Metrobús,897293
2015-05-19,Metro,4999881
2015-05-19,Ecobici,33967
2015-05-19,Metrobús,915666
2015-05-20,Metro,5018740
2015-05-20,Ecobici,32795
2015-05-20,Metrobús,921503
2015-05-21,Metro,5028454
2015-05-21,Ecobici,34612
2015-05-21,Metrobús,919898
2015-05-22,Metro,5123057
2015-05-22,Ecobici,28592
2015-05-22,Metrobús,944022
2015-05-23,Metro,4317299
2015-05-23,Ecobici,16035
2015-05-23,Metrobús,649292
2015-05-24,Metro,2543386
2015-05-24,Ecobici,13485
2015-05-24,Metrobús,334643
2015-05-25,Metro,4807757
2015-05-25,Ecobici,28085
2015-05-25,Metrobús,879293
2015-05-26,Metro,4961859
2015-05-26,Ecobici,35645
2015-05-26,Metrobús,877799
2015-05-27,Metro,5029903
2015-05-27,Ecobici,30754
2015-05-27,Metrobús,897763
2015-05-28,Metro,5007973
2015-05-28,Ecobici,28312
2015-05-28,Metrobús,917853
2015-05-29,Metro,5202935
2015-05-29,Ecobici,28481
2015-05-29,Metrobús,950603
2015-05-30,Metro,4217334
2015-05-30,Ecobici,12370
2015-05-30,Metrobús,627148
2015-05-31,Metro,2727469
2015-05-31,Ecobici,12123
2015-05-31,Metrobús,386182
2015-06-01,Metro,4805755
2015-06-01,Ecobici,33035
2015-06-01,Metrobús,897509
2015-06-02,Metro,4976149
2015-06-02,Ecobici,34977
2015-06-02,Metrobús,912665
2015-06-03,Metro,4978354
2015-06-03,Ecobici,35036
2015-06-03,Metrobús,902971
2015-06-04,Metro,4980189
2015-06-04,Ecobici,31776
2015-06-04,Metrobús,912757
2015-06-05,Metro,5073510
2015-06-05,Ecobici,31349
2015-06-05,Metrobús,929178
2015-06-06,Metro,4132694
2015-06-06,Ecobici,11823
2015-06-06,Metrobús,610958
2015-06-07,Metro,2393730
2015-06-07,Ecobici,13844
2015-06-07,Metrobús,340686
2015-06-08,Metro,4674745
2015-06-08,Ecobici,33186
2015-06-08,Metrobús,868538
2015-06-09,Metro,4789793
2015-06-09,Ecobici,35371
2015-06-09,Metrobús,893567
2015-06-10,Metro,5027106
2015-06-10,Ecobici,35866
2015-06-10,Metrobús,884176
2015-06-11,Metro,4970181
2015-06-11,Ecobici,34498
2015-06-11,Metrobús,895862
2015-06-12,Metro,5107472
2015-06-12,Ecobici,29441
2015-06-12,Metrobús,931688
2015-06-13,Metro,4098566
2015-06-13,Ecobici,14737
2015-06-13,Metrobús,625782
2015-06-14,Metro,2613715
2015-06-14,Ecobici,13364
2015-06-14,Metrobús,341924
2015-06-15,Metro,4717595
2015-06-15,Ecobici,31464
2015-06-15,Metrobús,876517
2015-06-16,Metro,4840551
2015-06-16,Ecobici,34110
2015-06-16,Metrobús,900613
2015-06-17,Metro,4845539
2015-06-17,Ecobici,29123
2015-06-17,Metrobús,905716
2015-06-18,Metro,4767975
2015-06-18,Ecobici,27336
2015-06-18,Metrobús,886354
2015-06-19,Metro,5021946
2015-06-19,Ecobici,31786
2015-06-19,Metrobús,923272
2015-06-20,Metro,4109862
2015-06-20,Ecobici,14561
2015-06-20,Metrobús,604986
2015-06-21,Metro,2479757
2015-06-21,Ecobici,11527
2015-06-21,Metrobús,330241
2015-06-22,Metro,4554536
2015-06-22,Ecobici,30920
2015-06-22,Metrobús,846228
2015-06-23,Metro,4652697
2015-06-23,Ecobici,34860
2015-06-23,Metrobús,877225
2015-06-24,Metro,4919461
2015-06-24,Ecobici,34600
2015-06-24,Metrobús,879403
2015-06-25,Metro,4830763
2015-06-25,Ecobici,32703
2015-06-25,Metrobús,877852
2015-06-26,Metro,4988795
2015-06-26,Ecobici,27408
2015-06-26,Metrobús,900422
2015-06-27,Metro,4272569
2015-06-27,Ecobici,15494
2015-06-27,Metrobús,633154
2015-06-28,Metro,2760578
2015-06-28,Ecobici,10874
2015-06-28,Metrobús,345740
2015-06-29,Metro,4563569
2015-06-29,Ecobici,29133
2015-06-29,Metrobús,839455
2015-06-30,Metro,4719479
2015-06-30,Ecobici,26058
2015-06-30,Metrobús,885486
2015-07-01,Metro,4871210
2015-07-01,Ecobici,31331
2015-07-01,Metrobús,893260
2015-07-02,Metro,4854728
2015-07-02,Ecobici,26386
2015-07-02,Metrobús,868260
2015-07-03,Metro,4902283
2015-07-03,Ecobici,29796
2015-07-03,Metrobús,906542
2015-07-04,Metro,4063220
2015-07-04,Ecobici,12849
2015-07-04,Metrobús,595894
2015-07-05,Metro,2568078
2015-07-05,Ecobici,12064
2015-07-05,Metrobús,341955
2015-07-06,Metro,4613518
2015-07-06,Ecobici,29465
2015-07-06,Metrobús,843472
2015-07-07,Metro,4727480
2015-07-07,Ecobici,33123
2015-07-07,Metrobús,860068
2015-07-08,Metro,4850647
2015-07-08,Ecobici,31949
2015-07-08,Metrobús,862705
2015-07-09,Metro,4797988
2015-07-09,Ecobici,30367
2015-07-09,Metrobús,857061
2015-07-10,Metro,4806107
2015-07-10,Ecobici,31519
2015-07-10,Metrobús,878013
2015-07-11,Metro,3949380
2015-07-11,Ecobici,14207
2015-07-11,Metrobús,587420
2015-07-12,Metro,2509774
2015-07-12,Ecobici,13173
2015-07-12,Metrobús,340539
2015-07-13,Metro,4449453
2015-07-13,Ecobici,31947
2015-07-13,Metrobús,827313
2015-07-14,Metro,4565798
2015-07-14,Ecobici,33261
2015-07-14,Metrobús,843072
2015-07-15,Metro,4768490
2015-07-15,Ecobici,33692
2015-07-15,Metrobús,869342
2015-07-16,Metro,4709421
2015-07-16,Ecobici,31929
2015-07-16,Metrobús,863987
2015-07-17,Metro,4864678
2015-07-17,Ecobici,30464
2015-07-17,Metrobús,872145
2015-07-18,Metro,3924624
2015-07-18,Ecobici,11984
2015-07-18,Metrobús,583639
2015-07-19,Metro,2503192
2015-07-19,Ecobici,11608
2015-07-19,Metrobús,328954
2015-07-20,Metro,4446242
2015-07-20,Ecobici,31012
2015-07-20,Metrobús,811483
2015-07-21,Metro,4532410
2015-07-21,Ecobici,30793
2015-07-21,Metrobús,827621
2015-07-22,Metro,4630351
2015-07-22,Ecobici,29099
2015-07-22,Metrobús,833551
2015-07-23,Metro,4665866
2015-07-23,Ecobici,26896
2015-07-23,Metrobús,814847
2015-07-24,Metro,4674172
2015-07-24,Ecobici,26449
2015-07-24,Metrobús,853206
2015-07-25,Metro,3806649
2015-07-25,Ecobici,14540
2015-07-25,Metrobús,575735
2015-07-26,Metro,2544374
2015-07-26,Ecobici,13136
2015-07-26,Metrobús,331607
2015-07-27,Metro,4376841
2015-07-27,Ecobici,29395
2015-07-27,Metrobús,798087
2015-07-28,Metro,4588315
2015-07-28,Ecobici,31639
2015-07-28,Metrobús,831554
2015-07-29,Metro,4660804
2015-07-29,Ecobici,32511
2015-07-29,Metrobús,839185
2015-07-30,Metro,4721548
2015-07-30,Ecobici,30083
2015-07-30,Metrobús,832633
2015-07-31,Metro,4754456
2015-07-31,Ecobici,30323
2015-07-31,Metrobús,874280
2015-08-01,Metro,4093512
2015-08-01,Ecobici,13015
2015-08-01,Metrobús,605838
2015-08-02,Metro,2663384
2015-08-02,Ecobici,12433
2015-08-02,Metrobús,351810
2015-08-03,Metro,4619369
2015-08-03,Ecobici,30295
2015-08-03,Metrobús,839824
2015-08-04,Metro,4620529
2015-08-04,Ecobici,32139
2015-08-04,Metrobús,860996
2015-08-05,Metro,4782649
2015-08-05,Ecobici,31233
2015-08-05,Metrobús,864858
2015-08-06,Metro,4822647
2015-08-06,Ecobici,32810
2015-08-06,Metrobús,868279
2015-08-07,Metro,4868482
2015-08-07,Ecobici,29833
2015-08-07,Metrobús,875716
2015-08-08,Metro,3992395
2015-08-08,Ecobici,14429
2015-08-08,Metrobús,597311
2015-08-09,Metro,2597200
2015-08-09,Ecobici,13717
2015-08-09,Metrobús,343092
2015-08-10,Metro,4601943
2015-08-10,Ecobici,32144
2015-08-10,Metrobús,849935
2015-08-11,Metro,4811526
2015-08-11,Ecobici,31288
2015-08-11,Metrobús,868346
2015-08-12,Metro,4892065
2015-08-12,Ecobici,32741
2015-08-12,Metrobús,879208
2015-08-13,Metro,4935196
2015-08-13,Ecobici,28773
2015-08-13,Metrobús,880496
2015-08-14,Metro,4958958
2015-08-14,Ecobici,31253
2015-08-14,Metrobús,913516
2015-08-15,Metro,4279311
2015-08-15,Ecobici,14201
2015-08-15,Metrobús,608147
2015-08-16,Metro,2642804
2015-08-16,Ecobici,13339
2015-08-16,Metrobús,341011
2015-08-17,Metro,4626052
2015-08-17,Ecobici,28354
2015-08-17,Metrobús,846186
2015-08-18,Metro,4850912
2015-08-18,Ecobici,33022
2015-08-18,Metrobús,871191
2015-08-19,Metro,5011100
2015-08-19,Ecobici,33145
2015-08-19,Metrobús,876117
2015-08-20,Metro,5006799
2015-08-20,Ecobici,32202
2015-08-20,Metrobús,884259
2015-08-21,Metro,5042297
2015-08-21,Ecobici,28954
2015-08-21,Metrobús,905890
2015-08-22,Metro,4284646
2015-08-22,Ecobici,14225
2015-08-22,Metrobús,620480
2015-08-23,Metro,2751413
2015-08-23,Ecobici,13453
2015-08-23,Metrobús,352402
2015-08-24,Metro,4683260
2015-08-24,Ecobici,32955
2015-08-24,Metrobús,864168
2015-08-25,Metro,4929784
2015-08-25,Ecobici,34766
2015-08-25,Metrobús,894125
2015-08-26,Metro,4966814
2015-08-26,Ecobici,35084
2015-08-26,Metrobús,899600
2015-08-27,Metro,5023360
2015-08-27,Ecobici,34398
2015-08-27,Metrobús,906726
2015-08-28,Metro,5194136
2015-08-28,Ecobici,32813
2015-08-28,Metrobús,952594
2015-08-29,Metro,4239626
2015-08-29,Ecobici,13830
2015-08-29,Metrobús,594955
2015-08-30,Metro,2744645
2015-08-30,Ecobici,11772
2015-08-30,Metrobús,298840
2015-08-31,Metro,4774434
2015-08-31,Ecobici,32836
2015-08-31,Metrobús,890068
2015-09-01,Metro,5091406
2015-09-01,Ecobici,32742
2015-09-01,Metrobús,926267
2015-09-02,Metro,5102809
2015-09-02,Ecobici,27250
2015-09-02,Metrobús,931292
2015-09-03,Metro,5181474
2015-09-03,Ecobici,26157
2015-09-03,Metrobús,932255
2015-09-04,Metro,5221502
2015-09-04,Ecobici,29462
2015-09-04,Metrobús,959602
2015-09-05,Metro,4318257
2015-09-05,Ecobici,14465
2015-09-05,Metrobús,614781
2015-09-06,Metro,2633263
2015-09-06,Ecobici,12817
2015-09-06,Metrobús,346223
2015-09-07,Metro,4896800
2015-09-07,Ecobici,34095
2015-09-07,Metrobús,900439
2015-09-08,Metro,5062442
2015-09-08,Ecobici,34682
2015-09-08,Metrobús,923178
2015-09-09,Metro,5084514
2015-09-09,Ecobici,35202
2015-09-09,Metrobús,925712
2015-09-10,Metro,5111932
2015-09-10,Ecobici,34938
2015-09-10,Metrobús,929555
2015-09-11,Metro,5223752
2015-09-11,Ecobici,33682
2015-09-11,Metrobús,955551
2015-09-12,Metro,4241485
2015-09-12,Ecobici,14314
2015-09-12,Metrobús,594928
2015-09-13,Metro,2628905
2015-09-13,Ecobici,12007
2015-09-13,Metrobús,335683
2015-09-14,Metro,4768338
2015-09-14,Ecobici,27559
2015-09-14,Metrobús,887244
2015-09-15,Metro,4473362
2015-09-15,Ecobici,27529
2015-09-15,Metrobús,756708
2015-09-16,Metro,2105030
2015-09-16,Ecobici,8116
2015-09-16,Metrobús,268820
2015-09-17,Metro,4746154
2015-09-17,Ecobici,24653
2015-09-17,Metrobús,913278
2015-09-18,Metro,5162911
2015-09-18,Ecobici,29369
2015-09-18,Metrobús,946581
2015-09-19,Metro,4219957
2015-09-19,Ecobici,16252
2015-09-19,Metrobús,620400
2015-09-20,Metro,2631344
2015-09-20,Ecobici,13951
2015-09-20,Metrobús,343665
2015-09-21,Metro,4864512
2015-09-21,Ecobici,33587
2015-09-21,Metrobús,895672
2015-09-22,Metro,4960444
2015-09-22,Ecobici,36269
2015-09-22,Metrobús,923450
2015-09-23,Metro,5042175
2015-09-23,Ecobici,35004
2015-09-23,Metrobús,924001
2015-09-24,Metro,5010771
2015-09-24,Ecobici,34567
2015-09-24,Metrobús,923115
2015-09-25,Metro,5308115
2015-09-25,Ecobici,32146
2015-09-25,Metrobús,950912
2015-09-26,Metro,4105850
2015-09-26,Ecobici,11141
2015-09-26,Metrobús,542334
2015-09-27,Metro,2600038
2015-09-27,Ecobici,11167
2015-09-27,Metrobús,339067
2015-09-28,Metro,4689865
2015-09-28,Ecobici,26465
2015-09-28,Metrobús,884414
2015-09-29,Metro,4742793
2015-09-29,Ecobici,27260
2015-09-29,Metrobús,905795
2015-09-30,Metro,4987464
2015-09-30,Ecobici,32450
2015-09-30,Metrobús,930477
2015-10-01,Metro,5156939
2015-10-01,Ecobici,32869
2015-10-01,Metrobús,935781
2015-10-02,Metro,5191664
2015-10-02,Ecobici,32660
2015-10-02,Metrobús,951600
2015-10-03,Metro,4299203
2015-10-03,Ecobici,14909
2015-10-03,Metrobús,629347
2015-10-04,Metro,2613355
2015-10-04,Ecobici,13161
2015-10-04,Metrobús,360408
2015-10-05,Metro,4935690
2015-10-05,Ecobici,33710
2015-10-05,Metrobús,911434
2015-10-06,Metro,5084888
2015-10-06,Ecobici,36675
2015-10-06,Metrobús,894425
2015-10-07,Metro,5198750
2015-10-07,Ecobici,35872
2015-10-07,Metrobús,934164
2015-10-08,Metro,5178921
2015-10-08,Ecobici,35118
2015-10-08,Metrobús,932009
2015-10-09,Metro,5278031
2015-10-09,Ecobici,34145
2015-10-09,Metrobús,952414
2015-10-10,Metro,4383537
2015-10-10,Ecobici,15154
2015-10-10,Metrobús,622580
2015-10-11,Metro,2619579
2015-10-11,Ecobici,13412
2015-10-11,Metrobús,339861
2015-10-12,Metro,4817710
2015-10-12,Ecobici,34342
2015-10-12,Metrobús,883228
2015-10-13,Metro,5018195
2015-10-13,Ecobici,36111
2015-10-13,Metrobús,917472
2015-10-14,Metro,5113423
2015-10-14,Ecobici,35102
2015-10-14,Metrobús,929136
2015-10-15,Metro,5259114
2015-10-15,Ecobici,35590
2015-10-15,Metrobús,950692
2015-10-16,Metro,5416512
2015-10-16,Ecobici,33173
2015-10-16,Metrobús,987263
2015-10-17,Metro,4427374
2015-10-17,Ecobici,13364
2015-10-17,Metrobús,632336
2015-10-18,Metro,2640353
2015-10-18,Ecobici,9985
2015-10-18,Metrobús,350920
2015-10-19,Metro,4901242
2015-10-19,Ecobici,32428
2015-10-19,Metrobús,892427
2015-10-20,Metro,5106755
2015-10-20,Ecobici,35387
2015-10-20,Metrobús,931031
2015-10-21,Metro,5186117
2015-10-21,Ecobici,35237
2015-10-21,Metrobús,938131
2015-10-22,Metro,5171292
2015-10-22,Ecobici,35053
2015-10-22,Metrobús,932134
2015-10-23,Metro,5268753
2015-10-23,Ecobici,33550
2015-10-23,Metrobús,947724
2015-10-24,Metro,4339314
2015-10-24,Ecobici,15132
2015-10-24,Metrobús,614677
2015-10-25,Metro,2722898
2015-10-25,Ecobici,13230
2015-10-25,Metrobús,363645
2015-10-26,Metro,4884051
2015-10-26,Ecobici,32241
2015-10-26,Metrobús,890938
2015-10-27,Metro,4994108
2015-10-27,Ecobici,32326
2015-10-27,Metrobús,898521
2015-10-28,Metro,5214929
2015-10-28,Ecobici,28362
2015-10-28,Metrobús,910119
2015-10-29,Metro,5169799
2015-10-29,Ecobici,35242
2015-10-29,Metrobús,945753
2015-10-30,Metro,5634755
2015-10-30,Ecobici,30356
2015-10-30,Metrobús,973016
2015-10-31,Metro,4372152
2015-10-31,Ecobici,16694
2015-10-31,Metrobús,615296
2015-11-01,Metro,2721259
2015-11-01,Ecobici,10904
2015-11-01,Metrobús,350875
2015-11-02,Metro,3178761
2015-11-02,Ecobici,18304
2015-11-02,Metrobús,507849
2015-11-03,Metro,4882822
2015-11-03,Ecobici,34073
2015-11-03,Metrobús,911495
2015-11-04,Metro,5169286
2015-11-04,Ecobici,34610
2015-11-04,Metrobús,933075
2015-11-05,Metro,5221597
2015-11-05,Ecobici,35526
2015-11-05,Metrobús,952314
2015-11-06,Metro,5400378
2015-11-06,Ecobici,33233
2015-11-06,Metrobús,978066
2015-11-07,Metro,4266998
2015-11-07,Ecobici,15413
2015-11-07,Metrobús,628857
2015-11-08,Metro,2694382
2015-11-08,Ecobici,12154
2015-11-08,Metrobús,349496
2015-11-09,Metro,4943882
2015-11-09,Ecobici,34619
2015-11-09,Metrobús,914485
2015-11-10,Metro,5173005
2015-11-10,Ecobici,36375
2015-11-10,Metrobús,920854
2015-11-11,Metro,5283672
2015-11-11,Ecobici,36382
2015-11-11,Metrobús,938040
2015-11-12,Metro,5242631
2015-11-12,Ecobici,35373
2015-11-12,Metrobús,955811
2015-11-13,Metro,5482243
2015-11-13,Ecobici,31997
2015-11-13,Metrobús,1009988
2015-11-14,Metro,4479592
2015-11-14,Ecobici,13315
2015-11-14,Metrobús,649003
2015-11-15,Metro,2896630
2015-11-15,Ecobici,11535
2015-11-15,Metrobús,390986
2015-11-16,Metro,2989069
2015-11-16,Ecobici,12082
2015-11-16,Metrobús,443367
2015-11-17,Metro,4892270
2015-11-17,Ecobici,33783
2015-11-17,Metrobús,922124
2015-11-18,Metro,5249880
2015-11-18,Ecobici,35199
2015-11-18,Metrobús,945421
2015-11-19,Metro,5218987
2015-11-19,Ecobici,34517
2015-11-19,Metrobús,928309
2015-11-20,Metro,5395295
2015-11-20,Ecobici,32736
2015-11-20,Metrobús,977769
2015-11-21,Metro,4490377
2015-11-21,Ecobici,14979
2015-11-21,Metrobús,624941
2015-11-22,Metro,2760302
2015-11-22,Ecobici,11798
2015-11-22,Metrobús,355623
2015-11-23,Metro,4934369
2015-11-23,Ecobici,32296
2015-11-23,Metrobús,900420
2015-11-24,Metro,5089794
2015-11-24,Ecobici,34112
2015-11-24,Metrobús,920916
2015-11-25,Metro,5223203
2015-11-25,Ecobici,33760
2015-11-25,Metrobús,932168
2015-11-26,Metro,5314160
2015-11-26,Ecobici,34898
2015-11-26,Metrobús,936204
2015-11-27,Metro,5450697
2015-11-27,Ecobici,32177
2015-11-27,Metrobús,974530
2015-11-28,Metro,4567141
2015-11-28,Ecobici,14430
2015-11-28,Metrobús,639640
2015-11-29,Metro,2930857
2015-11-29,Ecobici,12155
2015-11-29,Metrobús,379223
2015-11-30,Metro,5035926
2015-11-30,Ecobici,32798
2015-11-30,Metrobús,915666
2015-12-01,Metro,5299349
2015-12-01,Ecobici,34520
2015-12-01,Metrobús,948467
2015-12-02,Metro,5332947
2015-12-02,Ecobici,33645
2015-12-02,Metrobús,946425
2015-12-03,Metro,5340960
2015-12-03,Ecobici,30159
2015-12-03,Metrobús,947320
2015-12-04,Metro,5475933
2015-12-04,Ecobici,27874
2015-12-04,Metrobús,982087
2015-12-05,Metro,4531777
2015-12-05,Ecobici,13072
2015-12-05,Metrobús,627042
2015-12-06,Metro,2936858
2015-12-06,Ecobici,10514
2015-12-06,Metrobús,377596
2015-12-07,Metro,5065096
2015-12-07,Ecobici,30738
2015-12-07,Metrobús,913563
2015-12-08,Metro,5166599
2015-12-08,Ecobici,30580
2015-12-08,Metrobús,927262
2015-12-09,Metro,5316987
2015-12-09,Ecobici,32342
2015-12-09,Metrobús,938335
2015-12-10,Metro,5381095
2015-12-10,Ecobici,32077
2015-12-10,Metrobús,951680
2015-12-11,Metro,5515787
2015-12-11,Ecobici,30052
2015-12-11,Metrobús,977139
2015-12-12,Metro,4306968
2015-12-12,Ecobici,12551
2015-12-12,Metrobús,597625
2015-12-13,Metro,2963034
2015-12-13,Ecobici,10425
2015-12-13,Metrobús,386515
2015-12-14,Metro,5012582
2015-12-14,Ecobici,30037
2015-12-14,Metrobús,894891
2015-12-15,Metro,5213334
2015-12-15,Ecobici,31696
2015-12-15,Metrobús,937410
2015-12-16,Metro,5304922
2015-12-16,Ecobici,31304
2015-12-16,Metrobús,945300
2015-12-17,Metro,5293200
2015-12-17,Ecobici,29917
2015-12-17,Metrobús,930113
2015-12-18,Metro,5229452
2015-12-18,Ecobici,26288
2015-12-18,Metrobús,929103
2015-12-19,Metro,4633582
2015-12-19,Ecobici,11662
2015-12-19,Metrobús,616264
2015-12-20,Metro,3302673
2015-12-20,Ecobici,10112
2015-12-20,Metrobús,406736
2015-12-21,Metro,4857616
2015-12-21,Ecobici,23878
2015-12-21,Metrobús,813816
2015-12-22,Metro,4866541
2015-12-22,Ecobici,23694
2015-12-22,Metrobús,802346
2015-12-23,Metro,4870786
2015-12-23,Ecobici,21765
2015-12-23,Metrobús,778276
2015-12-24,Metro,3776034
2015-12-24,Ecobici,11846
2015-12-24,Metrobús,502499
2015-12-25,Metro,1834022
2015-12-25,Ecobici,3487
2015-12-25,Metrobús,215728
2015-12-26,Metro,3104923
2015-12-26,Ecobici,8538
2015-12-26,Metrobús,436776
2015-12-27,Metro,2613688
2015-12-27,Ecobici,7831
2015-12-27,Metrobús,333554
2015-12-28,Metro,4103330
2015-12-28,Ecobici,17219
2015-12-28,Metrobús,657273
2015-12-29,Metro,4183088
2015-12-29,Ecobici,17426
2015-12-29,Metrobús,668603
2015-12-30,Metro,4218864
2015-12-30,Ecobici,16804
2015-12-30,Metrobús,675465
2015-12-31,Metro,3417733
2015-12-31,Ecobici,10713
2015-12-31,Metrobús,461930
2016-01-01,Metro,1759293
2016-01-01,Ecobici,3677
2016-01-01,Metrobús,204783
2016-01-02,Metro,2958950
2016-01-02,Ecobici,7523
2016-01-02,Metrobús,439189
2016-01-03,Metro,2662202
2016-01-03,Ecobici,8976
2016-01-03,Metrobús,335103
2016-01-04,Metro,4574916
2016-01-04,Ecobici,19848
2016-01-04,Metrobús,764331
2016-01-05,Metro,4736005
2016-01-05,Ecobici,25811
2016-01-05,Metrobús,823309
2016-01-06,Metro,4443660
2016-01-06,Ecobici,25578
2016-01-06,Metrobús,732160
2016-01-07,Metro,4728715
2016-01-07,Ecobici,27963
2016-01-07,Metrobús,836487
2016-01-08,Metro,5010460
2016-01-08,Ecobici,26965
2016-01-08,Metrobús,870925
2016-01-09,Metro,3921861
2016-01-09,Ecobici,12266
2016-01-09,Metrobús,557215
2016-01-10,Metro,2660088
2016-01-10,Ecobici,10644
2016-01-10,Metrobús,323016
2016-01-11,Metro,4764678
2016-01-11,Ecobici,29607
2016-01-11,Metrobús,877040
2016-01-12,Metro,4920412
2016-01-12,Ecobici,30641
2016-01-12,Metrobús,886168
2016-01-13,Metro,4750761
2016-01-13,Ecobici,18044
2016-01-13,Metrobús,849696
2016-01-14,Metro,4933210
2016-01-14,Ecobici,29768
2016-01-14,Metrobús,906505
2016-01-15,Metro,5152660
2016-01-15,Ecobici,29659
2016-01-15,Metrobús,957175
2016-01-16,Metro,4134291
2016-01-16,Ecobici,11969
2016-01-16,Metrobús,603193
2016-01-17,Metro,2708855
2016-01-17,Ecobici,11458
2016-01-17,Metrobús,352698
2016-01-18,Metro,4898517
2016-01-18,Ecobici,30043
2016-01-18,Metrobús,902632
2016-01-19,Metro,4924655
2016-01-19,Ecobici,31375
2016-01-19,Metrobús,905126
2016-01-20,Metro,5097580
2016-01-20,Ecobici,31197
2016-01-20,Metrobús,917191
2016-01-21,Metro,5064916
2016-01-21,Ecobici,31072
2016-01-21,Metrobús,930300
2016-01-22,Metro,5223282
2016-01-22,Ecobici,29797
2016-01-22,Metrobús,973179
2016-01-23,Metro,4151937
2016-01-23,Ecobici,12974
2016-01-23,Metrobús,703124
2016-01-24,Metro,2633969
2016-01-24,Ecobici,11651
2016-01-24,Metrobús,422492
2016-01-25,Metro,4760886
2016-01-25,Ecobici,30429
2016-01-25,Metrobús,1036554
2016-01-26,Metro,4947008
2016-01-26,Ecobici,31623
2016-01-26,Metrobús,1059772
2016-01-27,Metro,5122441
2016-01-27,Ecobici,32143
2016-01-27,Metrobús,1066056
2016-01-28,Metro,5077347
2016-01-28,Ecobici,27718
2016-01-28,Metrobús,1051009
2016-01-29,Metro,5228677
2016-01-29,Ecobici,27485
2016-01-29,Metrobús,1079676
2016-01-30,Metro,4148821
2016-01-30,Ecobici,11322
2016-01-30,Metrobús,720299
2016-01-31,Metro,2686496
2016-01-31,Ecobici,10133
2016-01-31,Metrobús,446013
2016-02-01,Metro,2925118
2016-02-01,Ecobici,10533
2016-02-01,Metrobús,499530
2016-02-02,Metro,4887762
2016-02-02,Ecobici,30583
2016-02-02,Metrobús,1090386
2016-02-03,Metro,5153293
2016-02-03,Ecobici,32052
2016-02-03,Metrobús,1101681
2016-02-04,Metro,5139928
2016-02-04,Ecobici,30876
2016-02-04,Metrobús,1125727
2016-02-05,Metro,5393863
2016-02-05,Ecobici,30309
2016-02-05,Metrobús,1138831
2016-02-06,Metro,4363989
2016-02-06,Ecobici,12748
2016-02-06,Metrobús,732819
2016-02-07,Metro,2725156
2016-02-07,Ecobici,10977
2016-02-07,Metrobús,428849
2016-02-08,Metro,4936921
2016-02-08,Ecobici,27720
2016-02-08,Metrobús,1070362
2016-02-09,Metro,5121915
2016-02-09,Ecobici,27814
2016-02-09,Metrobús,1090490
2016-02-10,Metro,5269280
2016-02-10,Ecobici,27311
2016-02-10,Metrobús,1093196
2016-02-11,Metro,5175186
2016-02-11,Ecobici,28442
2016-02-11,Metrobús,1086367
2016-02-12,Metro,5272003
2016-02-12,Ecobici,27863
2016-02-12,Metrobús,904049
2016-02-13,Metro,3778870
2016-02-13,Ecobici,12466
2016-02-13,Metrobús,533170
2016-02-14,Metro,2621434
2016-02-14,Ecobici,10091
2016-02-14,Metrobús,397677
2016-02-15,Metro,5031806
2016-02-15,Ecobici,28583
2016-02-15,Metrobús,1045551
2016-02-16,Metro,5207302
2016-02-16,Ecobici,30661
2016-02-16,Metrobús,1068762
2016-02-17,Metro,5248763
2016-02-17,Ecobici,30838
2016-02-17,Metrobús,1093408
2016-02-18,Metro,5264967
2016-02-18,Ecobici,30899
2016-02-18,Metrobús,1120201
2016-02-19,Metro,5381317
2016-02-19,Ecobici,29595
2016-02-19,Metrobús,1151134
2016-02-20,Metro,4351087
2016-02-20,Ecobici,14666
2016-02-20,Metrobús,758520
2016-02-21,Metro,2925789
2016-02-21,Ecobici,11852
2016-02-21,Metrobús,459866
2016-02-22,Metro,4943334
2016-02-22,Ecobici,30406
2016-02-22,Metrobús,1078272
2016-02-23,Metro,5157698
2016-02-23,Ecobici,32748
2016-02-23,Metrobús,1112485
2016-02-24,Metro,5188243
2016-02-24,Ecobici,32560
2016-02-24,Metrobús,1104050
2016-02-25,Metro,5303765
2016-02-25,Ecobici,31726
2016-02-25,Metrobús,1095226
2016-02-26,Metro,5491088
2016-02-26,Ecobici,30126
2016-02-26,Metrobús,1148831
2016-02-27,Metro,4217797
2016-02-27,Ecobici,12495
2016-02-27,Metrobús,738754
2016-02-28,Metro,2814804
2016-02-28,Ecobici,11734
2016-02-28,Metrobús,434764
2016-02-29,Metro,5094042
2016-02-29,Ecobici,30102
2016-02-29,Metrobús,1112595
2016-03-01,Metro,5303548
2016-03-01,Ecobici,32020
2016-03-01,Metrobús,1123669
2016-03-02,Metro,5121258
2016-03-02,Ecobici,24555
2016-03-02,Metrobús,1105929
2016-03-03,Metro,5348575
2016-03-03,Ecobici,30854
2016-03-03,Metrobús,1127271
2016-03-04,Metro,5549201
2016-03-04,Ecobici,29931
2016-03-04,Metrobús,1148932
2016-03-05,Metro,4361839
2016-03-05,Ecobici,13453
2016-03-05,Metrobús,759919
2016-03-06,Metro,2918447
2016-03-06,Ecobici,12478
2016-03-06,Metrobús,425760
2016-03-07,Metro,5068617
2016-03-07,Ecobici,31465
2016-03-07,Metrobús,1097245
2016-03-08,Metro,5222097
2016-03-08,Ecobici,30734
2016-03-08,Metrobús,1110533
2016-03-09,Metro,5057757
2016-03-09,Ecobici,23540
2016-03-09,Metrobús,1079666
2016-03-10,Metro,4797152
2016-03-10,Ecobici,26508
2016-03-10,Metrobús,1006931
2016-03-11,Metro,5264464
2016-03-11,Ecobici,29573
2016-03-11,Metrobús,1137834
2016-03-12,Metro,4439749
2016-03-12,Ecobici,13484
2016-03-12,Metrobús,768643
2016-03-13,Metro,2823224
2016-03-13,Ecobici,12131
2016-03-13,Metrobús,447442
2016-03-14,Metro,5035087
2016-03-14,Ecobici,31551
2016-03-14,Metrobús,1104234
2016-03-15,Metro,2920141
2016-03-15,Ecobici,32436
2016-03-15,Metrobús,1229596
2016-03-16,Metro,144788
2016-03-16,Ecobici,31806
2016-03-16,Metrobús,1433684
2016-03-17,Metro,230259
2016-03-17,Ecobici,32014
2016-03-17,Metrobús,1496746
2016-03-18,Metro,4931222
2016-03-18,Ecobici,30504
2016-03-18,Metrobús,1200821
2016-03-19,Metro,4362254
2016-03-19,Ecobici,12571
2016-03-19,Metrobús,736687
2016-03-20,Metro,2833297
2016-03-20,Ecobici,10162
2016-03-20,Metrobús,448003
2016-03-21,Metro,3003608
2016-03-21,Ecobici,10041
2016-03-21,Metrobús,497730
2016-03-22,Metro,4349632
2016-03-22,Ecobici,24084
2016-03-22,Metrobús,910726
2016-03-23,Metro,4387252
2016-03-23,Ecobici,22804
2016-03-23,Metrobús,886904
2016-03-24,Metro,3240403
2016-03-24,Ecobici,11108
2016-03-24,Metrobús,547687
2016-03-25,Metro,2238064
2016-03-25,Ecobici,9153
2016-03-25,Metrobús,362835
2016-03-26,Metro,2500092
2016-03-26,Ecobici,11075
2016-03-26,Metrobús,452193
2016-03-27,Metro,2279114
2016-03-27,Ecobici,10782
2016-03-27,Metrobús,361593
2016-03-28,Metro,4716498
2016-03-28,Ecobici,28706
2016-03-28,Metrobús,1009971
2016-03-29,Metro,5088554
2016-03-29,Ecobici,31348
2016-03-29,Metrobús,1054181
2016-03-30,Metro,5238107
2016-03-30,Ecobici,30727
2016-03-30,Metrobús,1075879
2016-03-31,Metro,5112036
2016-03-31,Ecobici,32243
2016-03-31,Metrobús,1088123
2016-04-01,Metro,5361176
2016-04-01,Ecobici,29895
2016-04-01,Metrobús,1129752
2016-04-02,Metro,4189620
2016-04-02,Ecobici,14082
2016-04-02,Metrobús,740454
2016-04-03,Metro,2702674
2016-04-03,Ecobici,12548
2016-04-03,Metrobús,430871
2016-04-04,Metro,4914657
2016-04-04,Ecobici,31948
2016-04-04,Metrobús,1077100
2016-04-05,Metro,5174074
2016-04-05,Ecobici,35184
2016-04-05,Metrobús,1183490
2016-04-06,Metro,5491811
2016-04-06,Ecobici,36718
2016-04-06,Metrobús,1254748
2016-04-07,Metro,5241346
2016-04-07,Ecobici,34874
2016-04-07,Metrobús,1177209
2016-04-08,Metro,5493938
2016-04-08,Ecobici,32506
2016-04-08,Metrobús,1210854
2016-04-09,Metro,4186033
2016-04-09,Ecobici,13624
2016-04-09,Metrobús,765533
2016-04-10,Metro,2701989
2016-04-10,Ecobici,13085
2016-04-10,Metrobús,442810
2016-04-11,Metro,4955436
2016-04-11,Ecobici,34479
2016-04-11,Metrobús,1134360
2016-04-12,Metro,5166592
2016-04-12,Ecobici,36134
2016-04-12,Metrobús,1164768
2016-04-13,Metro,5333313
2016-04-13,Ecobici,35645
2016-04-13,Metrobús,1176093
2016-04-14,Metro,5269504
2016-04-14,Ecobici,35319
2016-04-14,Metrobús,1179830
2016-04-15,Metro,5530075
2016-04-15,Ecobici,33357
2016-04-15,Metrobús,1243090
2016-04-16,Metro,4441615
2016-04-16,Ecobici,15695
2016-04-16,Metrobús,812847
2016-04-17,Metro,2801972
2016-04-17,Ecobici,12914
2016-04-17,Metrobús,448303
2016-04-18,Metro,5018411
2016-04-18,Ecobici,29999
2016-04-18,Metrobús,1136373
2016-04-19,Metro,5134289
2016-04-19,Ecobici,30776
2016-04-19,Metrobús,1147756
2016-04-20,Metro,5272483
2016-04-20,Ecobici,26929
2016-04-20,Metrobús,1154604
2016-04-21,Metro,5156350
2016-04-21,Ecobici,31623
2016-04-21,Metrobús,1149324
2016-04-22,Metro,5280854
2016-04-22,Ecobici,27333
2016-04-22,Metrobús,1172010
2016-04-23,Metro,4276921
2016-04-23,Ecobici,14337
2016-04-23,Metrobús,764914
2016-04-24,Metro,2756965
2016-04-24,Ecobici,13313
2016-04-24,Metrobús,458306
2016-04-25,Metro,4977129
2016-04-25,Ecobici,33164
2016-04-25,Metrobús,1122547
2016-04-26,Metro,5082146
2016-04-26,Ecobici,35099
2016-04-26,Metrobús,1147403
2016-04-27,Metro,5217949
2016-04-27,Ecobici,35265
2016-04-27,Metrobús,1149707
2016-04-28,Metro,5264510
2016-04-28,Ecobici,34704
2016-04-28,Metrobús,1157056
2016-04-29,Metro,5339308
2016-04-29,Ecobici,32665
2016-04-29,Metrobús,1222573
2016-04-30,Metro,4513767
2016-04-30,Ecobici,14531
2016-04-30,Metrobús,828991
2016-05-01,Metro,2856151
2016-05-01,Ecobici,11818
2016-05-01,Metrobús,455345
2016-05-02,Metro,4893475
2016-05-02,Ecobici,33372
2016-05-02,Metrobús,1118868
2016-05-03,Metro,5241117
2016-05-03,Ecobici,35080
2016-05-03,Metrobús,1231147
2016-05-04,Metro,5292803
2016-05-04,Ecobici,34953
2016-05-04,Metrobús,1225129
2016-05-05,Metro,4839722
2016-05-05,Ecobici,32957
2016-05-05,Metrobús,1062411
2016-05-06,Metro,5211961
2016-05-06,Ecobici,31600
2016-05-06,Metrobús,1169173
2016-05-07,Metro,4298224
2016-05-07,Ecobici,14642
2016-05-07,Metrobús,786194
2016-05-08,Metro,2614426
2016-05-08,Ecobici,10383
2016-05-08,Metrobús,428665
2016-05-09,Metro,4923183
2016-05-09,Ecobici,32118
2016-05-09,Metrobús,1128087
2016-05-10,Metro,4352219
2016-05-10,Ecobici,29109
2016-05-10,Metrobús,895983
2016-05-11,Metro,4846260
2016-05-11,Ecobici,28320
2016-05-11,Metrobús,1138616
2016-05-12,Metro,5081025
2016-05-12,Ecobici,32803
2016-05-12,Metrobús,1161179
2016-05-13,Metro,5278706
2016-05-13,Ecobici,33106
2016-05-13,Metrobús,1210826
2016-05-14,Metro,4295190
2016-05-14,Ecobici,14479
2016-05-14,Metrobús,783307
2016-05-15,Metro,2761708
2016-05-15,Ecobici,9466
2016-05-15,Metrobús,437740
2016-05-16,Metro,4996643
2016-05-16,Ecobici,33190
2016-05-16,Metrobús,1141694
2016-05-17,Metro,5090081
2016-05-17,Ecobici,31674
2016-05-17,Metrobús,1163636
2016-05-18,Metro,5221363
2016-05-18,Ecobici,33944
2016-05-18,Metrobús,1161470
2016-05-19,Metro,5153037
2016-05-19,Ecobici,34410
2016-05-19,Metrobús,1169657
2016-05-20,Metro,5296904
2016-05-20,Ecobici,32177
2016-05-20,Metrobús,1204405
2016-05-21,Metro,4494624
2016-05-21,Ecobici,15508
2016-05-21,Metrobús,838650
2016-05-22,Metro,2703568
2016-05-22,Ecobici,12666
2016-05-22,Metrobús,445329
2016-05-23,Metro,4925564
2016-05-23,Ecobici,30045
2016-05-23,Metrobús,1116526
2016-05-24,Metro,4858451
2016-05-24,Ecobici,32554
2016-05-24,Metrobús,1161557
2016-05-25,Metro,4481029
2016-05-25,Ecobici,33278
2016-05-25,Metrobús,1154571
2016-05-26,Metro,5177918
2016-05-26,Ecobici,28032
2016-05-26,Metrobús,1130001
2016-05-27,Metro,5365142
2016-05-27,Ecobici,30212
2016-05-27,Metrobús,1179125
2016-05-28,Metro,4554208
2016-05-28,Ecobici,15076
2016-05-28,Metrobús,853107
2016-05-29,Metro,2918019
2016-05-29,Ecobici,11562
2016-05-29,Metrobús,468015
2016-05-30,Metro,4857306
2016-05-30,Ecobici,31400
2016-05-30,Metrobús,1117799
2016-05-31,Metro,5048107
2016-05-31,Ecobici,33190
2016-05-31,Metrobús,1151428
2016-06-01,Metro,5346703
2016-06-01,Ecobici,35283
2016-06-01,Metrobús,1234784
2016-06-02,Metro,5080168
2016-06-02,Ecobici,29413
2016-06-02,Metrobús,1137141
2016-06-03,Metro,5384995
2016-06-03,Ecobici,29887
2016-06-03,Metrobús,1185939
2016-06-04,Metro,4357478
2016-06-04,Ecobici,13508
2016-06-04,Metrobús,790012
2016-06-05,Metro,2733480
2016-06-05,Ecobici,10918
2016-06-05,Metrobús,447562
2016-06-06,Metro,4818636
2016-06-06,Ecobici,32421
2016-06-06,Metrobús,1105908
2016-06-07,Metro,4957413
2016-06-07,Ecobici,31623
2016-06-07,Metrobús,1128319
2016-06-08,Metro,5045295
2016-06-08,Ecobici,33773
2016-06-08,Metrobús,1147198
2016-06-09,Metro,5081446
2016-06-09,Ecobici,33338
2016-06-09,Metrobús,1140231
2016-06-10,Metro,5327439
2016-06-10,Ecobici,30096
2016-06-10,Metrobús,1177716
2016-06-11,Metro,4280552
2016-06-11,Ecobici,13150
2016-06-11,Metrobús,796223
2016-06-12,Metro,2709433
2016-06-12,Ecobici,11126
2016-06-12,Metrobús,444889
2016-06-13,Metro,4739966
2016-06-13,Ecobici,31834
2016-06-13,Metrobús,1105276
2016-06-14,Metro,5045517
2016-06-14,Ecobici,34029
2016-06-14,Metrobús,1150898
2016-06-15,Metro,5177275
2016-06-15,Ecobici,34801
2016-06-15,Metrobús,1173435
2016-06-16,Metro,5175537
2016-06-16,Ecobici,33071
2016-06-16,Metrobús,1157842
2016-06-17,Metro,5316927
2016-06-17,Ecobici,32582
2016-06-17,Metrobús,1174180
2016-06-18,Metro,4298508
2016-06-18,Ecobici,13724
2016-06-18,Metrobús,800099
2016-06-19,Metro,2625860
2016-06-19,Ecobici,10528
2016-06-19,Metrobús,434660
2016-06-20,Metro,4771767
2016-06-20,Ecobici,24775
2016-06-20,Metrobús,1072914
2016-06-21,Metro,4791186
2016-06-21,Ecobici,33111
2016-06-21,Metrobús,1083169
2016-06-22,Metro,5113831
2016-06-22,Ecobici,32680
2016-06-22,Metrobús,1106343
2016-06-23,Metro,4949385
2016-06-23,Ecobici,33247
2016-06-23,Metrobús,1117989
2016-06-24,Metro,5229135
2016-06-24,Ecobici,31017
2016-06-24,Metrobús,1132016
2016-06-25,Metro,4480481
2016-06-25,Ecobici,12083
2016-06-25,Metrobús,760647
2016-06-26,Metro,2865607
2016-06-26,Ecobici,9483
2016-06-26,Metrobús,463393
2016-06-27,Metro,4713762
2016-06-27,Ecobici,28161
2016-06-27,Metrobús,1069547
2016-06-28,Metro,4879103
2016-06-28,Ecobici,32428
2016-06-28,Metrobús,1103164
2016-06-29,Metro,5001101
2016-06-29,Ecobici,27274
2016-06-29,Metrobús,1133528
2016-06-30,Metro,5142659
2016-06-30,Ecobici,29912
2016-06-30,Metrobús,1135422
2016-07-01,Metro,4913759
2016-07-01,Ecobici,20415
2016-07-01,Metrobús,1119932
2016-07-02,Metro,4130725
2016-07-02,Ecobici,12827
2016-07-02,Metrobús,755913
2016-07-03,Metro,2648507
2016-07-03,Ecobici,11292
2016-07-03,Metrobús,459680
2016-07-04,Metro,4570910
2016-07-04,Ecobici,31200
2016-07-04,Metrobús,1052783
2016-07-05,Metro,4804763
2016-07-05,Ecobici,31100
2016-07-05,Metrobús,1065603
2016-07-06,Metro,4790243
2016-07-06,Ecobici,30980
2016-07-06,Metrobús,1056486
2016-07-07,Metro,4821764
2016-07-07,Ecobici,28202
2016-07-07,Metrobús,1070949
2016-07-08,Metro,4830523
2016-07-08,Ecobici,30281
2016-07-08,Metrobús,1093448
2016-07-09,Metro,4094632
2016-07-09,Ecobici,13362
2016-07-09,Metrobús,746430
2016-07-10,Metro,2570910
2016-07-10,Ecobici,10999
2016-07-10,Metrobús,433154
2016-07-11,Metro,4369522
2016-07-11,Ecobici,26791
2016-07-11,Metrobús,994254
2016-07-12,Metro,4564841
2016-07-12,Ecobici,29374
2016-07-12,Metrobús,1038009
2016-07-13,Metro,4776034
2016-07-13,Ecobici,30583
2016-07-13,Metrobús,1042097
2016-07-14,Metro,4701708
2016-07-14,Ecobici,31223
2016-07-14,Metrobús,1049633
2016-07-15,Metro,4758981
2016-07-15,Ecobici,29681
2016-07-15,Metrobús,1063812
2016-07-16,Metro,3831799
2016-07-16,Ecobici,11048
2016-07-16,Metrobús,717964
2016-07-17,Metro,2612507
2016-07-17,Ecobici,10233
2016-07-17,Metrobús,452614
2016-07-18,Metro,4377565
2016-07-18,Ecobici,25302
2016-07-18,Metrobús,1005939
2016-07-19,Metro,4596867
2016-07-19,Ecobici,31337
2016-07-19,Metrobús,1023614
2016-07-20,Metro,4640441
2016-07-20,Ecobici,30072
2016-07-20,Metrobús,1025150
2016-07-21,Metro,4610868
2016-07-21,Ecobici,29047
2016-07-21,Metrobús,1012987
2016-07-22,Metro,4726068
2016-07-22,Ecobici,26584
2016-07-22,Metrobús,1018173
2016-07-23,Metro,3866874
2016-07-23,Ecobici,13127
2016-07-23,Metrobús,705649
2016-07-24,Metro,2597997
2016-07-24,Ecobici,10608
2016-07-24,Metrobús,419206
2016-07-25,Metro,4428985
2016-07-25,Ecobici,22861
2016-07-25,Metrobús,981137
2016-07-26,Metro,4590367
2016-07-26,Ecobici,30475
2016-07-26,Metrobús,1022439
2016-07-27,Metro,4747806
2016-07-27,Ecobici,27423
2016-07-27,Metrobús,1048087
2016-07-28,Metro,4844223
2016-07-28,Ecobici,28220
2016-07-28,Metrobús,1028321
2016-07-29,Metro,4968105
2016-07-29,Ecobici,27851
2016-07-29,Metrobús,1088222
2016-07-30,Metro,4168193
2016-07-30,Ecobici,11316
2016-07-30,Metrobús,714145
2016-07-31,Metro,2773375
2016-07-31,Ecobici,10558
2016-07-31,Metrobús,446179
2016-08-01,Metro,4823416
2016-08-01,Ecobici,26390
2016-08-01,Metrobús,1068636
2016-08-02,Metro,4871390
2016-08-02,Ecobici,26698
2016-08-02,Metrobús,1076101
2016-08-03,Metro,5118083
2016-08-03,Ecobici,31066
2016-08-03,Metrobús,1081886
2016-08-04,Metro,5070979
2016-08-04,Ecobici,31275
2016-08-04,Metrobús,1092704
2016-08-05,Metro,5085030
2016-08-05,Ecobici,27211
2016-08-05,Metrobús,1100401
2016-08-06,Metro,4144300
2016-08-06,Ecobici,10268
2016-08-06,Metrobús,733636
2016-08-07,Metro,2692492
2016-08-07,Ecobici,10815
2016-08-07,Metrobús,450524
2016-08-08,Metro,4956896
2016-08-08,Ecobici,26664
2016-08-08,Metrobús,1058824
2016-08-09,Metro,5120554
2016-08-09,Ecobici,29417
2016-08-09,Metrobús,1114434
2016-08-10,Metro,5208259
2016-08-10,Ecobici,31988
2016-08-10,Metrobús,1135279
2016-08-11,Metro,5165135
2016-08-11,Ecobici,31361
2016-08-11,Metrobús,1114735
2016-08-12,Metro,5395205
2016-08-12,Ecobici,27867
2016-08-12,Metrobús,1180556
2016-08-13,Metro,4341970
2016-08-13,Ecobici,13481
2016-08-13,Metrobús,765265
2016-08-14,Metro,2753132
2016-08-14,Ecobici,11875
2016-08-14,Metrobús,458488
2016-08-15,Metro,5111443
2016-08-15,Ecobici,30965
2016-08-15,Metrobús,1140433
2016-08-16,Metro,5217894
2016-08-16,Ecobici,28107
2016-08-16,Metrobús,1150185
2016-08-17,Metro,5289489
2016-08-17,Ecobici,31796
2016-08-17,Metrobús,1154659
2016-08-18,Metro,5297353
2016-08-18,Ecobici,32157
2016-08-18,Metrobús,1150822
2016-08-19,Metro,5586323
2016-08-19,Ecobici,26780
2016-08-19,Metrobús,1188468
2016-08-20,Metro,4495252
2016-08-20,Ecobici,11867
2016-08-20,Metrobús,774544
2016-08-21,Metro,2827224
2016-08-21,Ecobici,11086
2016-08-21,Metrobús,455148
2016-08-22,Metro,4898600
2016-08-22,Ecobici,31618
2016-08-22,Metrobús,1132921
2016-08-23,Metro,5147516
2016-08-23,Ecobici,29278
2016-08-23,Metrobús,1157155
2016-08-24,Metro,5129034
2016-08-24,Ecobici,24960
2016-08-24,Metrobús,1167660
2016-08-25,Metro,5253382
2016-08-25,Ecobici,31210
2016-08-25,Metrobús,1181154
2016-08-26,Metro,5331193
2016-08-26,Ecobici,29267
2016-08-26,Metrobús,1226732
2016-08-27,Metro,4354399
2016-08-27,Ecobici,12539
2016-08-27,Metrobús,744976
2016-08-28,Metro,2848018
2016-08-28,Ecobici,12167
2016-08-28,Metrobús,400277
2016-08-29,Metro,4951498
2016-08-29,Ecobici,31570
2016-08-29,Metrobús,1164000
2016-08-30,Metro,5161296
2016-08-30,Ecobici,34514
2016-08-30,Metrobús,1191995
2016-08-31,Metro,5271546
2016-08-31,Ecobici,34859
2016-08-31,Metrobús,1200531
2016-09-01,Metro,5354859
2016-09-01,Ecobici,34237
2016-09-01,Metrobús,1199928
2016-09-02,Metro,5391552
2016-09-02,Ecobici,31329
2016-09-02,Metrobús,1243835
2016-09-03,Metro,4474280
2016-09-03,Ecobici,13118
2016-09-03,Metrobús,782726
2016-09-04,Metro,2668263
2016-09-04,Ecobici,10688
2016-09-04,Metrobús,441016
2016-09-05,Metro,5088818
2016-09-05,Ecobici,30687
2016-09-05,Metrobús,1171456
2016-09-06,Metro,5209952
2016-09-06,Ecobici,34271
2016-09-06,Metrobús,1193476
2016-09-07,Metro,5299338
2016-09-07,Ecobici,33759
2016-09-07,Metrobús,1193956
2016-09-08,Metro,5224629
2016-09-08,Ecobici,34017
2016-09-08,Metrobús,1201989
2016-09-09,Metro,5480463
2016-09-09,Ecobici,32375
2016-09-09,Metrobús,1237214
2016-09-10,Metro,4358766
2016-09-10,Ecobici,14531
2016-09-10,Metrobús,800038
2016-09-11,Metro,2760719
2016-09-11,Ecobici,10570
2016-09-11,Metrobús,454601
2016-09-12,Metro,5076350
2016-09-12,Ecobici,30378
2016-09-12,Metrobús,1168948
2016-09-13,Metro,5204934
2016-09-13,Ecobici,32509
2016-09-13,Metrobús,1185907
2016-09-14,Metro,5449395
2016-09-14,Ecobici,34039
2016-09-14,Metrobús,1218069
2016-09-15,Metro,4861122
2016-09-15,Ecobici,27325
2016-09-15,Metrobús,971539
2016-09-16,Metro,2258653
2016-09-16,Ecobici,8533
2016-09-16,Metrobús,364640
2016-09-17,Metro,3269048
2016-09-17,Ecobici,10562
2016-09-17,Metrobús,604068
2016-09-18,Metro,2462148
2016-09-18,Ecobici,11319
2016-09-18,Metrobús,427811
2016-09-19,Metro,5025163
2016-09-19,Ecobici,32206
2016-09-19,Metrobús,1162308
2016-09-20,Metro,5251576
2016-09-20,Ecobici,32767
2016-09-20,Metrobús,1211175
2016-09-21,Metro,5266821
2016-09-21,Ecobici,30069
2016-09-21,Metrobús,1182692
2016-09-22,Metro,5264351
2016-09-22,Ecobici,35065
2016-09-22,Metrobús,1192480
2016-09-23,Metro,5385524
2016-09-23,Ecobici,29665
2016-09-23,Metrobús,1225765
2016-09-24,Metro,4363453
2016-09-24,Ecobici,14403
2016-09-24,Metrobús,794922
2016-09-25,Metro,2742753
2016-09-25,Ecobici,10915
2016-09-25,Metrobús,464015
2016-09-26,Metro,4970227
2016-09-26,Ecobici,32592
2016-09-26,Metrobús,1167017
2016-09-27,Metro,5115405
2016-09-27,Ecobici,32292
2016-09-27,Metrobús,1178291
2016-09-28,Metro,5209753
2016-09-28,Ecobici,23724
2016-09-28,Metrobús,1188046
2016-09-29,Metro,5276025
2016-09-29,Ecobici,31403
2016-09-29,Metrobús,1208090
2016-09-30,Metro,5490577
2016-09-30,Ecobici,29357
2016-09-30,Metrobús,1258383
2016-10-01,Metro,4453065
2016-10-01,Ecobici,14550
2016-10-01,Metrobús,837924
2016-10-02,Metro,2894841
2016-10-02,Ecobici,12186
2016-10-02,Metrobús,476013
2016-10-03,Metro,5094634
2016-10-03,Ecobici,33253
2016-10-03,Metrobús,1212303
2016-10-04,Metro,5211732
2016-10-04,Ecobici,35212
2016-10-04,Metrobús,1197461
2016-10-05,Metro,5341416
2016-10-05,Ecobici,35239
2016-10-05,Metrobús,1229154
2016-10-06,Metro,5281046
2016-10-06,Ecobici,35117
2016-10-06,Metrobús,1221923
2016-10-07,Metro,5325319
2016-10-07,Ecobici,32643
2016-10-07,Metrobús,1247856
2016-10-08,Metro,4426251
2016-10-08,Ecobici,14350
2016-10-08,Metrobús,802399
2016-10-09,Metro,2685907
2016-10-09,Ecobici,9518
2016-10-09,Metrobús,446941
2016-10-10,Metro,4975087
2016-10-10,Ecobici,32881
2016-10-10,Metrobús,1178483
2016-10-11,Metro,5196216
2016-10-11,Ecobici,33970
2016-10-11,Metrobús,1207122
2016-10-12,Metro,5214422
2016-10-12,Ecobici,32482
2016-10-12,Metrobús,1167288
2016-10-13,Metro,5279406
2016-10-13,Ecobici,34639
2016-10-13,Metrobús,1209678
2016-10-14,Metro,5487659
2016-10-14,Ecobici,33726
2016-10-14,Metrobús,1254523
2016-10-15,Metro,4594549
2016-10-15,Ecobici,14586
2016-10-15,Metrobús,832273
2016-10-16,Metro,2858046
2016-10-16,Ecobici,11415
2016-10-16,Metrobús,494773
2016-10-17,Metro,5033664
2016-10-17,Ecobici,34049
2016-10-17,Metrobús,1191978
2016-10-18,Metro,5286845
2016-10-18,Ecobici,36010
2016-10-18,Metrobús,1221250
2016-10-19,Metro,5279264
2016-10-19,Ecobici,35746
2016-10-19,Metrobús,1225163
2016-10-20,Metro,5337714
2016-10-20,Ecobici,34645
2016-10-20,Metrobús,1197409
2016-10-21,Metro,5446040
2016-10-21,Ecobici,32069
2016-10-21,Metrobús,1233823
2016-10-22,Metro,4531355
2016-10-22,Ecobici,13866
2016-10-22,Metrobús,811620
2016-10-23,Metro,2832386
2016-10-23,Ecobici,11716
2016-10-23,Metrobús,476123
2016-10-24,Metro,4996911
2016-10-24,Ecobici,33762
2016-10-24,Metrobús,1178386
2016-10-25,Metro,5220776
2016-10-25,Ecobici,34956
2016-10-25,Metrobús,1200087
2016-10-26,Metro,5373092
2016-10-26,Ecobici,35138
2016-10-26,Metrobús,1210339
2016-10-27,Metro,5389916
2016-10-27,Ecobici,33062
2016-10-27,Metrobús,1202372
2016-10-28,Metro,5671850
2016-10-28,Ecobici,30752
2016-10-28,Metrobús,1235798
2016-10-29,Metro,4979824
2016-10-29,Ecobici,18887
2016-10-29,Metrobús,848029
2016-10-30,Metro,3055921
2016-10-30,Ecobici,9976
2016-10-30,Metrobús,476812
2016-10-31,Metro,4992388
2016-10-31,Ecobici,29590
2016-10-31,Metrobús,1153353
2016-11-01,Metro,4794096
2016-11-01,Ecobici,30284
2016-11-01,Metrobús,1064881
2016-11-02,Metro,3402298
2016-11-02,Ecobici,16530
2016-11-02,Metrobús,635359
2016-11-03,Metro,5022797
2016-11-03,Ecobici,32064
2016-11-03,Metrobús,1195405
2016-11-04,Metro,5383308
2016-11-04,Ecobici,31734
2016-11-04,Metrobús,1250728
2016-11-05,Metro,4378363
2016-11-05,Ecobici,14048
2016-11-05,Metrobús,802580
2016-11-06,Metro,2773853
2016-11-06,Ecobici,12188
2016-11-06,Metrobús,480654
2016-11-07,Metro,5075118
2016-11-07,Ecobici,33925
2016-11-07,Metrobús,1211211
2016-11-08,Metro,5295766
2016-11-08,Ecobici,25915
2016-11-08,Metrobús,1210813
2016-11-09,Metro,5267888
2016-11-09,Ecobici,23935
2016-11-09,Metrobús,1172210
2016-11-10,Metro,5274808
2016-11-10,Ecobici,27759
2016-11-10,Metrobús,1189453
2016-11-11,Metro,5390189
2016-11-11,Ecobici,30128
2016-11-11,Metrobús,1241002
2016-11-12,Metro,4498711
2016-11-12,Ecobici,13649
2016-11-12,Metrobús,820917
2016-11-13,Metro,2909957
2016-11-13,Ecobici,11214
2016-11-13,Metrobús,494262
2016-11-14,Metro,5133355
2016-11-14,Ecobici,32212
2016-11-14,Metrobús,1205005
2016-11-15,Metro,5376517
2016-11-15,Ecobici,34070
2016-11-15,Metrobús,1243438
2016-11-16,Metro,5275284
2016-11-16,Ecobici,24332
2016-11-16,Metrobús,1231168
2016-11-17,Metro,5427727
2016-11-17,Ecobici,31970
2016-11-17,Metrobús,1242287
2016-11-18,Metro,5602601
2016-11-18,Ecobici,32533
2016-11-18,Metrobús,1299317
2016-11-19,Metro,4577750
2016-11-19,Ecobici,11063
2016-11-19,Metrobús,825746
2016-11-20,Metro,2939131
2016-11-20,Ecobici,9936
2016-11-20,Metrobús,534695
2016-11-21,Metro,3112353
2016-11-21,Ecobici,11158
2016-11-21,Metrobús,605083
2016-11-22,Metro,5070514
2016-11-22,Ecobici,32656
2016-11-22,Metrobús,1214293
2016-11-23,Metro,5377061
2016-11-23,Ecobici,33096
2016-11-23,Metrobús,1236395
2016-11-24,Metro,5354880
2016-11-24,Ecobici,32685
2016-11-24,Metrobús,1217483
2016-11-25,Metro,5604217
2016-11-25,Ecobici,30225
2016-11-25,Metrobús,1248221
2016-11-26,Metro,4525152
2016-11-26,Ecobici,13508
2016-11-26,Metrobús,834788
2016-11-27,Metro,2961225
2016-11-27,Ecobici,10992
2016-11-27,Metrobús,488588
2016-11-28,Metro,5031934
2016-11-28,Ecobici,32282
2016-11-28,Metrobús,1199969
2016-11-29,Metro,5298464
2016-11-29,Ecobici,34253
2016-11-29,Metrobús,1225607
2016-11-30,Metro,5364196
2016-11-30,Ecobici,34372
2016-11-30,Metrobús,1247707
2016-12-01,Metro,5521526
2016-12-01,Ecobici,33225
2016-12-01,Metrobús,1253125
2016-12-02,Metro,5626929
2016-12-02,Ecobici,30879
2016-12-02,Metrobús,1278196
2016-12-03,Metro,4721070
2016-12-03,Ecobici,13664
2016-12-03,Metrobús,845541
2016-12-04,Metro,3070746
2016-12-04,Ecobici,11041
2016-12-04,Metrobús,509017
2016-12-05,Metro,5201926
2016-12-05,Ecobici,32540
2016-12-05,Metrobús,1213635
2016-12-06,Metro,5399230
2016-12-06,Ecobici,34228
2016-12-06,Metrobús,1219100
2016-12-07,Metro,5374755
2016-12-07,Ecobici,34333
2016-12-07,Metrobús,1233690
2016-12-08,Metro,5418459
2016-12-08,Ecobici,33271
2016-12-08,Metrobús,1235326
2016-12-09,Metro,5605664
2016-12-09,Ecobici,30452
2016-12-09,Metrobús,1265051
2016-12-10,Metro,4682664
2016-12-10,Ecobici,13220
2016-12-10,Metrobús,838216
2016-12-11,Metro,3185199
2016-12-11,Ecobici,10611
2016-12-11,Metrobús,510238
2016-12-12,Metro,4605674
2016-12-12,Ecobici,27054
2016-12-12,Metrobús,970767
2016-12-13,Metro,5101907
2016-12-13,Ecobici,33639
2016-12-13,Metrobús,1206583
2016-12-14,Metro,5473357
2016-12-14,Ecobici,33323
2016-12-14,Metrobús,1216083
2016-12-15,Metro,5356467
2016-12-15,Ecobici,27609
2016-12-15,Metrobús,1202390
2016-12-16,Metro,5404282
2016-12-16,Ecobici,28818
2016-12-16,Metrobús,1210294
2016-12-17,Metro,4584285
2016-12-17,Ecobici,13811
2016-12-17,Metrobús,830932
2016-12-18,Metro,3161311
2016-12-18,Ecobici,10531
2016-12-18,Metrobús,544503
2016-12-19,Metro,4786598
2016-12-19,Ecobici,27658
2016-12-19,Metrobús,1050395
2016-12-20,Metro,4934009
2016-12-20,Ecobici,28381
2016-12-20,Metrobús,1056298
2016-12-21,Metro,5101547
2016-12-21,Ecobici,27248
2016-12-21,Metrobús,1063828
2016-12-22,Metro,4868689
2016-12-22,Ecobici,25493
2016-12-22,Metrobús,1034157
2016-12-23,Metro,4951344
2016-12-23,Ecobici,21231
2016-12-23,Metrobús,1034102
2016-12-24,Metro,3202487
2016-12-24,Ecobici,6999
2016-12-24,Metrobús,479642
2016-12-25,Metro,1787361
2016-12-25,Ecobici,4060
2016-12-25,Metrobús,272422
2016-12-26,Metro,3813229
2016-12-26,Ecobici,16747
2016-12-26,Metrobús,795778
2016-12-27,Metro,4135968
2016-12-27,Ecobici,18987
2016-12-27,Metrobús,864654
2016-12-28,Metro,4316188
2016-12-28,Ecobici,19179
2016-12-28,Metrobús,882023
2016-12-29,Metro,4220160
2016-12-29,Ecobici,18081
2016-12-29,Metrobús,869584
2016-12-30,Metro,4270370
2016-12-30,Ecobici,15339
2016-12-30,Metrobús,889172
2016-12-31,Metro,2853087
2016-12-31,Ecobici,6855
2016-12-31,Metrobús,453025
2017-01-01,Metro,1778652
2017-01-01,Ecobici,4661
2017-01-01,Metrobús,281574
2017-01-02,Metro,3884934
2017-01-02,Ecobici,20814
2017-01-02,Metrobús,884965
2017-01-03,Metro,4520679
2017-01-03,Ecobici,26037
2017-01-03,Metrobús,987675
2017-01-04,Metro,4610898
2017-01-04,Ecobici,27551
2017-01-04,Metrobús,966612
2017-01-05,Metro,4282711
2017-01-05,Ecobici,28456
2017-01-05,Metrobús,1001442
2017-01-06,Metro,4287683
2017-01-06,Ecobici,26199
2017-01-06,Metrobús,962147
2017-01-07,Metro,3687821
2017-01-07,Ecobici,12898
2017-01-07,Metrobús,722042
2017-01-08,Metro,2447948
2017-01-08,Ecobici,9715
2017-01-08,Metrobús,420043
2017-01-09,Metro,4657185
2017-01-09,Ecobici,31371
2017-01-09,Metrobús,1099610
2017-01-10,Metro,4923760
2017-01-10,Ecobici,33224
2017-01-10,Metrobús,1144866
2017-01-11,Metro,4890733
2017-01-11,Ecobici,33758
2017-01-11,Metrobús,1160248
2017-01-12,Metro,4981050
2017-01-12,Ecobici,33324
2017-01-12,Metrobús,1153458
2017-01-13,Metro,5084189
2017-01-13,Ecobici,31724
2017-01-13,Metrobús,1204012
2017-01-14,Metro,4169682
2017-01-14,Ecobici,13551
2017-01-14,Metrobús,790877
2017-01-15,Metro,2776097
2017-01-15,Ecobici,12275
2017-01-15,Metrobús,471303
2017-01-16,Metro,4825824
2017-01-16,Ecobici,33590
2017-01-16,Metrobús,1176268
2017-01-17,Metro,4997894
2017-01-17,Ecobici,34655
2017-01-17,Metrobús,1187786
2017-01-18,Metro,5083428
2017-01-18,Ecobici,34463
2017-01-18,Metrobús,1200310
2017-01-19,Metro,5100386
2017-01-19,Ecobici,33658
2017-01-19,Metrobús,1181391
2017-01-20,Metro,5173587
2017-01-20,Ecobici,32443
2017-01-20,Metrobús,1219106
2017-01-21,Metro,4221637
2017-01-21,Ecobici,14274
2017-01-21,Metrobús,806733
2017-01-22,Metro,2652035
2017-01-22,Ecobici,12586
2017-01-22,Metrobús,462154
2017-01-23,Metro,4771681
2017-01-23,Ecobici,33872
2017-01-23,Metrobús,1154698
2017-01-24,Metro,4968617
2017-01-24,Ecobici,35675
2017-01-24,Metrobús,1175622
2017-01-25,Metro,5067276
2017-01-25,Ecobici,35698
2017-01-25,Metrobús,1184256
2017-01-26,Metro,5125769
2017-01-26,Ecobici,35303
2017-01-26,Metrobús,1175773
2017-01-27,Metro,5173453
2017-01-27,Ecobici,32609
2017-01-27,Metrobús,1211801
2017-01-28,Metro,4332793
2017-01-28,Ecobici,14723
2017-01-28,Metrobús,801197
2017-01-29,Metro,2672735
2017-01-29,Ecobici,11922
2017-01-29,Metrobús,468053
2017-01-30,Metro,4910227
2017-01-30,Ecobici,34102
2017-01-30,Metrobús,1177734
2017-01-31,Metro,5183542
2017-01-31,Ecobici,35580
2017-01-31,Metrobús,1197108
2017-02-01,Metro,5308980
2017-02-01,Ecobici,36011
2017-02-01,Metrobús,1227041
2017-02-02,Metro,5230945
2017-02-02,Ecobici,34692
2017-02-02,Metrobús,1212959
2017-02-03,Metro,5399437
2017-02-03,Ecobici,33052
2017-02-03,Metrobús,1237017
2017-02-04,Metro,4222117
2017-02-04,Ecobici,12806
2017-02-04,Metrobús,795589
2017-02-05,Metro,2632123
2017-02-05,Ecobici,10467
2017-02-05,Metrobús,468697
2017-02-06,Metro,2817129
2017-02-06,Ecobici,10931
2017-02-06,Metrobús,537520
2017-02-07,Metro,5039711
2017-02-07,Ecobici,35044
2017-02-07,Metrobús,1214148
2017-02-08,Metro,5230276
2017-02-08,Ecobici,36528
2017-02-08,Metrobús,1229068
2017-02-09,Metro,5287246
2017-02-09,Ecobici,35773
2017-02-09,Metrobús,1226862
2017-02-10,Metro,5250331
2017-02-10,Ecobici,34360
2017-02-10,Metrobús,1271340
2017-02-11,Metro,4330041
2017-02-11,Ecobici,17091
2017-02-11,Metrobús,816909
2017-02-12,Metro,2764819
2017-02-12,Ecobici,13215
2017-02-12,Metrobús,478257
2017-02-13,Metro,4997742
2017-02-13,Ecobici,35191
2017-02-13,Metrobús,1215392
2017-02-14,Metro,5206701
2017-02-14,Ecobici,35846
2017-02-14,Metrobús,1253415
2017-02-15,Metro,5246755
2017-02-15,Ecobici,36592
2017-02-15,Metrobús,1237588
2017-02-16,Metro,5316054
2017-02-16,Ecobici,35654
2017-02-16,Metrobús,1247084
2017-02-17,Metro,5416549
2017-02-17,Ecobici,34181
2017-02-17,Metrobús,1285123
2017-02-18,Metro,4497051
2017-02-18,Ecobici,15222
2017-02-18,Metrobús,857288
2017-02-19,Metro,2874081
2017-02-19,Ecobici,13117
2017-02-19,Metrobús,506027
2017-02-20,Metro,5012832
2017-02-20,Ecobici,35283
2017-02-20,Metrobús,1200858
2017-02-21,Metro,5113726
2017-02-21,Ecobici,36965
2017-02-21,Metrobús,1214308
2017-02-22,Metro,5212604
2017-02-22,Ecobici,36953
2017-02-22,Metrobús,1234919
2017-02-23,Metro,5281881
2017-02-23,Ecobici,36350
2017-02-23,Metrobús,1229324
2017-02-24,Metro,5385288
2017-02-24,Ecobici,33852
2017-02-24,Metrobús,1261279
2017-02-25,Metro,4274662
2017-02-25,Ecobici,14909
2017-02-25,Metrobús,816207
2017-02-26,Metro,2707293
2017-02-26,Ecobici,12769
2017-02-26,Metrobús,466489
2017-02-27,Metro,4938092
2017-02-27,Ecobici,34706
2017-02-27,Metrobús,1198572
2017-02-28,Metro,5149815
2017-02-28,Ecobici,36901
2017-02-28,Metrobús,1249736
2017-03-01,Metro,5326475
2017-03-01,Ecobici,36282
2017-03-01,Metrobús,1258456
2017-03-02,Metro,5425267
2017-03-02,Ecobici,35688
2017-03-02,Metrobús,1254496
2017-03-03,Metro,5489642
2017-03-03,Ecobici,32615
2017-03-03,Metrobús,1308505
2017-03-04,Metro,4372632
2017-03-04,Ecobici,14418
2017-03-04,Metrobús,824134
2017-03-05,Metro,2725031
2017-03-05,Ecobici,12512
2017-03-05,Metrobús,481481
2017-03-06,Metro,4973255
2017-03-06,Ecobici,35200
2017-03-06,Metrobús,1195087
2017-03-07,Metro,5142366
2017-03-07,Ecobici,36793
2017-03-07,Metrobús,1225168
2017-03-08,Metro,5292354
2017-03-08,Ecobici,35634
2017-03-08,Metrobús,1212286
2017-03-09,Metro,5217001
2017-03-09,Ecobici,33484
2017-03-09,Metrobús,1220004
2017-03-10,Metro,5386208
2017-03-10,Ecobici,33192
2017-03-10,Metrobús,1260712
2017-03-11,Metro,4324894
2017-03-11,Ecobici,14983
2017-03-11,Metrobús,812973
2017-03-12,Metro,2709457
2017-03-12,Ecobici,12032
2017-03-12,Metrobús,470441
2017-03-13,Metro,4846105
2017-03-13,Ecobici,33698
2017-03-13,Metrobús,1191535
2017-03-14,Metro,5189229
2017-03-14,Ecobici,34337
2017-03-14,Metrobús,1227096
2017-03-15,Metro,5249256
2017-03-15,Ecobici,28599
2017-03-15,Metrobús,1228309
2017-03-16,Metro,5310438
2017-03-16,Ecobici,32372
2017-03-16,Metrobús,1240899
2017-03-17,Metro,5410208
2017-03-17,Ecobici,33252
2017-03-17,Metrobús,1285033
2017-03-18,Metro,4516846
2017-03-18,Ecobici,13075
2017-03-18,Metrobús,830607
2017-03-19,Metro,2774111
2017-03-19,Ecobici,10896
2017-03-19,Metrobús,496672
2017-03-20,Metro,2840305
2017-03-20,Ecobici,11363
2017-03-20,Metrobús,537979
2017-03-21,Metro,4865734
2017-03-21,Ecobici,34910
2017-03-21,Metrobús,1207935
2017-03-22,Metro,5260688
2017-03-22,Ecobici,36753
2017-03-22,Metrobús,1239521
2017-03-23,Metro,5247154
2017-03-23,Ecobici,36652
2017-03-23,Metrobús,1242889
2017-03-24,Metro,5351248
2017-03-24,Ecobici,33566
2017-03-24,Metrobús,1262744
2017-03-25,Metro,4276615
2017-03-25,Ecobici,14405
2017-03-25,Metrobús,809095
2017-03-26,Metro,2647649
2017-03-26,Ecobici,12131
2017-03-26,Metrobús,476804
2017-03-27,Metro,4953159
2017-03-27,Ecobici,34802
2017-03-27,Metrobús,1200825
2017-03-28,Metro,5143727
2017-03-28,Ecobici,37115
2017-03-28,Metrobús,1226663
2017-03-29,Metro,5308220
2017-03-29,Ecobici,37074
2017-03-29,Metrobús,1225633
2017-03-30,Metro,5326592
2017-03-30,Ecobici,36254
2017-03-30,Metrobús,1248227
2017-03-31,Metro,5523772
2017-03-31,Ecobici,34301
2017-03-31,Metrobús,1274238
2017-04-01,Metro,4328076
2017-04-01,Ecobici,14654
2017-04-01,Metrobús,839793
2017-04-02,Metro,2643787
2017-04-02,Ecobici,12286
2017-04-02,Metrobús,475749
2017-04-03,Metro,4939166
2017-04-03,Ecobici,122
2017-04-03,Metrobús,1219891
2017-04-04,Metro,5192713
2017-04-04,Ecobici,37240
2017-04-04,Metrobús,1234858
2017-04-05,Metro,5325924
2017-04-05,Ecobici,36834
2017-04-05,Metrobús,1260626
2017-04-06,Metro,5301163
2017-04-06,Ecobici,32115
2017-04-06,Metrobús,1235563
2017-04-07,Metro,5304292
2017-04-07,Ecobici,33932
2017-04-07,Metrobús,1258630
2017-04-08,Metro,4299697
2017-04-08,Ecobici,14394
2017-04-08,Metrobús,770899
2017-04-09,Metro,2684170
2017-04-09,Ecobici,12093
2017-04-09,Metrobús,468113
2017-04-10,Metro,4420294
2017-04-10,Ecobici,29186
2017-04-10,Metrobús,1005859
2017-04-11,Metro,4487308
2017-04-11,Ecobici,28901
2017-04-11,Metrobús,1004966
2017-04-12,Metro,4534775
2017-04-12,Ecobici,26767
2017-04-12,Metrobús,997887
2017-04-13,Metro,3188550
2017-04-13,Ecobici,11113
2017-04-13,Metrobús,586015
2017-04-14,Metro,2141179
2017-04-14,Ecobici,9353
2017-04-14,Metrobús,411055
2017-04-15,Metro,2461065
2017-04-15,Ecobici,9553
2017-04-15,Metrobús,491240
2017-04-16,Metro,2170786
2017-04-16,Ecobici,10367
2017-04-16,Metrobús,378594
2017-04-17,Metro,4579534
2017-04-17,Ecobici,27566
2017-04-17,Metrobús,1064487
2017-04-18,Metro,4984576
2017-04-18,Ecobici,26690
2017-04-18,Metrobús,1116494
2017-04-19,Metro,5003669
2017-04-19,Ecobici,34017
2017-04-19,Metrobús,1135692
2017-04-20,Metro,5161964
2017-04-20,Ecobici,33962
2017-04-20,Metrobús,1140971
2017-04-21,Metro,5106318
2017-04-21,Ecobici,32511
2017-04-21,Metrobús,1169408
2017-04-22,Metro,4193214
2017-04-22,Ecobici,15328
2017-04-22,Metrobús,802603
2017-04-23,Metro,2731284
2017-04-23,Ecobici,13308
2017-04-23,Metrobús,468354
2017-04-24,Metro,4761616
2017-04-24,Ecobici,33892
2017-04-24,Metrobús,1165853
2017-04-25,Metro,5089538
2017-04-25,Ecobici,36300
2017-04-25,Metrobús,1202687
2017-04-26,Metro,5163357
2017-04-26,Ecobici,36845
2017-04-26,Metrobús,1198613
2017-04-27,Metro,5248184
2017-04-27,Ecobici,36519
2017-04-27,Metrobús,1213501
2017-04-28,Metro,5339044
2017-04-28,Ecobici,33822
2017-04-28,Metrobús,1252824
2017-04-29,Metro,4262033
2017-04-29,Ecobici,14239
2017-04-29,Metrobús,798133
2017-04-30,Metro,2757122
2017-04-30,Ecobici,11433
2017-04-30,Metrobús,506776
2017-05-01,Metro,2673746
2017-05-01,Ecobici,11439
2017-05-01,Metrobús,494943
2017-05-02,Metro,4860154
2017-05-02,Ecobici,33174
2017-05-02,Metrobús,1198574
2017-05-03,Metro,5122095
2017-05-03,Ecobici,36086
2017-05-03,Metrobús,1233315
2017-05-04,Metro,5226318
2017-05-04,Ecobici,30610
2017-05-04,Metrobús,1221371
2017-05-05,Metro,4804435
2017-05-05,Ecobici,30666
2017-05-05,Metrobús,1069078
2017-05-06,Metro,4241036
2017-05-06,Ecobici,15285
2017-05-06,Metrobús,798412
2017-05-07,Metro,2626005
2017-05-07,Ecobici,12675
2017-05-07,Metrobús,467906
2017-05-08,Metro,4932235
2017-05-08,Ecobici,31900
2017-05-08,Metrobús,1187516
2017-05-09,Metro,5106366
2017-05-09,Ecobici,36833
2017-05-09,Metrobús,1234537
2017-05-10,Metro,4498079
2017-05-10,Ecobici,29370
2017-05-10,Metrobús,920617
2017-05-11,Metro,4894542
2017-05-11,Ecobici,31745
2017-05-11,Metrobús,1203138
2017-05-12,Metro,5274614
2017-05-12,Ecobici,33611
2017-05-12,Metrobús,1240389
2017-05-13,Metro,4168052
2017-05-13,Ecobici,14526
2017-05-13,Metrobús,806137
2017-05-14,Metro,2618920
2017-05-14,Ecobici,12867
2017-05-14,Metrobús,469083
2017-05-15,Metro,4689817
2017-05-15,Ecobici,34896
2017-05-15,Metrobús,1092734
2017-05-16,Metro,5113750
2017-05-16,Ecobici,37618
2017-05-16,Metrobús,1253799
2017-05-17,Metro,5268411
2017-05-17,Ecobici,37761
2017-05-17,Metrobús,1253333
2017-05-18,Metro,5184101
2017-05-18,Ecobici,35256
2017-05-18,Metrobús,1247447
2017-05-19,Metro,5413643
2017-05-19,Ecobici,34222
2017-05-19,Metrobús,1273258
2017-05-20,Metro,4303831
2017-05-20,Ecobici,14745
2017-05-20,Metrobús,814710
2017-05-21,Metro,2663232
2017-05-21,Ecobici,12141
2017-05-21,Metrobús,486595
2017-05-22,Metro,4887584
2017-05-22,Ecobici,32245
2017-05-22,Metrobús,1180174
2017-05-23,Metro,5031108
2017-05-23,Ecobici,36926
2017-05-23,Metrobús,1225265
2017-05-24,Metro,5226348
2017-05-24,Ecobici,36236
2017-05-24,Metrobús,1221254
2017-05-25,Metro,5176002
2017-05-25,Ecobici,31027
2017-05-25,Metrobús,1197879
2017-05-26,Metro,5278576
2017-05-26,Ecobici,34608
2017-05-26,Metrobús,1229677
2017-05-27,Metro,4322442
2017-05-27,Ecobici,14773
2017-05-27,Metrobús,822932
2017-05-28,Metro,2817678
2017-05-28,Ecobici,12780
2017-05-28,Metrobús,501735
2017-05-29,Metro,4751921
2017-05-29,Ecobici,33744
2017-05-29,Metrobús,1179719
2017-05-30,Metro,4989790
2017-05-30,Ecobici,37795
2017-05-30,Metrobús,1199417
2017-05-31,Metro,5099473
2017-05-31,Ecobici,34891
2017-05-31,Metrobús,1206602
2017-06-01,Metro,5159422
2017-06-01,Ecobici,34602
2017-06-01,Metrobús,1231439
2017-06-02,Metro,5257689
2017-06-02,Ecobici,33909
2017-06-02,Metrobús,1264702
2017-06-03,Metro,4357714
2017-06-03,Ecobici,15300
2017-06-03,Metrobús,834042
2017-06-04,Metro,2666169
2017-06-04,Ecobici,12624
2017-06-04,Metrobús,484578
2017-06-05,Metro,4770821
2017-06-05,Ecobici,35138
2017-06-05,Metrobús,1170735
2017-06-06,Metro,5031963
2017-06-06,Ecobici,34533
2017-06-06,Metrobús,1196477
2017-06-07,Metro,5098237
2017-06-07,Ecobici,33740
2017-06-07,Metrobús,1200837
2017-06-08,Metro,5067911
2017-06-08,Ecobici,36118
2017-06-08,Metrobús,1201681
2017-06-09,Metro,5153775
2017-06-09,Ecobici,34278
2017-06-09,Metrobús,1240262
2017-06-10,Metro,4330071
2017-06-10,Ecobici,14861
2017-06-10,Metrobús,811213
2017-06-11,Metro,2683711
2017-06-11,Ecobici,12407
2017-06-11,Metrobús,468883
2017-06-12,Metro,4808633
2017-06-12,Ecobici,35717
2017-06-12,Metrobús,1154684
2017-06-13,Metro,4973931
2017-06-13,Ecobici,33644
2017-06-13,Metrobús,1181376
2017-06-14,Metro,5024470
2017-06-14,Ecobici,31454
2017-06-14,Metrobús,1195510
2017-06-15,Metro,5139677
2017-06-15,Ecobici,36285
2017-06-15,Metrobús,1241325
2017-06-16,Metro,5227108
2017-06-16,Ecobici,34836
2017-06-16,Metrobús,1244097
2017-06-17,Metro,4302659
2017-06-17,Ecobici,14865
2017-06-17,Metrobús,822906
2017-06-18,Metro,2623147
2017-06-18,Ecobici,11360
2017-06-18,Metrobús,446891
2017-06-19,Metro,4724217
2017-06-19,Ecobici,34797
2017-06-19,Metrobús,1140248
2017-06-20,Metro,4945234
2017-06-20,Ecobici,36868
2017-06-20,Metrobús,1178202
2017-06-21,Metro,4993622
2017-06-21,Ecobici,36539
2017-06-21,Metrobús,1170619
2017-06-22,Metro,5066490
2017-06-22,Ecobici,36627
2017-06-22,Metrobús,1175162
2017-06-23,Metro,5132965
2017-06-23,Ecobici,34966
2017-06-23,Metrobús,1205992
2017-06-24,Metro,4413860
2017-06-24,Ecobici,13865
2017-06-24,Metrobús,808281
2017-06-25,Metro,2800918
2017-06-25,Ecobici,12028
2017-06-25,Metrobús,494813
2017-06-26,Metro,4703406
2017-06-26,Ecobici,30711
2017-06-26,Metrobús,1121345
2017-06-27,Metro,4836659
2017-06-27,Ecobici,31099
2017-06-27,Metrobús,1144674
2017-06-28,Metro,4953714
2017-06-28,Ecobici,28179
2017-06-28,Metrobús,1163276
2017-06-29,Metro,4796080
2017-06-29,Ecobici,30675
2017-06-29,Metrobús,1143411
2017-06-30,Metro,4981475
2017-06-30,Ecobici,31582
2017-06-30,Metrobús,1207474
2017-07-01,Metro,4215157
2017-07-01,Ecobici,12345
2017-07-01,Metrobús,802561
2017-07-02,Metro,2564781
2017-07-02,Ecobici,11067
2017-07-02,Metrobús,462224
2017-07-03,Metro,4758640
2017-07-03,Ecobici,30386
2017-07-03,Metrobús,1139812
2017-07-04,Metro,4847144
2017-07-04,Ecobici,32810
2017-07-04,Metrobús,1156201
2017-07-05,Metro,4902659
2017-07-05,Ecobici,32448
2017-07-05,Metrobús,1160889
2017-07-06,Metro,4928766
2017-07-06,Ecobici,34450
2017-07-06,Metrobús,1161753
2017-07-07,Metro,5063756
2017-07-07,Ecobici,31517
2017-07-07,Metrobús,1176555
2017-07-08,Metro,4050947
2017-07-08,Ecobici,10795
2017-07-08,Metrobús,753037
2017-07-09,Metro,2495740
2017-07-09,Ecobici,10768
2017-07-09,Metrobús,444570
2017-07-10,Metro,4658870
2017-07-10,Ecobici,27667
2017-07-10,Metrobús,1094904
2017-07-11,Metro,4776561
2017-07-11,Ecobici,27819
2017-07-11,Metrobús,1129850
2017-07-12,Metro,4835425
2017-07-12,Ecobici,31782
2017-07-12,Metrobús,1121001
2017-07-13,Metro,4962677
2017-07-13,Ecobici,33628
2017-07-13,Metrobús,1133132
2017-07-14,Metro,4981285
2017-07-14,Ecobici,32032
2017-07-14,Metrobús,1183251
2017-07-15,Metro,4168232
2017-07-15,Ecobici,14415
2017-07-15,Metrobús,796717
2017-07-16,Metro,2634166
2017-07-16,Ecobici,10891
2017-07-16,Metrobús,469295
2017-07-17,Metro,4627968
2017-07-17,Ecobici,32892
2017-07-17,Metrobús,1098747
2017-07-18,Metro,4708408
2017-07-18,Ecobici,32851
2017-07-18,Metrobús,1113321
2017-07-19,Metro,4872532
2017-07-19,Ecobici,33664
2017-07-19,Metrobús,1122917
2017-07-20,Metro,4778976
2017-07-20,Ecobici,32536
2017-07-20,Metrobús,1114644
2017-07-21,Metro,4806663
2017-07-21,Ecobici,28969
2017-07-21,Metrobús,1124069
2017-07-22,Metro,4013493
2017-07-22,Ecobici,11676
2017-07-22,Metrobús,755026
2017-07-23,Metro,2537245
2017-07-23,Ecobici,10057
2017-07-23,Metrobús,438869
2017-07-24,Metro,4521771
2017-07-24,Ecobici,25830
2017-07-24,Metrobús,1069500
2017-07-25,Metro,4595431
2017-07-25,Ecobici,26762
2017-07-25,Metrobús,1081427
2017-07-26,Metro,4739901
2017-07-26,Ecobici,32519
2017-07-26,Metrobús,1104436
2017-07-27,Metro,4783286
2017-07-27,Ecobici,30189
2017-07-27,Metrobús,1101873
2017-07-28,Metro,4865497
2017-07-28,Ecobici,31324
2017-07-28,Metrobús,1140699
2017-07-29,Metro,4022215
2017-07-29,Ecobici,13875
2017-07-29,Metrobús,761478
2017-07-30,Metro,2697437
2017-07-30,Ecobici,12394
2017-07-30,Metrobús,457476
2017-07-31,Metro,4638638
2017-07-31,Ecobici,32999
2017-07-31,Metrobús,1095983
2017-08-01,Metro,4900919
2017-08-01,Ecobici,34492
2017-08-01,Metrobús,1158691
2017-08-02,Metro,5092772
2017-08-02,Ecobici,34523
2017-08-02,Metrobús,1144976
2017-08-03,Metro,4952366
2017-08-03,Ecobici,30515
2017-08-03,Metrobús,1137085
2017-08-04,Metro,5141733
2017-08-04,Ecobici,31436
2017-08-04,Metrobús,1159477
2017-08-05,Metro,4028150
2017-08-05,Ecobici,13859
2017-08-05,Metrobús,789857
2017-08-06,Metro,2692784
2017-08-06,Ecobici,12440
2017-08-06,Metrobús,481218
2017-08-07,Metro,4938623
2017-08-07,Ecobici,33617
2017-08-07,Metrobús,1148346
2017-08-08,Metro,5101243
2017-08-08,Ecobici,35523
2017-08-08,Metrobús,1155909
2017-08-09,Metro,5132239
2017-08-09,Ecobici,32017
2017-08-09,Metrobús,1169941
2017-08-10,Metro,4835281
2017-08-10,Ecobici,23528
2017-08-10,Metrobús,1120645
2017-08-11,Metro,5280720
2017-08-11,Ecobici,30939
2017-08-11,Metrobús,1219097
2017-08-12,Metro,4202879
2017-08-12,Ecobici,14385
2017-08-12,Metrobús,823957
2017-08-13,Metro,2674723
2017-08-13,Ecobici,12280
2017-08-13,Metrobús,480300
2017-08-14,Metro,5082209
2017-08-14,Ecobici,32474
2017-08-14,Metrobús,1204514
2017-08-15,Metro,5313071
2017-08-15,Ecobici,36015
2017-08-15,Metrobús,1256215
2017-08-16,Metro,5397489
2017-08-16,Ecobici,36113
2017-08-16,Metrobús,1259622
2017-08-17,Metro,5362305
2017-08-17,Ecobici,30776
2017-08-17,Metrobús,1230808
2017-08-18,Metro,5321948
2017-08-18,Ecobici,29474
2017-08-18,Metrobús,1266139
2017-08-19,Metro,4466013
2017-08-19,Ecobici,13893
2017-08-19,Metrobús,821402
2017-08-20,Metro,2682081
2017-08-20,Ecobici,12911
2017-08-20,Metrobús,480982
2017-08-21,Metro,4960393
2017-08-21,Ecobici,34352
2017-08-21,Metrobús,1184493
2017-08-22,Metro,5148400
2017-08-22,Ecobici,36512
2017-08-22,Metrobús,1226313
2017-08-23,Metro,5162611
2017-08-23,Ecobici,36793
2017-08-23,Metrobús,1239340
2017-08-24,Metro,5150159
2017-08-24,Ecobici,36325
2017-08-24,Metrobús,1241445
2017-08-25,Metro,5279292
2017-08-25,Ecobici,31280
2017-08-25,Metrobús,1260115
2017-08-26,Metro,4262399
2017-08-26,Ecobici,13533
2017-08-26,Metrobús,802022
2017-08-27,Metro,2649840
2017-08-27,Ecobici,12114
2017-08-27,Metrobús,396054
2017-08-28,Metro,4879579
2017-08-28,Ecobici,26874
2017-08-28,Metrobús,1194487
2017-08-29,Metro,5032582
2017-08-29,Ecobici,28750
2017-08-29,Metrobús,1225878
2017-08-30,Metro,5045948
2017-08-30,Ecobici,25370
2017-08-30,Metrobús,1258779
2017-08-31,Metro,5058656
2017-08-31,Ecobici,30441
2017-08-31,Metrobús,1273744
2017-09-01,Metro,5190614
2017-09-01,Ecobici,28995
2017-09-01,Metrobús,1302746
2017-09-02,Metro,4340250
2017-09-02,Ecobici,13996
2017-09-02,Metrobús,839565
2017-09-03,Metro,2759687
2017-09-03,Ecobici,11341
2017-09-03,Metrobús,476954
2017-09-04,Metro,4942517
2017-09-04,Ecobici,32328
2017-09-04,Metrobús,1229592
2017-09-05,Metro,5163769
2017-09-05,Ecobici,32384
2017-09-05,Metrobús,1267090
2017-09-06,Metro,5166188
2017-09-06,Ecobici,32657
2017-09-06,Metrobús,1263200
2017-09-07,Metro,5139373
2017-09-07,Ecobici,34464
2017-09-07,Metrobús,1261297
2017-09-08,Metro,4754168
2017-09-08,Ecobici,28082
2017-09-08,Metrobús,1095509
2017-09-09,Metro,3929659
2017-09-09,Ecobici,10614
2017-09-09,Metrobús,764188
2017-09-10,Metro,2523550
2017-09-10,Ecobici,11091
2017-09-10,Metrobús,466742
2017-09-11,Metro,5056281
2017-09-11,Ecobici,34929
2017-09-11,Metrobús,1256159
2017-09-12,Metro,5105240
2017-09-12,Ecobici,36337
2017-09-12,Metrobús,1278464
2017-09-13,Metro,5279854
2017-09-13,Ecobici,36378
2017-09-13,Metrobús,1271216
2017-09-14,Metro,5273917
2017-09-14,Ecobici,35146
2017-09-14,Metrobús,1300401
2017-09-15,Metro,4707844
2017-09-15,Ecobici,27250
2017-09-15,Metrobús,1062544
2017-09-16,Metro,2491159
2017-09-16,Ecobici,9647
2017-09-16,Metrobús,432154
2017-09-17,Metro,2434139
2017-09-17,Ecobici,10928
2017-09-17,Metrobús,439745
2017-09-18,Metro,4956999
2017-09-18,Ecobici,33973
2017-09-18,Metrobús,1239339
2017-09-19,Metro,3673456
2017-09-19,Ecobici,20183
2017-09-19,Metrobús,914075
2017-09-20,Metro,0
2017-09-20,Ecobici,18013
2017-09-20,Metrobús,542468
2017-09-21,Metro,0
2017-09-21,Ecobici,21229
2017-09-21,Metrobús,932301
2017-09-22,Metro,0
2017-09-22,Ecobici,22857
2017-09-22,Metrobús,1119962
2017-09-23,Metro,0
2017-09-23,Ecobici,11702
2017-09-23,Metrobús,651423
2017-09-24,Metro,0
2017-09-24,Ecobici,9576
2017-09-24,Metrobús,510766
2017-09-25,Metro,0
2017-09-25,Ecobici,23947
2017-09-25,Metrobús,1130835
2017-09-26,Metro,0
2017-09-26,Ecobici,27745
2017-09-26,Metrobús,1189358
2017-09-27,Metro,0
2017-09-27,Ecobici,28678
2017-09-27,Metrobús,1221936
2017-09-28,Metro,4615691
2017-09-28,Ecobici,28944
2017-09-28,Metrobús,1066244
2017-09-29,Metro,4829031
2017-09-29,Ecobici,27209
2017-09-29,Metrobús,1121305
2017-09-30,Metro,3804666
2017-09-30,Ecobici,9390
2017-09-30,Metrobús,724274
2017-10-01,Metro,2483873
2017-10-01,Ecobici,8194
2017-10-01,Metrobús,436870
2017-10-02,Metro,4720340
2017-10-02,Ecobici,31066
2017-10-02,Metrobús,1134852
2017-10-03,Metro,5025700
2017-10-03,Ecobici,32462
2017-10-03,Metrobús,1190136
2017-10-04,Metro,5011988
2017-10-04,Ecobici,31952
2017-10-04,Metrobús,1194377
2017-10-05,Metro,5070257
2017-10-05,Ecobici,32099
2017-10-05,Metrobús,1205249
2017-10-06,Metro,5190750
2017-10-06,Ecobici,31153
2017-10-06,Metrobús,1238112
2017-10-07,Metro,4157181
2017-10-07,Ecobici,13583
2017-10-07,Metrobús,808359
2017-10-08,Metro,2768600
2017-10-08,Ecobici,10528
2017-10-08,Metrobús,475013
2017-10-09,Metro,4899760
2017-10-09,Ecobici,32403
2017-10-09,Metrobús,1194548
2017-10-10,Metro,5060309
2017-10-10,Ecobici,34373
2017-10-10,Metrobús,1214592
2017-10-11,Metro,5177567
2017-10-11,Ecobici,33954
2017-10-11,Metrobús,1221991
2017-10-12,Metro,5126730
2017-10-12,Ecobici,32950
2017-10-12,Metrobús,1196109
2017-10-13,Metro,5323143
2017-10-13,Ecobici,32212
2017-10-13,Metrobús,1280168
2017-10-14,Metro,4356219
2017-10-14,Ecobici,12816
2017-10-14,Metrobús,833244
2017-10-15,Metro,2659642
2017-10-15,Ecobici,11200
2017-10-15,Metrobús,500156
2017-10-16,Metro,5019743
2017-10-16,Ecobici,32302
2017-10-16,Metrobús,1217623
2017-10-17,Metro,5137205
2017-10-17,Ecobici,35151
2017-10-17,Metrobús,1244434
2017-10-18,Metro,5220873
2017-10-18,Ecobici,34606
2017-10-18,Metrobús,1252296
2017-10-19,Metro,5224048
2017-10-19,Ecobici,32319
2017-10-19,Metrobús,1233678
2017-10-20,Metro,5309576
2017-10-20,Ecobici,32107
2017-10-20,Metrobús,1242097
2017-10-21,Metro,4423004
2017-10-21,Ecobici,13720
2017-10-21,Metrobús,832418
2017-10-22,Metro,2790590
2017-10-22,Ecobici,11607
2017-10-22,Metrobús,490919
2017-10-23,Metro,5001336
2017-10-23,Ecobici,33092
2017-10-23,Metrobús,1181889
2017-10-24,Metro,5172876
2017-10-24,Ecobici,34710
2017-10-24,Metrobús,1216916
2017-10-25,Metro,5256056
2017-10-25,Ecobici,33693
2017-10-25,Metrobús,1232139
2017-10-26,Metro,5235579
2017-10-26,Ecobici,33620
2017-10-26,Metrobús,1234811
2017-10-27,Metro,5517609
2017-10-27,Ecobici,31689
2017-10-27,Metrobús,1278719
2017-10-28,Metro,4727864
2017-10-28,Ecobici,15271
2017-10-28,Metrobús,854963
2017-10-29,Metro,2920818
2017-10-29,Ecobici,11378
2017-10-29,Metrobús,500583
2017-10-30,Metro,5097954
2017-10-30,Ecobici,31662
2017-10-30,Metrobús,1222345
2017-10-31,Metro,5250856
2017-10-31,Ecobici,31107
2017-10-31,Metrobús,1260346
2017-11-01,Metro,4963256
2017-11-01,Ecobici,32229
2017-11-01,Metrobús,1127129
2017-11-02,Metro,3538058
2017-11-02,Ecobici,19247
2017-11-02,Metrobús,709656
2017-11-03,Metro,4928647
2017-11-03,Ecobici,27936
2017-11-03,Metrobús,1153598
2017-11-04,Metro,4064113
2017-11-04,Ecobici,18263
2017-11-04,Metrobús,796425
2017-11-05,Metro,2662171
2017-11-05,Ecobici,11581
2017-11-05,Metrobús,489861
2017-11-06,Metro,5142033
2017-11-06,Ecobici,33218
2017-11-06,Metrobús,1232388
2017-11-07,Metro,5275919
2017-11-07,Ecobici,34950
2017-11-07,Metrobús,1257342
2017-11-08,Metro,5370762
2017-11-08,Ecobici,34633
2017-11-08,Metrobús,1258257
2017-11-09,Metro,5351671
2017-11-09,Ecobici,34385
2017-11-09,Metrobús,1248045
2017-11-10,Metro,5523359
2017-11-10,Ecobici,32368
2017-11-10,Metrobús,1289254
2017-11-11,Metro,4460336
2017-11-11,Ecobici,13999
2017-11-11,Metrobús,850578
2017-11-12,Metro,2799542
2017-11-12,Ecobici,11743
2017-11-12,Metrobús,485748
2017-11-13,Metro,5098066
2017-11-13,Ecobici,32859
2017-11-13,Metrobús,1219776
2017-11-14,Metro,5241272
2017-11-14,Ecobici,34483
2017-11-14,Metrobús,1261356
2017-11-15,Metro,5378721
2017-11-15,Ecobici,34737
2017-11-15,Metrobús,1286425
2017-11-16,Metro,5529215
2017-11-16,Ecobici,34693
2017-11-16,Metrobús,1283709
2017-11-17,Metro,5613007
2017-11-17,Ecobici,32884
2017-11-17,Metrobús,1351443
2017-11-18,Metro,4661486
2017-11-18,Ecobici,13569
2017-11-18,Metrobús,890993
2017-11-19,Metro,3037600
2017-11-19,Ecobici,10142
2017-11-19,Metrobús,556405
2017-11-20,Metro,2984416
2017-11-20,Ecobici,11319
2017-11-20,Metrobús,575364
2017-11-21,Metro,5129722
2017-11-21,Ecobici,33523
2017-11-21,Metrobús,1231155
2017-11-22,Metro,5385807
2017-11-22,Ecobici,33848
2017-11-22,Metrobús,1250565
2017-11-23,Metro,5371855
2017-11-23,Ecobici,33094
2017-11-23,Metrobús,1259766
2017-11-24,Metro,5425630
2017-11-24,Ecobici,31164
2017-11-24,Metrobús,1283295
2017-11-25,Metro,4523218
2017-11-25,Ecobici,14264
2017-11-25,Metrobús,853557
2017-11-26,Metro,2837373
2017-11-26,Ecobici,10995
2017-11-26,Metrobús,493182
2017-11-27,Metro,5102396
2017-11-27,Ecobici,31913
2017-11-27,Metrobús,1211384
2017-11-28,Metro,5230341
2017-11-28,Ecobici,33268
2017-11-28,Metrobús,1239970
2017-11-29,Metro,5345240
2017-11-29,Ecobici,33036
2017-11-29,Metrobús,1264052
2017-11-30,Metro,5369216
2017-11-30,Ecobici,32310
2017-11-30,Metrobús,1271196
2017-12-01,Metro,5587354
2017-12-01,Ecobici,29806
2017-12-01,Metrobús,1302994
2017-12-02,Metro,4558323
2017-12-02,Ecobici,12713
2017-12-02,Metrobús,837161
2017-12-03,Metro,3018516
2017-12-03,Ecobici,10628
2017-12-03,Metrobús,523262
2017-12-04,Metro,5134767
2017-12-04,Ecobici,31439
2017-12-04,Metrobús,1232849
2017-12-05,Metro,5373217
2017-12-05,Ecobici,33672
2017-12-05,Metrobús,1260725
2017-12-06,Metro,5363867
2017-12-06,Ecobici,32772
2017-12-06,Metrobús,1254926
2017-12-07,Metro,5450412
2017-12-07,Ecobici,32439
2017-12-07,Metrobús,1256330
2017-12-08,Metro,5581294
2017-12-08,Ecobici,29948
2017-12-08,Metrobús,1295101
2017-12-09,Metro,4571247
2017-12-09,Ecobici,11657
2017-12-09,Metrobús,828404
2017-12-10,Metro,3013058
2017-12-10,Ecobici,9593
2017-12-10,Metrobús,517641
2017-12-11,Metro,5065471
2017-12-11,Ecobici,27790
2017-12-11,Metrobús,1139536
2017-12-12,Metro,4675707
2017-12-12,Ecobici,25877
2017-12-12,Metrobús,972815
2017-12-13,Metro,5170415
2017-12-13,Ecobici,30158
2017-12-13,Metrobús,1213648
2017-12-14,Metro,5300415
2017-12-14,Ecobici,29936
2017-12-14,Metrobús,1220550
2017-12-15,Metro,5424154
2017-12-15,Ecobici,28179
2017-12-15,Metrobús,1239642
2017-12-16,Metro,4535922
2017-12-16,Ecobici,12494
2017-12-16,Metrobús,848299
2017-12-17,Metro,3123274
2017-12-17,Ecobici,9701
2017-12-17,Metrobús,541812
2017-12-18,Metro,4829045
2017-12-18,Ecobici,27521
2017-12-18,Metrobús,1116056
2017-12-19,Metro,4936328
2017-12-19,Ecobici,28638
2017-12-19,Metrobús,1122996
2017-12-20,Metro,5067685
2017-12-20,Ecobici,28487
2017-12-20,Metrobús,1122842
2017-12-21,Metro,5023123
2017-12-21,Ecobici,25880
2017-12-21,Metrobús,1070267
2017-12-22,Metro,4955208
2017-12-22,Ecobici,22749
2017-12-22,Metrobús,1060443
2017-12-23,Metro,4127449
2017-12-23,Ecobici,10487
2017-12-23,Metrobús,733866
2017-12-24,Metro,2220698
2017-12-24,Ecobici,5963
2017-12-24,Metrobús,376130
2017-12-25,Metro,1653879
2017-12-25,Ecobici,3396
2017-12-25,Metrobús,290756
2017-12-26,Metro,3721531
2017-12-26,Ecobici,16144
2017-12-26,Metrobús,807113
2017-12-27,Metro,4181694
2017-12-27,Ecobici,17270
2017-12-27,Metrobús,871161
2017-12-28,Metro,4241134
2017-12-28,Ecobici,16976
2017-12-28,Metrobús,880939
2017-12-29,Metro,4168005
2017-12-29,Ecobici,14951
2017-12-29,Metrobús,874289
2017-12-30,Metro,3532147
2017-12-30,Ecobici,7668
2017-12-30,Metrobús,656684
2017-12-31,Metro,2033577
2017-12-31,Ecobici,5604
2017-12-31,Metrobús,356479
2018-01-01,Metro,1612532
2018-01-01,Ecobici,3388
2018-01-01,Metrobús,285513
2018-01-02,Metro,3766972
2018-01-02,Ecobici,18556
2018-01-02,Metrobús,865137
2018-01-03,Metro,4410280
2018-01-03,Ecobici,22274
2018-01-03,Metrobús,961297
2018-01-04,Metro,4523878
2018-01-04,Ecobici,23569
2018-01-04,Metrobús,1006899
2018-01-05,Metro,4753081
2018-01-05,Ecobici,23109
2018-01-05,Metrobús,1044685
2018-01-06,Metro,3596088
2018-01-06,Ecobici,10567
2018-01-06,Metrobús,672064
2018-01-07,Metro,2375711
2018-01-07,Ecobici,9736
2018-01-07,Metrobús,432119
2018-01-08,Metro,4713435
2018-01-08,Ecobici,28557
2018-01-08,Metrobús,1106872
2018-01-09,Metro,4761522
2018-01-09,Ecobici,30157
2018-01-09,Metrobús,1138031
2018-01-10,Metro,4867327
2018-01-10,Ecobici,30232
2018-01-10,Metrobús,1151476
2018-01-11,Metro,4936861
2018-01-11,Ecobici,30188
2018-01-11,Metrobús,1153495
2018-01-12,Metro,5052947
2018-01-12,Ecobici,28540
2018-01-12,Metrobús,1191861
2018-01-13,Metro,4039240
2018-01-13,Ecobici,11951
2018-01-13,Metrobús,781156
2018-01-14,Metro,2495303
2018-01-14,Ecobici,9776
2018-01-14,Metrobús,453076
2018-01-15,Metro,4774519
2018-01-15,Ecobici,28697
2018-01-15,Metrobús,1177297
2018-01-16,Metro,4942621
2018-01-16,Ecobici,27944
2018-01-16,Metrobús,1191277
2018-01-17,Metro,4997508
2018-01-17,Ecobici,28217
2018-01-17,Metrobús,1192848
2018-01-18,Metro,5043541
2018-01-18,Ecobici,28960
2018-01-18,Metrobús,1182727
2018-01-19,Metro,5113959
2018-01-19,Ecobici,27922
2018-01-19,Metrobús,1223362
2018-01-20,Metro,4071235
2018-01-20,Ecobici,11916
2018-01-20,Metrobús,798800
2018-01-21,Metro,2494474
2018-01-21,Ecobici,10681
2018-01-21,Metrobús,468040
2018-01-22,Metro,4785136
2018-01-22,Ecobici,29701
2018-01-22,Metrobús,1159964
2018-01-23,Metro,4941821
2018-01-23,Ecobici,29967
2018-01-23,Metrobús,1187717
2018-01-24,Metro,4925598
2018-01-24,Ecobici,24230
2018-01-24,Metrobús,1178928
2018-01-25,Metro,4969885
2018-01-25,Ecobici,28611
2018-01-25,Metrobús,1182122
2018-01-26,Metro,5248256
2018-01-26,Ecobici,27179
2018-01-26,Metrobús,1217723
2018-01-27,Metro,4098296
2018-01-27,Ecobici,11458
2018-01-27,Metrobús,786270
2018-01-28,Metro,2504285
2018-01-28,Ecobici,9125
2018-01-28,Metrobús,451495
2018-01-29,Metro,4795570
2018-01-29,Ecobici,25208
2018-01-29,Metrobús,1136362
2018-01-30,Metro,4916780
2018-01-30,Ecobici,27125
2018-01-30,Metrobús,1159344
2018-01-31,Metro,5039151
2018-01-31,Ecobici,28803
2018-01-31,Metrobús,1194402
2018-02-01,Metro,5000970
2018-02-01,Ecobici,29254
2018-02-01,Metrobús,1236182
2018-02-02,Metro,5310864
2018-02-02,Ecobici,28163
2018-02-02,Metrobús,1238857
2018-02-03,Metro,4158712
2018-02-03,Ecobici,11021
2018-02-03,Metrobús,786381
2018-02-04,Metro,2581773
2018-02-04,Ecobici,9666
2018-02-04,Metrobús,477470
2018-02-05,Metro,2715613
2018-02-05,Ecobici,9932
2018-02-05,Metrobús,542468
2018-02-06,Metro,5050652
2018-02-06,Ecobici,30571
2018-02-06,Metrobús,1234052
2018-02-07,Metro,5252576
2018-02-07,Ecobici,31574
2018-02-07,Metrobús,1248048
2018-02-08,Metro,5311706
2018-02-08,Ecobici,29634
2018-02-08,Metrobús,1227856
2018-02-09,Metro,5383109
2018-02-09,Ecobici,25659
2018-02-09,Metrobús,1267456
2018-02-10,Metro,4324865
2018-02-10,Ecobici,12947
2018-02-10,Metrobús,855933
2018-02-11,Metro,2574892
2018-02-11,Ecobici,11417
2018-02-11,Metrobús,479481
2018-02-12,Metro,5117842
2018-02-12,Ecobici,30836
2018-02-12,Metrobús,1226508
2018-02-13,Metro,5326412
2018-02-13,Ecobici,32293
2018-02-13,Metrobús,1260023
2018-02-14,Metro,5358884
2018-02-14,Ecobici,32486
2018-02-14,Metrobús,1284024
2018-02-15,Metro,5283326
2018-02-15,Ecobici,28502
2018-02-15,Metrobús,1266279
2018-02-16,Metro,5396029
2018-02-16,Ecobici,25434
2018-02-16,Metrobús,1301774
2018-02-17,Metro,4130046
2018-02-17,Ecobici,13948
2018-02-17,Metrobús,821445
2018-02-18,Metro,2673083
2018-02-18,Ecobici,12776
2018-02-18,Metrobús,493816
2018-02-19,Metro,4876499
2018-02-19,Ecobici,31257
2018-02-19,Metrobús,1204278
2018-02-20,Metro,5172330
2018-02-20,Ecobici,33918
2018-02-20,Metrobús,1257412
2018-02-21,Metro,5254450
2018-02-21,Ecobici,33050
2018-02-21,Metrobús,1263992
2018-02-22,Metro,5281375
2018-02-22,Ecobici,32329
2018-02-22,Metrobús,1257467
2018-02-23,Metro,5127237
2018-02-23,Ecobici,31224
2018-02-23,Metrobús,1291737
2018-02-24,Metro,4258476
2018-02-24,Ecobici,15559
2018-02-24,Metrobús,862257
2018-02-25,Metro,2787002
2018-02-25,Ecobici,12308
2018-02-25,Metrobús,515139
2018-02-26,Metro,4988677
2018-02-26,Ecobici,31035
2018-02-26,Metrobús,1224750
2018-02-27,Metro,5159643
2018-02-27,Ecobici,33477
2018-02-27,Metrobús,1251068
2018-02-28,Metro,5211061
2018-02-28,Ecobici,33951
2018-02-28,Metrobús,1293460
2018-03-01,Metro,5372323
2018-03-01,Ecobici,33223
2018-03-01,Metrobús,1284753
2018-03-02,Metro,5469360
2018-03-02,Ecobici,31397
2018-03-02,Metrobús,1323276
2018-03-03,Metro,4303531
2018-03-03,Ecobici,14349
2018-03-03,Metrobús,863320
2018-03-04,Metro,2689886
2018-03-04,Ecobici,12401
2018-03-04,Metrobús,502736
2018-03-05,Metro,5091822
2018-03-05,Ecobici,32214
2018-03-05,Metrobús,1237713
2018-03-06,Metro,5224123
2018-03-06,Ecobici,33833
2018-03-06,Metrobús,1240233
2018-03-07,Metro,5252182
2018-03-07,Ecobici,31737
2018-03-07,Metrobús,1265090
2018-03-08,Metro,5184755
2018-03-08,Ecobici,32991
2018-03-08,Metrobús,1256726
2018-03-09,Metro,5342303
2018-03-09,Ecobici,29190
2018-03-09,Metrobús,1308513
2018-03-10,Metro,4229591
2018-03-10,Ecobici,14361
2018-03-10,Metrobús,854209
2018-03-11,Metro,2733235
2018-03-11,Ecobici,12706
2018-03-11,Metrobús,503933
2018-03-12,Metro,5003692
2018-03-12,Ecobici,30147
2018-03-12,Metrobús,1217409
2018-03-13,Metro,5126420
2018-03-13,Ecobici,33271
2018-03-13,Metrobús,1258039
2018-03-14,Metro,5278036
2018-03-14,Ecobici,30661
2018-03-14,Metrobús,1279928
2018-03-15,Metro,5278716
2018-03-15,Ecobici,30915
2018-03-15,Metrobús,1278847
2018-03-16,Metro,5433048
2018-03-16,Ecobici,30824
2018-03-16,Metrobús,1331568
2018-03-17,Metro,4450593
2018-03-17,Ecobici,12922
2018-03-17,Metrobús,857240
2018-03-18,Metro,2732139
2018-03-18,Ecobici,11009
2018-03-18,Metrobús,524554
2018-03-19,Metro,2702201
2018-03-19,Ecobici,11350
2018-03-19,Metrobús,563232
2018-03-20,Metro,5049230
2018-03-20,Ecobici,31776
2018-03-20,Metrobús,1261355
2018-03-21,Metro,5171893
2018-03-21,Ecobici,31808
2018-03-21,Metrobús,1254690
2018-03-22,Metro,5245101
2018-03-22,Ecobici,32497
2018-03-22,Metrobús,1266822
2018-03-23,Metro,5303348
2018-03-23,Ecobici,31019
2018-03-23,Metrobús,1302846
2018-03-24,Metro,4254455
2018-03-24,Ecobici,15637
2018-03-24,Metrobús,826400
2018-03-25,Metro,2600051
2018-03-25,Ecobici,12494
2018-03-25,Metrobús,476993
2018-03-26,Metro,4374464
2018-03-26,Ecobici,27849
2018-03-26,Metrobús,1034949
2018-03-27,Metro,4518103
2018-03-27,Ecobici,28494
2018-03-27,Metrobús,1056301
2018-03-28,Metro,4459763
2018-03-28,Ecobici,26381
2018-03-28,Metrobús,1085923
2018-03-29,Metro,3302134
2018-03-29,Ecobici,12047
2018-03-29,Metrobús,640755
2018-03-30,Metro,2195809
2018-03-30,Ecobici,8823
2018-03-30,Metrobús,419245
2018-03-31,Metro,2458766
2018-03-31,Ecobici,8857
2018-03-31,Metrobús,508854
2018-04-01,Metro,2170692
2018-04-01,Ecobici,10333
2018-04-01,Metrobús,418446
2018-04-02,Metro,4666420
2018-04-02,Ecobici,28375
2018-04-02,Metrobús,1119337
2018-04-03,Metro,4973383
2018-04-03,Ecobici,29942
2018-04-03,Metrobús,1182170
2018-04-04,Metro,5137158
2018-04-04,Ecobici,28112
2018-04-04,Metrobús,1191985
2018-04-05,Metro,5158998
2018-04-05,Ecobici,28368
2018-04-05,Metrobús,1185947
2018-04-06,Metro,5174017
2018-04-06,Ecobici,26372
2018-04-06,Metrobús,1217173
2018-04-07,Metro,4124121
2018-04-07,Ecobici,14237
2018-04-07,Metrobús,824171
2018-04-08,Metro,2648504
2018-04-08,Ecobici,12980
2018-04-08,Metrobús,489365
2018-04-09,Metro,4948372
2018-04-09,Ecobici,32118
2018-04-09,Metrobús,1217300
2018-04-10,Metro,5163919
2018-04-10,Ecobici,32154
2018-04-10,Metrobús,1249756
2018-04-11,Metro,5134983
2018-04-11,Ecobici,31492
2018-04-11,Metrobús,1255780
2018-04-12,Metro,5242809
2018-04-12,Ecobici,31022
2018-04-12,Metrobús,1246408
2018-04-13,Metro,5270340
2018-04-13,Ecobici,31251
2018-04-13,Metrobús,1316188
2018-04-14,Metro,4353683
2018-04-14,Ecobici,14240
2018-04-14,Metrobús,848592
2018-04-15,Metro,2678280
2018-04-15,Ecobici,11893
2018-04-15,Metrobús,502149
2018-04-16,Metro,5033567
2018-04-16,Ecobici,32185
2018-04-16,Metrobús,1244761
2018-04-17,Metro,5196554
2018-04-17,Ecobici,33720
2018-04-17,Metrobús,1271946
2018-04-18,Metro,5176912
2018-04-18,Ecobici,33262
2018-04-18,Metrobús,1264430
2018-04-19,Metro,5262786
2018-04-19,Ecobici,32760
2018-04-19,Metrobús,1273468
2018-04-20,Metro,5376554
2018-04-20,Ecobici,31061
2018-04-20,Metrobús,1322391
2018-04-21,Metro,4331650
2018-04-21,Ecobici,13598
2018-04-21,Metrobús,828617
2018-04-22,Metro,2711308
2018-04-22,Ecobici,11780
2018-04-22,Metrobús,506745
2018-04-23,Metro,4944266
2018-04-23,Ecobici,30829
2018-04-23,Metrobús,1212947
2018-04-24,Metro,5060601
2018-04-24,Ecobici,32258
2018-04-24,Metrobús,1242647
2018-04-25,Metro,5157568
2018-04-25,Ecobici,32344
2018-04-25,Metrobús,1240661
2018-04-26,Metro,5158216
2018-04-26,Ecobici,31135
2018-04-26,Metrobús,1257460
2018-04-27,Metro,5375786
2018-04-27,Ecobici,30061
2018-04-27,Metrobús,1306517
2018-04-28,Metro,4304368
2018-04-28,Ecobici,11811
2018-04-28,Metrobús,824338
2018-04-29,Metro,2693807
2018-04-29,Ecobici,11142
2018-04-29,Metrobús,545986
2018-04-30,Metro,4751036
2018-04-30,Ecobici,25638
2018-04-30,Metrobús,1172700
2018-05-01,Metro,2958973
2018-05-01,Ecobici,12511
2018-05-01,Metrobús,591338
2018-05-02,Metro,5071020
2018-05-02,Ecobici,31778
2018-05-02,Metrobús,1384591
2018-05-03,Metro,5215245
2018-05-03,Ecobici,31727
2018-05-03,Metrobús,1381955
2018-05-04,Metro,5375822
2018-05-04,Ecobici,28222
2018-05-04,Metrobús,1380261
2018-05-05,Metro,4116559
2018-05-05,Ecobici,13656
2018-05-05,Metrobús,887768
2018-05-06,Metro,2530313
2018-05-06,Ecobici,10915
2018-05-06,Metrobús,519133
2018-05-07,Metro,4972213
2018-05-07,Ecobici,31257
2018-05-07,Metrobús,1323973
2018-05-08,Metro,5028447
2018-05-08,Ecobici,24863
2018-05-08,Metrobús,1350971
2018-05-09,Metro,5140426
2018-05-09,Ecobici,32908
2018-05-09,Metrobús,1396074
2018-05-10,Metro,4410356
2018-05-10,Ecobici,26149
2018-05-10,Metrobús,1043124
2018-05-11,Metro,4983936
2018-05-11,Ecobici,30252
2018-05-11,Metrobús,1378864
2018-05-12,Metro,4054818
2018-05-12,Ecobici,11988
2018-05-12,Metrobús,869414
2018-05-13,Metro,2482696
2018-05-13,Ecobici,11738
2018-05-13,Metrobús,533718
2018-05-14,Metro,4988077
2018-05-14,Ecobici,31656
2018-05-14,Metrobús,1324820
2018-05-15,Metro,4847004
2018-05-15,Ecobici,33274
2018-05-15,Metrobús,1268464
2018-05-16,Metro,5067261
2018-05-16,Ecobici,33121
2018-05-16,Metrobús,1375801
2018-05-17,Metro,5147398
2018-05-17,Ecobici,32889
2018-05-17,Metrobús,1378188
2018-05-18,Metro,5264622
2018-05-18,Ecobici,30717
2018-05-18,Metrobús,1430585
2018-05-19,Metro,4112269
2018-05-19,Ecobici,12133
2018-05-19,Metrobús,887686
2018-05-20,Metro,2621988
2018-05-20,Ecobici,11199
2018-05-20,Metrobús,525193
2018-05-21,Metro,4878097
2018-05-21,Ecobici,30271
2018-05-21,Metrobús,1307707
2018-05-22,Metro,5005065
2018-05-22,Ecobici,30997
2018-05-22,Metrobús,1348936
2018-05-23,Metro,5065366
2018-05-23,Ecobici,33131
2018-05-23,Metrobús,1360144
2018-05-24,Metro,5155078
2018-05-24,Ecobici,33379
2018-05-24,Metrobús,1352794
2018-05-25,Metro,5233578
2018-05-25,Ecobici,30168
2018-05-25,Metrobús,1417945
2018-05-26,Metro,4158606
2018-05-26,Ecobici,13548
2018-05-26,Metrobús,894920
2018-05-27,Metro,2609980
2018-05-27,Ecobici,12530
2018-05-27,Metrobús,549455
2018-05-28,Metro,4973206
2018-05-28,Ecobici,32114
2018-05-28,Metrobús,1309592
2018-05-29,Metro,4924699
2018-05-29,Ecobici,33978
2018-05-29,Metrobús,1348137
2018-05-30,Metro,5099680
2018-05-30,Ecobici,32742
2018-05-30,Metrobús,1353906
2018-05-31,Metro,5115501
2018-05-31,Ecobici,32312
2018-05-31,Metrobús,1344966
2018-06-01,Metro,5254975
2018-06-01,Ecobici,29525
2018-06-01,Metrobús,1442253
2018-06-02,Metro,4276040
2018-06-02,Ecobici,13283
2018-06-02,Metrobús,912323
2018-06-03,Metro,2663040
2018-06-03,Ecobici,11578
2018-06-03,Metrobús,552789
2018-06-04,Metro,4944006
2018-06-04,Ecobici,32151
2018-06-04,Metrobús,1307070
2018-06-05,Metro,5008345
2018-06-05,Ecobici,33471
2018-06-05,Metrobús,1352530
2018-06-06,Metro,5137912
2018-06-06,Ecobici,33506
2018-06-06,Metrobús,1356240
2018-06-07,Metro,5132983
2018-06-07,Ecobici,33406
2018-06-07,Metrobús,1382842
2018-06-08,Metro,5188745
2018-06-08,Ecobici,29393
2018-06-08,Metrobús,1421078
2018-06-09,Metro,4138385
2018-06-09,Ecobici,12832
2018-06-09,Metrobús,854738
2018-06-10,Metro,2590448
2018-06-10,Ecobici,12469
2018-06-10,Metrobús,542207
2018-06-11,Metro,4773056
2018-06-11,Ecobici,29588
2018-06-11,Metrobús,1300847
2018-06-12,Metro,4858760
2018-06-12,Ecobici,24706
2018-06-12,Metrobús,1315543
2018-06-13,Metro,4839435
2018-06-13,Ecobici,20782
2018-06-13,Metrobús,1343678
2018-06-14,Metro,4822482
2018-06-14,Ecobici,16193
2018-06-14,Metrobús,1330946
2018-06-15,Metro,4942508
2018-06-15,Ecobici,21217
2018-06-15,Metrobús,1415013
2018-06-16,Metro,4144812
2018-06-16,Ecobici,12839
2018-06-16,Metrobús,920753
2018-06-17,Metro,2376077
2018-06-17,Ecobici,9717
2018-06-17,Metrobús,491098
2018-06-18,Metro,4671561
2018-06-18,Ecobici,20299
2018-06-18,Metrobús,1294767
2018-06-19,Metro,4802146
2018-06-19,Ecobici,30911
2018-06-19,Metrobús,1327033
2018-06-20,Metro,5015896
2018-06-20,Ecobici,31543
2018-06-20,Metrobús,1342284
2018-06-21,Metro,4898433
2018-06-21,Ecobici,29407
2018-06-21,Metrobús,1335608
2018-06-22,Metro,5047339
2018-06-22,Ecobici,28721
2018-06-22,Metrobús,1401061
2018-06-23,Metro,4236225
2018-06-23,Ecobici,11806
2018-06-23,Metrobús,870992
2018-06-24,Metro,2855797
2018-06-24,Ecobici,9665
2018-06-24,Metrobús,558249
2018-06-25,Metro,4664962
2018-06-25,Ecobici,27163
2018-06-25,Metrobús,1269086
2018-06-26,Metro,4750555
2018-06-26,Ecobici,25377
2018-06-26,Metrobús,1293633
2018-06-27,Metro,4759090
2018-06-27,Ecobici,29556
2018-06-27,Metrobús,1263398
2018-06-28,Metro,4875552
2018-06-28,Ecobici,28063
2018-06-28,Metrobús,1321787
2018-06-29,Metro,5059213
2018-06-29,Ecobici,28948
2018-06-29,Metrobús,1389278
2018-06-30,Metro,3955168
2018-06-30,Ecobici,11947
2018-06-30,Metrobús,856059
2018-07-01,Metro,1719669
2018-07-01,Ecobici,11814
2018-07-01,Metrobús,536578
2018-07-02,Metro,4413120
2018-07-02,Ecobici,26275
2018-07-02,Metrobús,1212599
2018-07-03,Metro,4779671
2018-07-03,Ecobici,28180
2018-07-03,Metrobús,1289740
2018-07-04,Metro,4889122
2018-07-04,Ecobici,30676
2018-07-04,Metrobús,1313104
2018-07-05,Metro,4914545
2018-07-05,Ecobici,30996
2018-07-05,Metrobús,1318001
2018-07-06,Metro,4888537
2018-07-06,Ecobici,28460
2018-07-06,Metrobús,1313657
2018-07-07,Metro,3899937
2018-07-07,Ecobici,11982
2018-07-07,Metrobús,849119
2018-07-08,Metro,2496336
2018-07-08,Ecobici,9681
2018-07-08,Metrobús,500340
2018-07-09,Metro,4546450
2018-07-09,Ecobici,25023
2018-07-09,Metrobús,1237995
2018-07-10,Metro,4657245
2018-07-10,Ecobici,26281
2018-07-10,Metrobús,1251321
2018-07-11,Metro,4780760
2018-07-11,Ecobici,27506
2018-07-11,Metrobús,1270183
2018-07-12,Metro,4872133
2018-07-12,Ecobici,29492
2018-07-12,Metrobús,1296703
2018-07-13,Metro,4963787
2018-07-13,Ecobici,24050
2018-07-13,Metrobús,1332096
2018-07-14,Metro,4024372
2018-07-14,Ecobici,11149
2018-07-14,Metrobús,870121
2018-07-15,Metro,2462370
2018-07-15,Ecobici,10152
2018-07-15,Metrobús,518156
2018-07-16,Metro,4599818
2018-07-16,Ecobici,28558
2018-07-16,Metrobús,1243758
2018-07-17,Metro,4699824
2018-07-17,Ecobici,29147
2018-07-17,Metrobús,1264427
2018-07-18,Metro,4820928
2018-07-18,Ecobici,29322
2018-07-18,Metrobús,1291206
2018-07-19,Metro,4718252
2018-07-19,Ecobici,29769
2018-07-19,Metrobús,1276109
2018-07-20,Metro,4794734
2018-07-20,Ecobici,25140
2018-07-20,Metrobús,1286744
2018-07-21,Metro,4057603
2018-07-21,Ecobici,12986
2018-07-21,Metrobús,862537
2018-07-22,Metro,2597565
2018-07-22,Ecobici,11337
2018-07-22,Metrobús,520062
2018-07-23,Metro,4482923
2018-07-23,Ecobici,28104
2018-07-23,Metrobús,1214187
2018-07-24,Metro,4702509
2018-07-24,Ecobici,29853
2018-07-24,Metrobús,1254758
2018-07-25,Metro,4780434
2018-07-25,Ecobici,29310
2018-07-25,Metrobús,1267808
2018-07-26,Metro,4733878
2018-07-26,Ecobici,26337
2018-07-26,Metrobús,1243054
2018-07-27,Metro,4861980
2018-07-27,Ecobici,26793
2018-07-27,Metrobús,1291156
2018-07-28,Metro,3980797
2018-07-28,Ecobici,12051
2018-07-28,Metrobús,851413
2018-07-29,Metro,2638517
2018-07-29,Ecobici,11084
2018-07-29,Metrobús,540976
2018-07-30,Metro,4686910
2018-07-30,Ecobici,28693
2018-07-30,Metrobús,1247679
2018-07-31,Metro,4869216
2018-07-31,Ecobici,28407
2018-07-31,Metrobús,1297386
2018-08-01,Metro,5070302
2018-08-01,Ecobici,30690
2018-08-01,Metrobús,1351304
2018-08-02,Metro,4998141
2018-08-02,Ecobici,30298
2018-08-02,Metrobús,1332295
2018-08-03,Metro,5084054
2018-08-03,Ecobici,27566
2018-08-03,Metrobús,1364853
2018-08-04,Metro,4097322
2018-08-04,Ecobici,10974
2018-08-04,Metrobús,894348
2018-08-05,Metro,2636833
2018-08-05,Ecobici,8814
2018-08-05,Metrobús,538772
2018-08-06,Metro,4999046
2018-08-06,Ecobici,25047
2018-08-06,Metrobús,1342410
2018-08-07,Metro,5109519
2018-08-07,Ecobici,26806
2018-08-07,Metrobús,1380536
2018-08-08,Metro,5190611
2018-08-08,Ecobici,29868
2018-08-08,Metrobús,1381214
2018-08-09,Metro,5196482
2018-08-09,Ecobici,28412
2018-08-09,Metrobús,1363638
2018-08-10,Metro,5302783
2018-08-10,Ecobici,26631
2018-08-10,Metrobús,1419136
2018-08-11,Metro,4198400
2018-08-11,Ecobici,11636
2018-08-11,Metrobús,880304
2018-08-12,Metro,2556410
2018-08-12,Ecobici,8901
2018-08-12,Metrobús,527363
2018-08-13,Metro,4995865
2018-08-13,Ecobici,23516
2018-08-13,Metrobús,1367289
2018-08-14,Metro,5205570
2018-08-14,Ecobici,30859
2018-08-14,Metrobús,1404561
2018-08-15,Metro,5322133
2018-08-15,Ecobici,24474
2018-08-15,Metrobús,1437541
2018-08-16,Metro,5343581
2018-08-16,Ecobici,28635
2018-08-16,Metrobús,1436330
2018-08-17,Metro,5424028
2018-08-17,Ecobici,26594
2018-08-17,Metrobús,1474888
2018-08-18,Metro,4255673
2018-08-18,Ecobici,12947
2018-08-18,Metrobús,930022
2018-08-19,Metro,2709589
2018-08-19,Ecobici,11059
2018-08-19,Metrobús,554334
2018-08-20,Metro,4963084
2018-08-20,Ecobici,28436
2018-08-20,Metrobús,1382876
2018-08-21,Metro,5073865
2018-08-21,Ecobici,30177
2018-08-21,Metrobús,1418006
2018-08-22,Metro,5194845
2018-08-22,Ecobici,29700
2018-08-22,Metrobús,1437072
2018-08-23,Metro,5193851
2018-08-23,Ecobici,29484
2018-08-23,Metrobús,1435924
2018-08-24,Metro,5343205
2018-08-24,Ecobici,28205
2018-08-24,Metrobús,1494331
2018-08-25,Metro,4197994
2018-08-25,Ecobici,12634
2018-08-25,Metrobús,901852
2018-08-26,Metro,2728236
2018-08-26,Ecobici,11138
2018-08-26,Metrobús,477961
2018-08-27,Metro,4948425
2018-08-27,Ecobici,26198
2018-08-27,Metrobús,1369407
2018-08-28,Metro,5042224
2018-08-28,Ecobici,26711
2018-08-28,Metrobús,1415881
2018-08-29,Metro,5103254
2018-08-29,Ecobici,30397
2018-08-29,Metrobús,1413036
2018-08-30,Metro,5192322
2018-08-30,Ecobici,27624
2018-08-30,Metrobús,1443298
2018-08-31,Metro,5318947
2018-08-31,Ecobici,28520
2018-08-31,Metrobús,1523708
2018-09-01,Metro,4347982
2018-09-01,Ecobici,13509
2018-09-01,Metrobús,945855
2018-09-02,Metro,2713740
2018-09-02,Ecobici,10771
2018-09-02,Metrobús,557967
2018-09-03,Metro,5070396
2018-09-03,Ecobici,30651
2018-09-03,Metrobús,1417520
2018-09-04,Metro,5102367
2018-09-04,Ecobici,32422
2018-09-04,Metrobús,1449069
2018-09-05,Metro,5080039
2018-09-05,Ecobici,31191
2018-09-05,Metrobús,1418828
2018-09-06,Metro,5119847
2018-09-06,Ecobici,29689
2018-09-06,Metrobús,1406587
2018-09-07,Metro,5214936
2018-09-07,Ecobici,30461
2018-09-07,Metrobús,1495366
2018-09-08,Metro,4254953
2018-09-08,Ecobici,12979
2018-09-08,Metrobús,936200
2018-09-09,Metro,2678369
2018-09-09,Ecobici,11371
2018-09-09,Metrobús,570171
2018-09-10,Metro,5063840
2018-09-10,Ecobici,31199
2018-09-10,Metrobús,1405720
2018-09-11,Metro,5125012
2018-09-11,Ecobici,28227
2018-09-11,Metrobús,1432526
2018-09-12,Metro,5168322
2018-09-12,Ecobici,27653
2018-09-12,Metrobús,1449411
2018-09-13,Metro,5222597
2018-09-13,Ecobici,25017
2018-09-13,Metrobús,1450554
2018-09-14,Metro,5310799
2018-09-14,Ecobici,28882
2018-09-14,Metrobús,1477928
2018-09-15,Metro,3644979
2018-09-15,Ecobici,10668
2018-09-15,Metrobús,775101
2018-09-16,Metro,2122520
2018-09-16,Ecobici,6964
2018-09-16,Metrobús,411075
2018-09-17,Metro,4888901
2018-09-17,Ecobici,26538
2018-09-17,Metrobús,1384569
2018-09-18,Metro,5039212
2018-09-18,Ecobici,31148
2018-09-18,Metrobús,1446503
2018-09-19,Metro,5074212
2018-09-19,Ecobici,27875
2018-09-19,Metrobús,1430709
2018-09-20,Metro,5195686
2018-09-20,Ecobici,31300
2018-09-20,Metrobús,1475667
2018-09-21,Metro,5398089
2018-09-21,Ecobici,30253
2018-09-21,Metrobús,1530700
2018-09-22,Metro,4227310
2018-09-22,Ecobici,11255
2018-09-22,Metrobús,932943
2018-09-23,Metro,2676694
2018-09-23,Ecobici,9739
2018-09-23,Metrobús,537093
2018-09-24,Metro,5044891
2018-09-24,Ecobici,30430
2018-09-24,Metrobús,1424079
2018-09-25,Metro,5106227
2018-09-25,Ecobici,30212
2018-09-25,Metrobús,1450200
2018-09-26,Metro,5169069
2018-09-26,Ecobici,28707
2018-09-26,Metrobús,1438884
2018-09-27,Metro,5283448
2018-09-27,Ecobici,30255
2018-09-27,Metrobús,1474030
2018-09-28,Metro,5442705
2018-09-28,Ecobici,28504
2018-09-28,Metrobús,1538942
2018-09-29,Metro,4331322
2018-09-29,Ecobici,12241
2018-09-29,Metrobús,940941
2018-09-30,Metro,2740373
2018-09-30,Ecobici,10875
2018-09-30,Metrobús,580663
2018-10-01,Metro,5089482
2018-10-01,Ecobici,30550
2018-10-01,Metrobús,1447428
2018-10-02,Metro,4953200
2018-10-02,Ecobici,32347
2018-10-02,Metrobús,1378482
2018-10-03,Metro,5305300
2018-10-03,Ecobici,31401
2018-10-03,Metrobús,1487028
2018-10-04,Metro,5302398
2018-10-04,Ecobici,27773
2018-10-04,Metrobús,1477963
2018-10-05,Metro,5437420
2018-10-05,Ecobici,28880
2018-10-05,Metrobús,1563357
2018-10-06,Metro,4280621
2018-10-06,Ecobici,12537
2018-10-06,Metrobús,947864
2018-10-07,Metro,2665338
2018-10-07,Ecobici,10999
2018-10-07,Metrobús,571654
2018-10-08,Metro,5051010
2018-10-08,Ecobici,30480
2018-10-08,Metrobús,1423573
2018-10-09,Metro,5222005
2018-10-09,Ecobici,31463
2018-10-09,Metrobús,1505445
2018-10-10,Metro,5244752
2018-10-10,Ecobici,27037
2018-10-10,Metrobús,1462295
2018-10-11,Metro,5334089
2018-10-11,Ecobici,29967
2018-10-11,Metrobús,1466447
2018-10-12,Metro,5507703
2018-10-12,Ecobici,29516
2018-10-12,Metrobús,1528583
2018-10-13,Metro,4300180
2018-10-13,Ecobici,13775
2018-10-13,Metrobús,971273
2018-10-14,Metro,2783955
2018-10-14,Ecobici,11881
2018-10-14,Metrobús,590761
2018-10-15,Metro,5203896
2018-10-15,Ecobici,30871
2018-10-15,Metrobús,1463453
2018-10-16,Metro,5292381
2018-10-16,Ecobici,30007
2018-10-16,Metrobús,1479873
2018-10-17,Metro,5305032
2018-10-17,Ecobici,30333
2018-10-17,Metrobús,1493232
2018-10-18,Metro,5390270
2018-10-18,Ecobici,30651
2018-10-18,Metrobús,1472079
2018-10-19,Metro,5413682
2018-10-19,Ecobici,27575
2018-10-19,Metrobús,1545177
2018-10-20,Metro,4468311
2018-10-20,Ecobici,12855
2018-10-20,Metrobús,964663
2018-10-21,Metro,2854321
2018-10-21,Ecobici,9927
2018-10-21,Metrobús,598703
2018-10-22,Metro,5120753
2018-10-22,Ecobici,30088
2018-10-22,Metrobús,1447827
2018-10-23,Metro,5263983
2018-10-23,Ecobici,31780
2018-10-23,Metrobús,1475387
2018-10-24,Metro,5303151
2018-10-24,Ecobici,31491
2018-10-24,Metrobús,1462981
2018-10-25,Metro,5366810
2018-10-25,Ecobici,31500
2018-10-25,Metrobús,1486027
2018-10-26,Metro,5606649
2018-10-26,Ecobici,28263
2018-10-26,Metrobús,1544111
2018-10-27,Metro,4911484
2018-10-27,Ecobici,13802
2018-10-27,Metrobús,997629
2018-10-28,Metro,3047716
2018-10-28,Ecobici,10890
2018-10-28,Metrobús,591524
2018-10-29,Metro,5135087
2018-10-29,Ecobici,27347
2018-10-29,Metrobús,1443778
2018-10-30,Metro,5227731
2018-10-30,Ecobici,30967
2018-10-30,Metrobús,1463245
2018-10-31,Metro,5074999
2018-10-31,Ecobici,27392
2018-10-31,Metrobús,1416333
2018-11-01,Metro,4540398
2018-11-01,Ecobici,19557
2018-11-01,Metrobús,1158285
2018-11-02,Metro,3211596
2018-11-02,Ecobici,8188
2018-11-02,Metrobús,769743
2018-11-03,Metro,3233156
2018-11-03,Ecobici,10971
2018-11-03,Metrobús,757649
2018-11-04,Metro,2471225
2018-11-04,Ecobici,8254
2018-11-04,Metrobús,527909
2018-11-05,Metro,5093912
2018-11-05,Ecobici,28784
2018-11-05,Metrobús,1449702
2018-11-06,Metro,5209865
2018-11-06,Ecobici,31349
2018-11-06,Metrobús,1492275
2018-11-07,Metro,5315432
2018-11-07,Ecobici,30934
2018-11-07,Metrobús,1493748
2018-11-08,Metro,5424739
2018-11-08,Ecobici,30723
2018-11-08,Metrobús,1508321
2018-11-09,Metro,5485774
2018-11-09,Ecobici,29505
2018-11-09,Metrobús,1513869
2018-11-10,Metro,4397863
2018-11-10,Ecobici,13150
2018-11-10,Metrobús,991146
2018-11-11,Metro,2889576
2018-11-11,Ecobici,11434
2018-11-11,Metrobús,601958
2018-11-12,Metro,5127956
2018-11-12,Ecobici,29040
2018-11-12,Metrobús,1379480
2018-11-13,Metro,5161917
2018-11-13,Ecobici,30205
2018-11-13,Metrobús,1472864
2018-11-14,Metro,4881539
2018-11-14,Ecobici,15403
2018-11-14,Metrobús,1381021
2018-11-15,Metro,5243291
2018-11-15,Ecobici,29224
2018-11-15,Metrobús,1516941
2018-11-16,Metro,5517078
2018-11-16,Ecobici,28659
2018-11-16,Metrobús,1619573
2018-11-17,Metro,4577809
2018-11-17,Ecobici,11737
2018-11-17,Metrobús,1038157
2018-11-18,Metro,2909636
2018-11-18,Ecobici,9934
2018-11-18,Metrobús,662663
2018-11-19,Metro,3062428
2018-11-19,Ecobici,10748
2018-11-19,Metrobús,735451
2018-11-20,Metro,5068834
2018-11-20,Ecobici,29531
2018-11-20,Metrobús,1446087
2018-11-21,Metro,5330700
2018-11-21,Ecobici,30565
2018-11-21,Metrobús,1483076
2018-11-22,Metro,5307466
2018-11-22,Ecobici,29809
2018-11-22,Metrobús,1477628
2018-11-23,Metro,5479224
2018-11-23,Ecobici,28866
2018-11-23,Metrobús,1549579
2018-11-24,Metro,4463398
2018-11-24,Ecobici,13252
2018-11-24,Metrobús,970822
2018-11-25,Metro,2834637
2018-11-25,Ecobici,11279
2018-11-25,Metrobús,608004
2018-11-26,Metro,5032107
2018-11-26,Ecobici,29455
2018-11-26,Metrobús,1423900
2018-11-27,Metro,4807818
2018-11-27,Ecobici,30324
2018-11-27,Metrobús,1470286
2018-11-28,Metro,5401827
2018-11-28,Ecobici,29078
2018-11-28,Metrobús,1434624
2018-11-29,Metro,5343803
2018-11-29,Ecobici,27938
2018-11-29,Metrobús,1471119
2018-11-30,Metro,5607531
2018-11-30,Ecobici,27287
2018-11-30,Metrobús,1540668
2018-12-01,Metro,3660318
2018-12-01,Ecobici,10868
2018-12-01,Metrobús,786910
2018-12-02,Metro,2852630
2018-12-02,Ecobici,10577
2018-12-02,Metrobús,621539
2018-12-03,Metro,5209672
2018-12-03,Ecobici,29470
2018-12-03,Metrobús,1450343
2018-12-04,Metro,5288776
2018-12-04,Ecobici,28558
2018-12-04,Metrobús,1479073
2018-12-05,Metro,5371969
2018-12-05,Ecobici,29776
2018-12-05,Metrobús,1469906
2018-12-06,Metro,5383834
2018-12-06,Ecobici,29231
2018-12-06,Metrobús,1492492
2018-12-07,Metro,5467027
2018-12-07,Ecobici,27147
2018-12-07,Metrobús,1545505
2018-12-08,Metro,4492885
2018-12-08,Ecobici,11917
2018-12-08,Metrobús,974662
2018-12-09,Metro,2982334
2018-12-09,Ecobici,9972
2018-12-09,Metrobús,615634
2018-12-10,Metro,5088680
2018-12-10,Ecobici,28124
2018-12-10,Metrobús,1434100
2018-12-11,Metro,5278736
2018-12-11,Ecobici,28746
2018-12-11,Metrobús,1348091
2018-12-12,Metro,4867500
2018-12-12,Ecobici,24702
2018-12-12,Metrobús,1142906
2018-12-13,Metro,5204125
2018-12-13,Ecobici,27770
2018-12-13,Metrobús,1460816
2018-12-14,Metro,5321908
2018-12-14,Ecobici,26171
2018-12-14,Metrobús,1484230
2018-12-15,Metro,4415267
2018-12-15,Ecobici,11480
2018-12-15,Metrobús,1002980
2018-12-16,Metro,3075605
2018-12-16,Ecobici,9659
2018-12-16,Metrobús,652517
2018-12-17,Metro,4901584
2018-12-17,Ecobici,25845
2018-12-17,Metrobús,1342503
2018-12-18,Metro,4977340
2018-12-18,Ecobici,26772
2018-12-18,Metrobús,1351862
2018-12-19,Metro,5069494
2018-12-19,Ecobici,25585
2018-12-19,Metrobús,1343541
2018-12-20,Metro,5041810
2018-12-20,Ecobici,23698
2018-12-20,Metrobús,1311185
2018-12-21,Metro,5074610
2018-12-21,Ecobici,21386
2018-12-21,Metrobús,1299345
2018-12-22,Metro,4254279
2018-12-22,Ecobici,9685
2018-12-22,Metrobús,878231
2018-12-23,Metro,2990980
2018-12-23,Ecobici,7195
2018-12-23,Metrobús,635801
2018-12-24,Metro,3137769
2018-12-24,Ecobici,9164
2018-12-24,Metrobús,698921
2018-12-25,Metro,1711740
2018-12-25,Ecobici,3265
2018-12-25,Metrobús,340579
2018-12-26,Metro,3830074
2018-12-26,Ecobici,14997
2018-12-26,Metrobús,987527
2018-12-27,Metro,4158475
2018-12-27,Ecobici,15825
2018-12-27,Metrobús,1054176
2018-12-28,Metro,4276006
2018-12-28,Ecobici,14964
2018-12-28,Metrobús,1112367
2018-12-29,Metro,3640984
2018-12-29,Ecobici,7793
2018-12-29,Metrobús,783373
2018-12-30,Metro,2393780
2018-12-30,Ecobici,6639
2018-12-30,Metrobús,587389
2018-12-31,Metro,2829313
2018-12-31,Ecobici,8789
2018-12-31,Metrobús,651916
2019-01-01,Metro,1614002
2019-01-01,Ecobici,3768
2019-01-01,Metrobús,354469
2019-01-02,Metro,5104099
2019-01-02,Ecobici,17257
2019-01-02,Metrobús,1042716
2019-01-03,Metro,5293641
2019-01-03,Ecobici,19942
2019-01-03,Metrobús,1135860
2019-01-04,Metro,4792793
2019-01-04,Ecobici,20136
2019-01-04,Metrobús,1230428
2019-01-05,Metro,2993527
2019-01-05,Ecobici,10397
2019-01-05,Metrobús,889300
2019-01-06,Metro,3985313
2019-01-06,Ecobici,9427
2019-01-06,Metrobús,519630
2019-01-07,Metro,4572182
2019-01-07,Ecobici,26001
2019-01-07,Metrobús,1296799
2019-01-08,Metro,4836282
2019-01-08,Ecobici,27733
2019-01-08,Metrobús,1340280
2019-01-09,Metro,2592424
2019-01-09,Ecobici,28370
2019-01-09,Metrobús,1397059
2019-01-10,Metro,5147121
2019-01-10,Ecobici,29576
2019-01-10,Metrobús,1427384
2019-01-11,Metro,4851561
2019-01-11,Ecobici,27791
2019-01-11,Metrobús,1518170
2019-01-12,Metro,2956007
2019-01-12,Ecobici,12392
2019-01-12,Metrobús,962895
2019-01-13,Metro,2561080
2019-01-13,Ecobici,10169
2019-01-13,Metrobús,606598
2019-01-14,Metro,4796070
2019-01-14,Ecobici,28746
2019-01-14,Metrobús,1434902
2019-01-15,Metro,4904612
2019-01-15,Ecobici,29698
2019-01-15,Metrobús,1458005
2019-01-16,Metro,5024005
2019-01-16,Ecobici,30098
2019-01-16,Metrobús,1456845
2019-01-17,Metro,4929995
2019-01-17,Ecobici,29081
2019-01-17,Metrobús,1438445
2019-01-18,Metro,4964961
2019-01-18,Ecobici,28073
2019-01-18,Metrobús,1484327
2019-01-19,Metro,4001667
2019-01-19,Ecobici,12229
2019-01-19,Metrobús,944290
2019-01-20,Metro,2495028
2019-01-20,Ecobici,10959
2019-01-20,Metrobús,570242
2019-01-21,Metro,4753835
2019-01-21,Ecobici,28826
2019-01-21,Metrobús,1418881
2019-01-22,Metro,4880237
2019-01-22,Ecobici,30199
2019-01-22,Metrobús,1439897
2019-01-23,Metro,4857762
2019-01-23,Ecobici,29517
2019-01-23,Metrobús,1437384
2019-01-24,Metro,4924045
2019-01-24,Ecobici,26711
2019-01-24,Metrobús,1435764
2019-01-25,Metro,5057628
2019-01-25,Ecobici,27703
2019-01-25,Metrobús,1482897
2019-01-26,Metro,3957965
2019-01-26,Ecobici,12547
2019-01-26,Metrobús,922873
2019-01-27,Metro,2550663
2019-01-27,Ecobici,10952
2019-01-27,Metrobús,558326
2019-01-28,Metro,4790746
2019-01-28,Ecobici,29120
2019-01-28,Metrobús,1421626
2019-01-29,Metro,4881328
2019-01-29,Ecobici,30438
2019-01-29,Metrobús,1456025
2019-01-30,Metro,4935770
2019-01-30,Ecobici,29888
2019-01-30,Metrobús,1457807
2019-01-31,Metro,5033730
2019-01-31,Ecobici,29638
2019-01-31,Metrobús,1465190
2019-02-01,Metro,3786916
2019-02-01,Ecobici,27598
2019-02-01,Metrobús,1519774
2019-02-02,Metro,3853443
2019-02-02,Ecobici,11444
2019-02-02,Metrobús,906823
2019-02-03,Metro,4017161
2019-02-03,Ecobici,9277
2019-02-03,Metrobús,562951
2019-02-04,Metro,4926852
2019-02-04,Ecobici,9801
2019-02-04,Metrobús,633199
2019-02-05,Metro,4808272
2019-02-05,Ecobici,29749
2019-02-05,Metrobús,1460504
2019-02-06,Metro,2526114
2019-02-06,Ecobici,30537
2019-02-06,Metrobús,1460777
2019-02-07,Metro,4644673
2019-02-07,Ecobici,30322
2019-02-07,Metrobús,1463838
2019-02-08,Metro,4910973
2019-02-08,Ecobici,29262
2019-02-08,Metrobús,1509431
2019-02-09,Metro,4914846
2019-02-09,Ecobici,12981
2019-02-09,Metrobús,950482
2019-02-10,Metro,4901585
2019-02-10,Ecobici,11532
2019-02-10,Metrobús,583688
2019-02-11,Metro,3442133
2019-02-11,Ecobici,30018
2019-02-11,Metrobús,1433998
2019-02-12,Metro,4996603
2019-02-12,Ecobici,30927
2019-02-12,Metrobús,1455806
2019-02-13,Metro,5017743
2019-02-13,Ecobici,27036
2019-02-13,Metrobús,1472811
2019-02-14,Metro,5144569
2019-02-14,Ecobici,30614
2019-02-14,Metrobús,1498704
2019-02-15,Metro,5112757
2019-02-15,Ecobici,29971
2019-02-15,Metrobús,1534179
2019-02-16,Metro,3998637
2019-02-16,Ecobici,12895
2019-02-16,Metrobús,972797
2019-02-17,Metro,2454495
2019-02-17,Ecobici,11409
2019-02-17,Metrobús,581913
2019-02-18,Metro,4800520
2019-02-18,Ecobici,30759
2019-02-18,Metrobús,1418877
2019-02-19,Metro,4915335
2019-02-19,Ecobici,32358
2019-02-19,Metrobús,1459909
2019-02-20,Metro,4960019
2019-02-20,Ecobici,31943
2019-02-20,Metrobús,1466279
2019-02-21,Metro,4968413
2019-02-21,Ecobici,31493
2019-02-21,Metrobús,1460104
2019-02-22,Metro,5082334
2019-02-22,Ecobici,30353
2019-02-22,Metrobús,1519696
2019-02-23,Metro,4077692
2019-02-23,Ecobici,14854
2019-02-23,Metrobús,969458
2019-02-24,Metro,2576472
2019-02-24,Ecobici,11399
2019-02-24,Metrobús,586489
2019-02-25,Metro,4763178
2019-02-25,Ecobici,28358
2019-02-25,Metrobús,1403123
2019-02-26,Metro,4896436
2019-02-26,Ecobici,32641
2019-02-26,Metrobús,1436108
2019-02-27,Metro,5052886
2019-02-27,Ecobici,32417
2019-02-27,Metrobús,1465114
2019-02-28,Metro,5017249
2019-02-28,Ecobici,32141
2019-02-28,Metrobús,1491546
2019-03-01,Metro,4107719
2019-03-01,Ecobici,29911
2019-03-01,Metrobús,1545987
2019-03-02,Metro,2346262
2019-03-02,Ecobici,13229
2019-03-02,Metrobús,954772
2019-03-03,Metro,2487764
2019-03-03,Ecobici,11800
2019-03-03,Metrobús,581156
2019-03-04,Metro,5047010
2019-03-04,Ecobici,26389
2019-03-04,Metrobús,1415923
2019-03-05,Metro,5014772
2019-03-05,Ecobici,28926
2019-03-05,Metrobús,1452300
2019-03-06,Metro,4726560
2019-03-06,Ecobici,31629
2019-03-06,Metrobús,1453116
2019-03-07,Metro,4598364
2019-03-07,Ecobici,31521
2019-03-07,Metrobús,1469001
2019-03-08,Metro,4051952
2019-03-08,Ecobici,31532
2019-03-08,Metrobús,1507978
2019-03-09,Metro,5116401
2019-03-09,Ecobici,13759
2019-03-09,Metrobús,958600
2019-03-10,Metro,5121891
2019-03-10,Ecobici,12199
2019-03-10,Metrobús,560103
2019-03-11,Metro,2491327
2019-03-11,Ecobici,31609
2019-03-11,Metrobús,1414802
2019-03-12,Metro,5211022
2019-03-12,Ecobici,31075
2019-03-12,Metrobús,1466630
2019-03-13,Metro,4964527
2019-03-13,Ecobici,32446
2019-03-13,Metrobús,1461372
2019-03-14,Metro,5032370
2019-03-14,Ecobici,32220
2019-03-14,Metrobús,1485084
2019-03-15,Metro,5180397
2019-03-15,Ecobici,29910
2019-03-15,Metrobús,1533433
2019-03-16,Metro,4043552
2019-03-16,Ecobici,11962
2019-03-16,Metrobús,937609
2019-03-17,Metro,2506583
2019-03-17,Ecobici,9715
2019-03-17,Metrobús,569888
2019-03-18,Metro,2564070
2019-03-18,Ecobici,10391
2019-03-18,Metrobús,625750
2019-03-19,Metro,4837852
2019-03-19,Ecobici,30134
2019-03-19,Metrobús,1435917
2019-03-20,Metro,4940691
2019-03-20,Ecobici,32196
2019-03-20,Metrobús,1468412
2019-03-21,Metro,5040916
2019-03-21,Ecobici,31035
2019-03-21,Metrobús,1456918
2019-03-22,Metro,5030889
2019-03-22,Ecobici,29687
2019-03-22,Metrobús,1503973
2019-03-23,Metro,3986970
2019-03-23,Ecobici,13362
2019-03-23,Metrobús,958580
2019-03-24,Metro,2519948
2019-03-24,Ecobici,11482
2019-03-24,Metrobús,561876
2019-03-25,Metro,4804975
2019-03-25,Ecobici,30780
2019-03-25,Metrobús,1421443
2019-03-26,Metro,4928267
2019-03-26,Ecobici,32352
2019-03-26,Metrobús,1449258
2019-03-27,Metro,4913499
2019-03-27,Ecobici,32610
2019-03-27,Metrobús,1425456
2019-03-28,Metro,5035012
2019-03-28,Ecobici,31983
2019-03-28,Metrobús,1466232
2019-03-29,Metro,5187064
2019-03-29,Ecobici,30381
2019-03-29,Metrobús,1522158
2019-03-30,Metro,3969865
2019-03-30,Ecobici,14880
2019-03-30,Metrobús,970464
2019-03-31,Metro,2609082
2019-03-31,Ecobici,11112
2019-03-31,Metrobús,595227
2019-04-01,Metro,4389604
2019-04-01,Ecobici,31551
2019-04-01,Metrobús,1428656
2019-04-02,Metro,2543607
2019-04-02,Ecobici,33579
2019-04-02,Metrobús,1428734
2019-04-03,Metro,4743173
2019-04-03,Ecobici,32702
2019-04-03,Metrobús,1462785
2019-04-04,Metro,5039771
2019-04-04,Ecobici,31052
2019-04-04,Metrobús,1456572
2019-04-05,Metro,3867252
2019-04-05,Ecobici,30423
2019-04-05,Metrobús,1488745
2019-04-06,Metro,4779566
2019-04-06,Ecobici,13189
2019-04-06,Metrobús,931269
2019-04-07,Metro,4746859
2019-04-07,Ecobici,11482
2019-04-07,Metrobús,575356
2019-04-08,Metro,2629399
2019-04-08,Ecobici,29936
2019-04-08,Metrobús,1418482
2019-04-09,Metro,5027389
2019-04-09,Ecobici,32149
2019-04-09,Metrobús,1450130
2019-04-10,Metro,5302717
2019-04-10,Ecobici,32560
2019-04-10,Metrobús,1455634
2019-04-11,Metro,4899808
2019-04-11,Ecobici,32234
2019-04-11,Metrobús,1483674
2019-04-12,Metro,5221926
2019-04-12,Ecobici,30412
2019-04-12,Metrobús,1535690
2019-04-13,Metro,3972449
2019-04-13,Ecobici,13017
2019-04-13,Metrobús,938123
2019-04-14,Metro,2574404
2019-04-14,Ecobici,11111
2019-04-14,Metrobús,561007
2019-04-15,Metro,4404693
2019-04-15,Ecobici,26886
2019-04-15,Metrobús,1260281
2019-04-16,Metro,4392218
2019-04-16,Ecobici,27217
2019-04-16,Metrobús,1268763
2019-04-17,Metro,4458909
2019-04-17,Ecobici,24952
2019-04-17,Metrobús,1253381
2019-04-18,Metro,3024094
2019-04-18,Ecobici,10950
2019-04-18,Metrobús,733837
2019-04-19,Metro,2032430
2019-04-19,Ecobici,8421
2019-04-19,Metrobús,523400
2019-04-20,Metro,2262085
2019-04-20,Ecobici,8565
2019-04-20,Metrobús,591188
2019-04-21,Metro,2115865
2019-04-21,Ecobici,9449
2019-04-21,Metrobús,472589
2019-04-22,Metro,4340037
2019-04-22,Ecobici,26479
2019-04-22,Metrobús,1229157
2019-04-23,Metro,4510533
2019-04-23,Ecobici,30145
2019-04-23,Metrobús,1302398
2019-04-24,Metro,4697807
2019-04-24,Ecobici,30160
2019-04-24,Metrobús,1323142
2019-04-25,Metro,4639783
2019-04-25,Ecobici,29777
2019-04-25,Metrobús,1337525
2019-04-26,Metro,4798687
2019-04-26,Ecobici,21740
2019-04-26,Metrobús,1388574
2019-04-27,Metro,3770601
2019-04-27,Ecobici,45
2019-04-27,Metrobús,911706
2019-04-28,Metro,2540625
2019-04-28,Ecobici,10670
2019-04-28,Metrobús,579090
2019-04-29,Metro,4700461
2019-04-29,Ecobici,28894
2019-04-29,Metrobús,1409623
2019-04-30,Metro,4881402
2019-04-30,Ecobici,30337
2019-04-30,Metrobús,1479462
2019-05-01,Metro,3883253
2019-05-01,Ecobici,12092
2019-05-01,Metrobús,698879
2019-05-02,Metro,4810695
2019-05-02,Ecobici,29623
2019-05-02,Metrobús,1457946
2019-05-03,Metro,4958955
2019-05-03,Ecobici,28512
2019-05-03,Metrobús,1488408
2019-05-04,Metro,5207671
2019-05-04,Ecobici,12456
2019-05-04,Metrobús,934251
2019-05-05,Metro,2471729
2019-05-05,Ecobici,10967
2019-05-05,Metrobús,558569
2019-05-06,Metro,4871563
2019-05-06,Ecobici,30478
2019-05-06,Metrobús,1409590
2019-05-07,Metro,4764928
2019-05-07,Ecobici,32129
2019-05-07,Metrobús,1448956
2019-05-08,Metro,4745293
2019-05-08,Ecobici,31792
2019-05-08,Metrobús,1481019
2019-05-09,Metro,5139982
2019-05-09,Ecobici,30881
2019-05-09,Metrobús,1498366
2019-05-10,Metro,4150993
2019-05-10,Ecobici,23811
2019-05-10,Metrobús,1104308
2019-05-11,Metro,5114746
2019-05-11,Ecobici,12047
2019-05-11,Metrobús,854069
2019-05-12,Metro,5228767
2019-05-12,Ecobici,10318
2019-05-12,Metrobús,549661
2019-05-13,Metro,4686445
2019-05-13,Ecobici,30036
2019-05-13,Metrobús,1402839
2019-05-14,Metro,4775737
2019-05-14,Ecobici,30246
2019-05-14,Metrobús,1447178
2019-05-15,Metro,4744373
2019-05-15,Ecobici,26762
2019-05-15,Metrobús,1352300
2019-05-16,Metro,4507500
2019-05-16,Ecobici,23517
2019-05-16,Metrobús,1294313
2019-05-17,Metro,4583921
2019-05-17,Ecobici,24305
2019-05-17,Metrobús,1335252
2019-05-18,Metro,3777434
2019-05-18,Ecobici,12155
2019-05-18,Metrobús,906802
2019-05-19,Metro,2421447
2019-05-19,Ecobici,10510
2019-05-19,Metrobús,564337
2019-05-20,Metro,4750226
2019-05-20,Ecobici,29712
2019-05-20,Metrobús,1424361
2019-05-21,Metro,4882427
2019-05-21,Ecobici,29760
2019-05-21,Metrobús,1440653
2019-05-22,Metro,4883752
2019-05-22,Ecobici,31107
2019-05-22,Metrobús,1456377
2019-05-23,Metro,4912790
2019-05-23,Ecobici,30695
2019-05-23,Metrobús,1454650
2019-05-24,Metro,5020192
2019-05-24,Ecobici,28147
2019-05-24,Metrobús,1474683
2019-05-25,Metro,4051393
2019-05-25,Ecobici,12676
2019-05-25,Metrobús,969698
2019-05-26,Metro,2602557
2019-05-26,Ecobici,11160
2019-05-26,Metrobús,599443
2019-05-27,Metro,4644354
2019-05-27,Ecobici,30367
2019-05-27,Metrobús,1399577
2019-05-28,Metro,4841609
2019-05-28,Ecobici,32282
2019-05-28,Metrobús,1448645
2019-05-29,Metro,4863903
2019-05-29,Ecobici,31998
2019-05-29,Metrobús,1427728
2019-05-30,Metro,4949386
2019-05-30,Ecobici,31742
2019-05-30,Metrobús,1454158
2019-05-31,Metro,5110754
2019-05-31,Ecobici,28619
2019-05-31,Metrobús,1503014
2019-06-01,Metro,2329752
2019-06-01,Ecobici,11489
2019-06-01,Metrobús,966655
2019-06-02,Metro,4972492
2019-06-02,Ecobici,11059
2019-06-02,Metrobús,589834
2019-06-03,Metro,4964053
2019-06-03,Ecobici,31488
2019-06-03,Metrobús,1378753
2019-06-04,Metro,4078647
2019-06-04,Ecobici,30536
2019-06-04,Metrobús,1428899
2019-06-05,Metro,4694348
2019-06-05,Ecobici,26861
2019-06-05,Metrobús,1440910
2019-06-06,Metro,4910149
2019-06-06,Ecobici,23789
2019-06-06,Metrobús,1443466
2019-06-07,Metro,3816772
2019-06-07,Ecobici,24482
2019-06-07,Metrobús,1489323
2019-06-08,Metro,4922482
2019-06-08,Ecobici,13506
2019-06-08,Metrobús,948367
2019-06-09,Metro,5227471
2019-06-09,Ecobici,11751
2019-06-09,Metrobús,588756
2019-06-10,Metro,2526359
2019-06-10,Ecobici,30308
2019-06-10,Metrobús,1383718
2019-06-11,Metro,5233189
2019-06-11,Ecobici,32568
2019-06-11,Metrobús,1427648
2019-06-12,Metro,5329653
2019-06-12,Ecobici,32443
2019-06-12,Metrobús,1441612
2019-06-13,Metro,4894133
2019-06-13,Ecobici,27475
2019-06-13,Metrobús,1437770
2019-06-14,Metro,4876363
2019-06-14,Ecobici,28715
2019-06-14,Metrobús,1489259
2019-06-15,Metro,4089393
2019-06-15,Ecobici,13069
2019-06-15,Metrobús,963650
2019-06-16,Metro,2482770
2019-06-16,Ecobici,10260
2019-06-16,Metrobús,573874
2019-06-17,Metro,4582686
2019-06-17,Ecobici,30084
2019-06-17,Metrobús,1365685
2019-06-18,Metro,4693522
2019-06-18,Ecobici,29697
2019-06-18,Metrobús,1416446
2019-06-19,Metro,4777798
2019-06-19,Ecobici,31957
2019-06-19,Metrobús,1409796
2019-06-20,Metro,4813291
2019-06-20,Ecobici,29374
2019-06-20,Metrobús,1393889
2019-06-21,Metro,4907650
2019-06-21,Ecobici,28897
2019-06-21,Metrobús,1441555
2019-06-22,Metro,3936202
2019-06-22,Ecobici,13242
2019-06-22,Metrobús,938873
2019-06-23,Metro,2627097
2019-06-23,Ecobici,9412
2019-06-23,Metrobús,586861
2019-06-24,Metro,4436642
2019-06-24,Ecobici,23368
2019-06-24,Metrobús,1318311
2019-06-25,Metro,4621412
2019-06-25,Ecobici,29307
2019-06-25,Metrobús,1381969
2019-06-26,Metro,4685494
2019-06-26,Ecobici,29703
2019-06-26,Metrobús,1378952
2019-06-27,Metro,4766862
2019-06-27,Ecobici,29106
2019-06-27,Metrobús,1399476
2019-06-28,Metro,4910338
2019-06-28,Ecobici,28125
2019-06-28,Metrobús,1466297
2019-06-29,Metro,4188493
2019-06-29,Ecobici,13585
2019-06-29,Metrobús,920311
2019-06-30,Metro,2613948
2019-06-30,Ecobici,9991
2019-06-30,Metrobús,583523
2019-07-01,Metro,4509028
2019-07-01,Ecobici,27558
2019-07-01,Metrobús,1338552
2019-07-02,Metro,5038744
2019-07-02,Ecobici,27493
2019-07-02,Metrobús,1367492
2019-07-03,Metro,5042307
2019-07-03,Ecobici,30367
2019-07-03,Metrobús,1375358
2019-07-04,Metro,2473791
2019-07-04,Ecobici,27726
2019-07-04,Metrobús,1370998
2019-07-05,Metro,4946759
2019-07-05,Ecobici,28906
2019-07-05,Metrobús,1416979
2019-07-06,Metro,4898638
2019-07-06,Ecobici,11684
2019-07-06,Metrobús,868750
2019-07-07,Metro,2489000
2019-07-07,Ecobici,11191
2019-07-07,Metrobús,562896
2019-07-08,Metro,4951575
2019-07-08,Ecobici,22560
2019-07-08,Metrobús,1290654
2019-07-09,Metro,4094755
2019-07-09,Ecobici,30421
2019-07-09,Metrobús,1350745
2019-07-10,Metro,4888494
2019-07-10,Ecobici,26630
2019-07-10,Metrobús,1334932
2019-07-11,Metro,5192102
2019-07-11,Ecobici,27493
2019-07-11,Metrobús,1326335
2019-07-12,Metro,4355323
2019-07-12,Ecobici,25229
2019-07-12,Metrobús,1403720
2019-07-13,Metro,3779677
2019-07-13,Ecobici,10624
2019-07-13,Metrobús,885533
2019-07-14,Metro,2409027
2019-07-14,Ecobici,10013
2019-07-14,Metrobús,626940
2019-07-15,Metro,4496949
2019-07-15,Ecobici,27900
2019-07-15,Metrobús,1335473
2019-07-16,Metro,4508634
2019-07-16,Ecobici,29171
2019-07-16,Metrobús,1348695
2019-07-17,Metro,4599991
2019-07-17,Ecobici,29799
2019-07-17,Metrobús,1342042
2019-07-18,Metro,4591691
2019-07-18,Ecobici,23926
2019-07-18,Metrobús,1345662
2019-07-19,Metro,4649069
2019-07-19,Ecobici,25203
2019-07-19,Metrobús,1388546
2019-07-20,Metro,3808742
2019-07-20,Ecobici,11730
2019-07-20,Metrobús,915001
2019-07-21,Metro,2579476
2019-07-21,Ecobici,10205
2019-07-21,Metrobús,656519
2019-07-22,Metro,4349624
2019-07-22,Ecobici,28014
2019-07-22,Metrobús,1284371
2019-07-23,Metro,4452043
2019-07-23,Ecobici,26018
2019-07-23,Metrobús,1319576
2019-07-24,Metro,4528958
2019-07-24,Ecobici,28394
2019-07-24,Metrobús,1299241
2019-07-25,Metro,4551421
2019-07-25,Ecobici,18157
2019-07-25,Metrobús,1292703
2019-07-26,Metro,4536943
2019-07-26,Ecobici,19836
2019-07-26,Metrobús,1325366
2019-07-27,Metro,3749803
2019-07-27,Ecobici,11932
2019-07-27,Metrobús,894297
2019-07-28,Metro,2632402
2019-07-28,Ecobici,9831
2019-07-28,Metrobús,549822
2019-07-29,Metro,4458203
2019-07-29,Ecobici,27296
2019-07-29,Metrobús,1299318
2019-07-30,Metro,4679092
2019-07-30,Ecobici,29645
2019-07-30,Metrobús,1351650
2019-07-31,Metro,4762867
2019-07-31,Ecobici,28347
2019-07-31,Metrobús,1397991
2019-08-01,Metro,4594984
2019-08-01,Ecobici,29403
2019-08-01,Metrobús,1414812
2019-08-02,Metro,5020994
2019-08-02,Ecobici,27283
2019-08-02,Metrobús,1437995
2019-08-03,Metro,4996291
2019-08-03,Ecobici,12441
2019-08-03,Metrobús,941933
2019-08-04,Metro,4804305
2019-08-04,Ecobici,10807
2019-08-04,Metrobús,597326
2019-08-05,Metro,4937410
2019-08-05,Ecobici,24010
2019-08-05,Metrobús,1408751
2019-08-06,Metro,4031579
2019-08-06,Ecobici,28920
2019-08-06,Metrobús,1422729
2019-08-07,Metro,4329858
2019-08-07,Ecobici,26941
2019-08-07,Metrobús,1447982
2019-08-08,Metro,5055085
2019-08-08,Ecobici,30294
2019-08-08,Metrobús,1423441
2019-08-09,Metro,2640831
2019-08-09,Ecobici,26661
2019-08-09,Metrobús,1466321
2019-08-10,Metro,5015918
2019-08-10,Ecobici,12884
2019-08-10,Metrobús,932245
2019-08-11,Metro,5324632
2019-08-11,Ecobici,10176
2019-08-11,Metrobús,580749
2019-08-12,Metro,2964656
2019-08-12,Ecobici,27702
2019-08-12,Metrobús,1429628
2019-08-13,Metro,5011997
2019-08-13,Ecobici,30274
2019-08-13,Metrobús,1443657
2019-08-14,Metro,5063241
2019-08-14,Ecobici,30116
2019-08-14,Metrobús,1460367
2019-08-15,Metro,5192760
2019-08-15,Ecobici,30253
2019-08-15,Metrobús,1477426
2019-08-16,Metro,5355854
2019-08-16,Ecobici,29213
2019-08-16,Metrobús,1510454
2019-08-17,Metro,4082163
2019-08-17,Ecobici,12612
2019-08-17,Metrobús,932755
2019-08-18,Metro,2603600
2019-08-18,Ecobici,10913
2019-08-18,Metrobús,581722
2019-08-19,Metro,4877609
2019-08-19,Ecobici,29273
2019-08-19,Metrobús,1416903
2019-08-20,Metro,5086280
2019-08-20,Ecobici,31179
2019-08-20,Metrobús,1460683
2019-08-21,Metro,5104236
2019-08-21,Ecobici,30736
2019-08-21,Metrobús,1476352
2019-08-22,Metro,5073081
2019-08-22,Ecobici,27992
2019-08-22,Metrobús,1449566
2019-08-23,Metro,5243026
2019-08-23,Ecobici,27427
2019-08-23,Metrobús,1505322
2019-08-24,Metro,4098456
2019-08-24,Ecobici,12483
2019-08-24,Metrobús,935937
2019-08-25,Metro,2742439
2019-08-25,Ecobici,11486
2019-08-25,Metrobús,506462
2019-08-26,Metro,4766657
2019-08-26,Ecobici,29776
2019-08-26,Metrobús,1419255
2019-08-27,Metro,4938970
2019-08-27,Ecobici,31613
2019-08-27,Metrobús,1460948
2019-08-28,Metro,5030332
2019-08-28,Ecobici,32072
2019-08-28,Metrobús,1477258
2019-08-29,Metro,5123967
2019-08-29,Ecobici,30901
2019-08-29,Metrobús,1489432
2019-08-30,Metro,5228732
2019-08-30,Ecobici,29389
2019-08-30,Metrobús,1561842
2019-08-31,Metro,4132234
2019-08-31,Ecobici,13475
2019-08-31,Metrobús,959898
2019-09-01,Metro,4778862
2019-09-01,Ecobici,11740
2019-09-01,Metrobús,593239
2019-09-02,Metro,3897526
2019-09-02,Ecobici,30932
2019-09-02,Metrobús,1478836
2019-09-03,Metro,3899628
2019-09-03,Ecobici,31642
2019-09-03,Metrobús,1474753
2019-09-04,Metro,4912776
2019-09-04,Ecobici,31097
2019-09-04,Metrobús,1499981
2019-09-05,Metro,4976356
2019-09-05,Ecobici,30487
2019-09-05,Metrobús,1500093
2019-09-06,Metro,2597397
2019-09-06,Ecobici,29312
2019-09-06,Metrobús,1577375
2019-09-07,Metro,4558079
2019-09-07,Ecobici,12003
2019-09-07,Metrobús,932590
2019-09-08,Metro,5125621
2019-09-08,Ecobici,11231
2019-09-08,Metrobús,595010
2019-09-09,Metro,4865312
2019-09-09,Ecobici,29888
2019-09-09,Metrobús,1477386
2019-09-10,Metro,5089842
2019-09-10,Ecobici,26995
2019-09-10,Metrobús,1505396
2019-09-11,Metro,4249976
2019-09-11,Ecobici,29376
2019-09-11,Metrobús,1517139
2019-09-12,Metro,4901660
2019-09-12,Ecobici,30057
2019-09-12,Metrobús,1521699
2019-09-13,Metro,5256498
2019-09-13,Ecobici,26241
2019-09-13,Metrobús,1556568
2019-09-14,Metro,3908833
2019-09-14,Ecobici,10485
2019-09-14,Metrobús,913226
2019-09-15,Metro,2381093
2019-09-15,Ecobici,8623
2019-09-15,Metrobús,549020
2019-09-16,Metro,2033985
2019-09-16,Ecobici,6515
2019-09-16,Metrobús,421023
2019-09-17,Metro,4746151
2019-09-17,Ecobici,26734
2019-09-17,Metrobús,1476155
2019-09-18,Metro,5096880
2019-09-18,Ecobici,26223
2019-09-18,Metrobús,1523489
2019-09-19,Metro,5108562
2019-09-19,Ecobici,25396
2019-09-19,Metrobús,1472640
2019-09-20,Metro,5218346
2019-09-20,Ecobici,25847
2019-09-20,Metrobús,1591539
2019-09-21,Metro,4051060
2019-09-21,Ecobici,13710
2019-09-21,Metrobús,997492
2019-09-22,Metro,2609222
2019-09-22,Ecobici,11306
2019-09-22,Metrobús,626529
2019-09-23,Metro,4903905
2019-09-23,Ecobici,30147
2019-09-23,Metrobús,1456741
2019-09-24,Metro,5006285
2019-09-24,Ecobici,25458
2019-09-24,Metrobús,1494493
2019-09-25,Metro,5121484
2019-09-25,Ecobici,25227
2019-09-25,Metrobús,1514674
2019-09-26,Metro,5047951
2019-09-26,Ecobici,30442
2019-09-26,Metrobús,1467789
2019-09-27,Metro,5274063
2019-09-27,Ecobici,29391
2019-09-27,Metrobús,1538143
2019-09-28,Metro,4040314
2019-09-28,Ecobici,12823
2019-09-28,Metrobús,947561
2019-09-29,Metro,2414425
2019-09-29,Ecobici,7609
2019-09-29,Metrobús,576459
2019-09-30,Metro,4749030
2019-09-30,Ecobici,26859
2019-09-30,Metrobús,1459384
2019-10-01,Metro,4888115
2019-10-01,Ecobici,27798
2019-10-01,Metrobús,1540026
2019-10-02,Metro,2483144
2019-10-02,Ecobici,30014
2019-10-02,Metrobús,1413184
2019-10-03,Metro,2491869
2019-10-03,Ecobici,29804
2019-10-03,Metrobús,1523202
2019-10-04,Metro,5006140
2019-10-04,Ecobici,28108
2019-10-04,Metrobús,1579541
2019-10-05,Metro,4233203
2019-10-05,Ecobici,13082
2019-10-05,Metrobús,998802
2019-10-06,Metro,4687590
2019-10-06,Ecobici,11008
2019-10-06,Metrobús,615499
2019-10-07,Metro,4641477
2019-10-07,Ecobici,30679
2019-10-07,Metrobús,1400967
2019-10-08,Metro,3982253
2019-10-08,Ecobici,30211
2019-10-08,Metrobús,1486074
2019-10-09,Metro,4989831
2019-10-09,Ecobici,28375
2019-10-09,Metrobús,1497627
2019-10-10,Metro,5144264
2019-10-10,Ecobici,30881
2019-10-10,Metrobús,1475704
2019-10-11,Metro,2682967
2019-10-11,Ecobici,26931
2019-10-11,Metrobús,1574919
2019-10-12,Metro,5181334
2019-10-12,Ecobici,12985
2019-10-12,Metrobús,981332
2019-10-13,Metro,2614892
2019-10-13,Ecobici,11298
2019-10-13,Metrobús,607222
2019-10-14,Metro,4978403
2019-10-14,Ecobici,29825
2019-10-14,Metrobús,1443830
2019-10-15,Metro,5141136
2019-10-15,Ecobici,32135
2019-10-15,Metrobús,1525371
2019-10-16,Metro,5156926
2019-10-16,Ecobici,28765
2019-10-16,Metrobús,1505985
2019-10-17,Metro,4989718
2019-10-17,Ecobici,18588
2019-10-17,Metrobús,1447974
2019-10-18,Metro,5223813
2019-10-18,Ecobici,28072
2019-10-18,Metrobús,1543915
2019-10-19,Metro,4372784
2019-10-19,Ecobici,13668
2019-10-19,Metrobús,1024201
2019-10-20,Metro,2717507
2019-10-20,Ecobici,11079
2019-10-20,Metrobús,666542
2019-10-21,Metro,4966652
2019-10-21,Ecobici,27808
2019-10-21,Metrobús,1458434
2019-10-22,Metro,5022908
2019-10-22,Ecobici,29886
2019-10-22,Metrobús,1508027
2019-10-23,Metro,5061046
2019-10-23,Ecobici,30235
2019-10-23,Metrobús,1485023
2019-10-24,Metro,5194235
2019-10-24,Ecobici,25207
2019-10-24,Metrobús,1493502
2019-10-25,Metro,5320389
2019-10-25,Ecobici,25848
2019-10-25,Metrobús,1584068
2019-10-26,Metro,4344869
2019-10-26,Ecobici,10900
2019-10-26,Metrobús,989277
2019-10-27,Metro,3276626
2019-10-27,Ecobici,8469
2019-10-27,Metrobús,629689
2019-10-28,Metro,5036738
2019-10-28,Ecobici,26777
2019-10-28,Metrobús,1470027
2019-10-29,Metro,5129145
2019-10-29,Ecobici,30436
2019-10-29,Metrobús,1503565
2019-10-30,Metro,5244057
2019-10-30,Ecobici,24817
2019-10-30,Metrobús,1536346
2019-10-31,Metro,5159958
2019-10-31,Ecobici,27397
2019-10-31,Metrobús,1513608
2019-11-01,Metro,5033346
2019-11-01,Ecobici,23146
2019-11-01,Metrobús,1345387
2019-11-02,Metro,4829214
2019-11-02,Ecobici,9338
2019-11-02,Metrobús,755381
2019-11-03,Metro,4709176
2019-11-03,Ecobici,9648
2019-11-03,Metrobús,578586
2019-11-04,Metro,5033632
2019-11-04,Ecobici,28877
2019-11-04,Metrobús,1477011
2019-11-05,Metro,3517318
2019-11-05,Ecobici,26704
2019-11-05,Metrobús,1500889
2019-11-06,Metro,4736071
2019-11-06,Ecobici,30547
2019-11-06,Metrobús,1519734
2019-11-07,Metro,4611053
2019-11-07,Ecobici,30344
2019-11-07,Metrobús,1525279
2019-11-08,Metro,2538184
2019-11-08,Ecobici,29210
2019-11-08,Metrobús,1592181
2019-11-09,Metro,5102129
2019-11-09,Ecobici,16841
2019-11-09,Metrobús,1020277
2019-11-10,Metro,5320391
2019-11-10,Ecobici,11042
2019-11-10,Metrobús,635362
2019-11-11,Metro,4966444
2019-11-11,Ecobici,28369
2019-11-11,Metrobús,1453354
2019-11-12,Metro,5279783
2019-11-12,Ecobici,30552
2019-11-12,Metrobús,1485092
2019-11-13,Metro,5170327
2019-11-13,Ecobici,29855
2019-11-13,Metrobús,1499587
2019-11-14,Metro,5264952
2019-11-14,Ecobici,29448
2019-11-14,Metrobús,1499252
2019-11-15,Metro,5554588
2019-11-15,Ecobici,27682
2019-11-15,Metrobús,1596539
2019-11-16,Metro,4362101
2019-11-16,Ecobici,11809
2019-11-16,Metrobús,1015062
2019-11-17,Metro,2943053
2019-11-17,Ecobici,8871
2019-11-17,Metrobús,679328
2019-11-18,Metro,2909256
2019-11-18,Ecobici,9841
2019-11-18,Metrobús,726154
2019-11-19,Metro,4982515
2019-11-19,Ecobici,28830
2019-11-19,Metrobús,1525211
2019-11-20,Metro,5266197
2019-11-20,Ecobici,30611
2019-11-20,Metrobús,1411559
2019-11-21,Metro,5241606
2019-11-21,Ecobici,29991
2019-11-21,Metrobús,1500407
2019-11-22,Metro,5343277
2019-11-22,Ecobici,28531
2019-11-22,Metrobús,1557410
2019-11-23,Metro,4335169
2019-11-23,Ecobici,11282
2019-11-23,Metrobús,989760
2019-11-24,Metro,2767870
2019-11-24,Ecobici,10780
2019-11-24,Metrobús,606436
2019-11-25,Metro,4934868
2019-11-25,Ecobici,29242
2019-11-25,Metrobús,1422454
2019-11-26,Metro,5141873
2019-11-26,Ecobici,30513
2019-11-26,Metrobús,1476845
2019-11-27,Metro,5252151
2019-11-27,Ecobici,30827
2019-11-27,Metrobús,1494966
2019-11-28,Metro,5234275
2019-11-28,Ecobici,29877
2019-11-28,Metrobús,1509362
2019-11-29,Metro,5325239
2019-11-29,Ecobici,28703
2019-11-29,Metrobús,1572695
2019-11-30,Metro,4388180
2019-11-30,Ecobici,12819
2019-11-30,Metrobús,1005980
2019-12-01,Metro,4097841
2019-12-01,Ecobici,11009
2019-12-01,Metrobús,638939
2019-12-02,Metro,4950354
2019-12-02,Ecobici,28285
2019-12-02,Metrobús,1458228
2019-12-03,Metro,4910324
2019-12-03,Ecobici,30133
2019-12-03,Metrobús,1485100
2019-12-04,Metro,5233273
2019-12-04,Ecobici,29781
2019-12-04,Metrobús,1494259
2019-12-05,Metro,2465994
2019-12-05,Ecobici,29569
2019-12-05,Metrobús,1489015
2019-12-06,Metro,4871296
2019-12-06,Ecobici,27652
2019-12-06,Metrobús,1540052
2019-12-07,Metro,4677062
2019-12-07,Ecobici,12303
2019-12-07,Metrobús,969693
2019-12-08,Metro,4868376
2019-12-08,Ecobici,9689
2019-12-08,Metrobús,634391
2019-12-09,Metro,5148482
2019-12-09,Ecobici,28363
2019-12-09,Metrobús,1401792
2019-12-10,Metro,4144075
2019-12-10,Ecobici,30475
2019-12-10,Metrobús,1439905
2019-12-11,Metro,5132236
2019-12-11,Ecobici,28870
2019-12-11,Metrobús,1373099
2019-12-12,Metro,4800944
2019-12-12,Ecobici,24516
2019-12-12,Metrobús,1176905
2019-12-13,Metro,5114781
2019-12-13,Ecobici,26414
2019-12-13,Metrobús,1480384
2019-12-14,Metro,4307992
2019-12-14,Ecobici,12237
2019-12-14,Metrobús,992321
2019-12-15,Metro,2986680
2019-12-15,Ecobici,9824
2019-12-15,Metrobús,660962
2019-12-16,Metro,4808839
2019-12-16,Ecobici,26827
2019-12-16,Metrobús,1402149
2019-12-17,Metro,4889348
2019-12-17,Ecobici,27396
2019-12-17,Metrobús,1394708
2019-12-18,Metro,4907044
2019-12-18,Ecobici,24757
2019-12-18,Metrobús,1404752
2019-12-19,Metro,4868354
2019-12-19,Ecobici,24655
2019-12-19,Metrobús,1376561
2019-12-20,Metro,5031146
2019-12-20,Ecobici,23007
2019-12-20,Metrobús,1411477
2019-12-21,Metro,4168694
2019-12-21,Ecobici,10540
2019-12-21,Metrobús,921249
2019-12-22,Metro,2980216
2019-12-22,Ecobici,6815
2019-12-22,Metrobús,635934
2019-12-23,Metro,4441816
2019-12-23,Ecobici,17413
2019-12-23,Metrobús,1227221
2019-12-24,Metro,3276939
2019-12-24,Ecobici,10483
2019-12-24,Metrobús,734359
2019-12-25,Metro,1656756
2019-12-25,Ecobici,3480
2019-12-25,Metrobús,348143
2019-12-26,Metro,3666355
2019-12-26,Ecobici,14940
2019-12-26,Metrobús,1025092
2019-12-27,Metro,4044423
2019-12-27,Ecobici,15199
2019-12-27,Metrobús,1096881
2019-12-28,Metro,3539501
2019-12-28,Ecobici,7830
2019-12-28,Metrobús,813006
2019-12-29,Metro,2528293
2019-12-29,Ecobici,7230
2019-12-29,Metrobús,555006
2019-12-30,Metro,3791737
2019-12-30,Ecobici,14664
2019-12-30,Metrobús,1090802
2019-12-31,Metro,2983106
2019-12-31,Ecobici,9749
2019-12-31,Metrobús,688474
2020-01-01,Metro,1599382
2020-01-01,Ecobici,3863
2020-01-01,Metrobús,346090
2020-01-02,Metro,3627561
2020-01-02,Ecobici,16394
2020-01-02,Metrobús,1018040
2020-01-03,Metro,4133833
2020-01-03,Ecobici,17781
2020-01-03,Metrobús,1145285
2020-01-04,Metro,3595068
2020-01-04,Ecobici,9394
2020-01-04,Metrobús,864579
2020-01-05,Metro,2716600
2020-01-05,Ecobici,8796
2020-01-05,Metrobús,605094
2020-01-06,Metro,4113979
2020-01-06,Ecobici,22362
2020-01-06,Metrobús,1170477
2020-01-07,Metro,4436998
2020-01-07,Ecobici,25166
2020-01-07,Metrobús,1275236
2020-01-08,Metro,4568007
2020-01-08,Ecobici,26381
2020-01-08,Metrobús,1338626
2020-01-09,Metro,4628741
2020-01-09,Ecobici,27320
2020-01-09,Metrobús,1346786
2020-01-10,Metro,4729824
2020-01-10,Ecobici,27216
2020-01-10,Metrobús,1425843
2020-01-11,Metro,3772735
2020-01-11,Ecobici,11798
2020-01-11,Metrobús,882562
2020-01-12,Metro,2425784
2020-01-12,Ecobici,10664
2020-01-12,Metrobús,546242
2020-01-13,Metro,4617870
2020-01-13,Ecobici,28557
2020-01-13,Metrobús,1360109
2020-01-14,Metro,4756006
2020-01-14,Ecobici,30636
2020-01-14,Metrobús,1408568
2020-01-15,Metro,4900615
2020-01-15,Ecobici,30131
2020-01-15,Metrobús,1442327
2020-01-16,Metro,4851715
2020-01-16,Ecobici,25635
2020-01-16,Metrobús,1424022
2020-01-17,Metro,4973867
2020-01-17,Ecobici,28221
2020-01-17,Metrobús,1451809
2020-01-18,Metro,3911995
2020-01-18,Ecobici,12223
2020-01-18,Metrobús,899425
2020-01-19,Metro,2465660
2020-01-19,Ecobici,7909
2020-01-19,Metrobús,539327
2020-01-20,Metro,4629041
2020-01-20,Ecobici,25036
2020-01-20,Metrobús,1356510
2020-01-21,Metro,4839148
2020-01-21,Ecobici,28174
2020-01-21,Metrobús,1419280
2020-01-22,Metro,4921316
2020-01-22,Ecobici,28726
2020-01-22,Metrobús,1437714
2020-01-23,Metro,4947822
2020-01-23,Ecobici,28827
2020-01-23,Metrobús,1421384
2020-01-24,Metro,5058567
2020-01-24,Ecobici,27958
2020-01-24,Metrobús,1476355
2020-01-25,Metro,3956633
2020-01-25,Ecobici,12583
2020-01-25,Metrobús,922543
2020-01-26,Metro,2547898
2020-01-26,Ecobici,10628
2020-01-26,Metrobús,560861
2020-01-27,Metro,4773526
2020-01-27,Ecobici,28771
2020-01-27,Metrobús,1419170
2020-01-28,Metro,4965338
2020-01-28,Ecobici,29975
2020-01-28,Metrobús,1425770
2020-01-29,Metro,4938470
2020-01-29,Ecobici,29721
2020-01-29,Metrobús,1432414
2020-01-30,Metro,5034318
2020-01-30,Ecobici,28922
2020-01-30,Metrobús,1450237
2020-01-31,Metro,5270656
2020-01-31,Ecobici,27221
2020-01-31,Metrobús,1465381
2020-02-01,Metro,4018115
2020-02-01,Ecobici,11516
2020-02-01,Metrobús,894895
2020-02-02,Metro,2358227
2020-02-02,Ecobici,8824
2020-02-02,Metrobús,536090
2020-02-03,Metro,2591933
2020-02-03,Ecobici,9182
2020-02-03,Metrobús,621197
2020-02-04,Metro,4860480
2020-02-04,Ecobici,28916
2020-02-04,Metrobús,1445796
2020-02-05,Metro,4971093
2020-02-05,Ecobici,29853
2020-02-05,Metrobús,1416969
2020-02-06,Metro,5079975
2020-02-06,Ecobici,30312
2020-02-06,Metrobús,1442230
2020-02-07,Metro,5144190
2020-02-07,Ecobici,29274
2020-02-07,Metrobús,1523412
2020-02-08,Metro,4010834
2020-02-08,Ecobici,13319
2020-02-08,Metrobús,938366
2020-02-09,Metro,2515752
2020-02-09,Ecobici,11530
2020-02-09,Metrobús,590318
2020-02-10,Metro,4849494
2020-02-10,Ecobici,29320
2020-02-10,Metrobús,1420835
2020-02-11,Metro,5071545
2020-02-11,Ecobici,30697
2020-02-11,Metrobús,1492163
2020-02-12,Metro,5067175
2020-02-12,Ecobici,31101
2020-02-12,Metrobús,1445769
2020-02-13,Metro,5175881
2020-02-13,Ecobici,30332
2020-02-13,Metrobús,1486470
2020-02-14,Metro,5348097
2020-02-14,Ecobici,25562
2020-02-14,Metrobús,1501262
2020-02-15,Metro,4106343
2020-02-15,Ecobici,12413
2020-02-15,Metrobús,956921
2020-02-16,Metro,2553395
2020-02-16,Ecobici,10942
2020-02-16,Metrobús,636670
2020-02-17,Metro,4862688
2020-02-17,Ecobici,28953
2020-02-17,Metrobús,1410991
2020-02-18,Metro,4981705
2020-02-18,Ecobici,31248
2020-02-18,Metrobús,1435881
2020-02-19,Metro,5097322
2020-02-19,Ecobici,31264
2020-02-19,Metrobús,1421983
2020-02-20,Metro,5101078
2020-02-20,Ecobici,31141
2020-02-20,Metrobús,1451791
2020-02-21,Metro,5214055
2020-02-21,Ecobici,29658
2020-02-21,Metrobús,1468204
2020-02-22,Metro,4153337
2020-02-22,Ecobici,14683
2020-02-22,Metrobús,952708
2020-02-23,Metro,2674125
2020-02-23,Ecobici,11277
2020-02-23,Metrobús,604124
2020-02-24,Metro,4880398
2020-02-24,Ecobici,29591
2020-02-24,Metrobús,1404516
2020-02-25,Metro,5006308
2020-02-25,Ecobici,31407
2020-02-25,Metrobús,1419683
2020-02-26,Metro,4989547
2020-02-26,Ecobici,31175
2020-02-26,Metrobús,1442318
2020-02-27,Metro,5053090
2020-02-27,Ecobici,30152
2020-02-27,Metrobús,1440684
2020-02-28,Metro,5290142
2020-02-28,Ecobici,29788
2020-02-28,Metrobús,1509643
2020-02-29,Metro,4042773
2020-02-29,Ecobici,12885
2020-02-29,Metrobús,939993
2020-03-01,Metro,2582410
2020-03-01,Ecobici,11190
2020-03-01,Metrobús,581788
2020-03-02,Metro,4822515
2020-03-02,Ecobici,29508
2020-03-02,Metrobús,1423137
2020-03-03,Metro,5028136
2020-03-03,Ecobici,31692
2020-03-03,Metrobús,1469362
2020-03-04,Metro,5041406
2020-03-04,Ecobici,31505
2020-03-04,Metrobús,1442550
2020-03-05,Metro,4990490
2020-03-05,Ecobici,31301
2020-03-05,Metrobús,1438034
2020-03-06,Metro,5189009
2020-03-06,Ecobici,29031
2020-03-06,Metrobús,1517516
2020-03-07,Metro,4022412
2020-03-07,Ecobici,12782
2020-03-07,Metrobús,936771
2020-03-08,Metro,2595690
2020-03-08,Ecobici,11882
2020-03-08,Metrobús,546596
2020-03-09,Metro,3473236
2020-03-09,Ecobici,22989
2020-03-09,Metrobús,921457
2020-03-10,Metro,4857391
2020-03-10,Ecobici,31189
2020-03-10,Metrobús,1453793
2020-03-11,Metro,4873305
2020-03-11,Ecobici,31622
2020-03-11,Metrobús,1440759
2020-03-12,Metro,4920400
2020-03-12,Ecobici,31006
2020-03-12,Metrobús,1473198
2020-03-13,Metro,5104406
2020-03-13,Ecobici,28072
2020-03-13,Metrobús,1487238
2020-03-14,Metro,3806940
2020-03-14,Ecobici,11196
2020-03-14,Metrobús,905073
2020-03-15,Metro,2301606
2020-03-15,Ecobici,8464
2020-03-15,Metrobús,531277
2020-03-16,Metro,2289198
2020-03-16,Ecobici,8345
2020-03-16,Metrobús,567684
2020-03-17,Metro,4193510
2020-03-17,Ecobici,22172
2020-03-17,Metrobús,1239815
2020-03-18,Metro,4117112
2020-03-18,Ecobici,19518
2020-03-18,Metrobús,1109476
2020-03-19,Metro,3856191
2020-03-19,Ecobici,16817
2020-03-19,Metrobús,1038907
2020-03-20,Metro,3722937
2020-03-20,Ecobici,16251
2020-03-20,Metrobús,1023028
2020-03-21,Metro,2745403
2020-03-21,Ecobici,6509
2020-03-21,Metrobús,595301
2020-03-22,Metro,1586493
2020-03-22,Ecobici,5804
2020-03-22,Metrobús,402793
2020-03-23,Metro,2914399
2020-03-23,Ecobici,11805
2020-03-23,Metrobús,771624
2020-03-24,Metro,2767927
2020-03-24,Ecobici,11396
2020-03-24,Metrobús,669669
2020-03-25,Metro,2635653
2020-03-25,Ecobici,10650
2020-03-25,Metrobús,648121
2020-03-26,Metro,2597940
2020-03-26,Ecobici,9663
2020-03-26,Metrobús,611764
2020-03-27,Metro,2576172
2020-03-27,Ecobici,9579
2020-03-27,Metrobús,627675
2020-03-28,Metro,2126603
2020-03-28,Ecobici,5940
2020-03-28,Metrobús,417666
2020-03-29,Metro,1214497
2020-03-29,Ecobici,4142
2020-03-29,Metrobús,290777
2020-03-30,Metro,2289438
2020-03-30,Ecobici,8107
2020-03-30,Metrobús,570755
2020-03-31,Metro,2289074
2020-03-31,Ecobici,7806
2020-03-31,Metrobús,556128
2020-04-01,Metro,2148767
2020-04-01,Ecobici,7137
2020-04-01,Metrobús,519407
2020-04-02,Metro,1983207
2020-04-02,Ecobici,6355
2020-04-02,Metrobús,476934
2020-04-03,Metro,1956899
2020-04-03,Ecobici,6325
2020-04-03,Metrobús,463353
2020-04-04,Metro,1539894
2020-04-04,Ecobici,4275
2020-04-04,Metrobús,315871
2020-04-05,Metro,915409
2020-04-05,Ecobici,3537
2020-04-05,Metrobús,229503
2020-04-06,Metro,1612978
2020-04-06,Ecobici,5664
2020-04-06,Metrobús,413545
2020-04-07,Metro,1551083
2020-04-07,Ecobici,5833
2020-04-07,Metrobús,397534
2020-04-08,Metro,1579248
2020-04-08,Ecobici,5471
2020-04-08,Metrobús,397116
2020-04-09,Metro,1152302
2020-04-09,Ecobici,3793
2020-04-09,Metrobús,280684
2020-04-10,Metro,848183
2020-04-10,Ecobici,3869
2020-04-10,Metrobús,214136
2020-04-11,Metro,928361
2020-04-11,Ecobici,3699
2020-04-11,Metrobús,216059
2020-04-12,Metro,706818
2020-04-12,Ecobici,3296
2020-04-12,Metrobús,187868
2020-04-13,Metro,1557470
2020-04-13,Ecobici,5710
2020-04-13,Metrobús,413289
2020-04-14,Metro,1539392
2020-04-14,Ecobici,5679
2020-04-14,Metrobús,397053
2020-04-15,Metro,1606960
2020-04-15,Ecobici,5993
2020-04-15,Metrobús,411029
2020-04-16,Metro,1548870
2020-04-16,Ecobici,5510
2020-04-16,Metrobús,386983
2020-04-17,Metro,1559248
2020-04-17,Ecobici,5611
2020-04-17,Metrobús,401528
2020-04-18,Metro,1264838
2020-04-18,Ecobici,3831
2020-04-18,Metrobús,268318
2020-04-19,Metro,802190
2020-04-19,Ecobici,3534
2020-04-19,Metrobús,192432
2020-04-20,Metro,1540357
2020-04-20,Ecobici,5438
2020-04-20,Metrobús,392534
2020-04-21,Metro,1468841
2020-04-21,Ecobici,4984
2020-04-21,Metrobús,356335
2020-04-22,Metro,1466916
2020-04-22,Ecobici,5281
2020-04-22,Metrobús,365767
2020-04-23,Metro,1309362
2020-04-23,Ecobici,5136
2020-04-23,Metrobús,333251
2020-04-24,Metro,1365136
2020-04-24,Ecobici,5011
2020-04-24,Metrobús,345049
2020-04-25,Metro,1125555
2020-04-25,Ecobici,3835
2020-04-25,Metrobús,243442
2020-04-26,Metro,660693
2020-04-26,Ecobici,3597
2020-04-26,Metrobús,174360
2020-04-27,Metro,1325922
2020-04-27,Ecobici,5446
2020-04-27,Metrobús,348075
2020-04-28,Metro,1330261
2020-04-28,Ecobici,5344
2020-04-28,Metrobús,346205
2020-04-29,Metro,1354098
2020-04-29,Ecobici,5160
2020-04-29,Metrobús,357862
2020-04-30,Metro,1390199
2020-04-30,Ecobici,4769
2020-04-30,Metrobús,364474
2020-05-01,Metro,1016235
2020-05-01,Ecobici,3715
2020-05-01,Metrobús,243455
2020-05-02,Metro,1029278
2020-05-02,Ecobici,4227
2020-05-02,Metrobús,241337
2020-05-03,Metro,668466
2020-05-03,Ecobici,3492
2020-05-03,Metrobús,168728
2020-05-04,Metro,1321476
2020-05-04,Ecobici,5362
2020-05-04,Metrobús,361261
2020-05-05,Metro,1238318
2020-05-05,Ecobici,4603
2020-05-05,Metrobús,327424
2020-05-06,Metro,1261606
2020-05-06,Ecobici,4571
2020-05-06,Metrobús,319654
2020-05-07,Metro,1224505
2020-05-07,Ecobici,4588
2020-05-07,Metrobús,311891
2020-05-08,Metro,1284881
2020-05-08,Ecobici,5061
2020-05-08,Metrobús,319210
2020-05-09,Metro,979195
2020-05-09,Ecobici,3672
2020-05-09,Metrobús,230222
2020-05-10,Metro,598363
2020-05-10,Ecobici,3149
2020-05-10,Metrobús,160567
2020-05-11,Metro,1230840
2020-05-11,Ecobici,4727
2020-05-11,Metrobús,317194
2020-05-12,Metro,1226009
2020-05-12,Ecobici,5241
2020-05-12,Metrobús,315385
2020-05-13,Metro,1250046
2020-05-13,Ecobici,5315
2020-05-13,Metrobús,328108
2020-05-14,Metro,1263840
2020-05-14,Ecobici,5337
2020-05-14,Metrobús,333154
2020-05-15,Metro,1354031
2020-05-15,Ecobici,5734
2020-05-15,Metrobús,347877
2020-05-16,Metro,1094305
2020-05-16,Ecobici,4305
2020-05-16,Metrobús,259085
2020-05-17,Metro,683028
2020-05-17,Ecobici,3739
2020-05-17,Metrobús,177861
2020-05-18,Metro,1323503
2020-05-18,Ecobici,5183
2020-05-18,Metrobús,345181
2020-05-19,Metro,1308455
2020-05-19,Ecobici,5591
2020-05-19,Metrobús,341035
2020-05-20,Metro,1317609
2020-05-20,Ecobici,5034
2020-05-20,Metrobús,341897
2020-05-21,Metro,1303481
2020-05-21,Ecobici,5204
2020-05-21,Metrobús,326814
2020-05-22,Metro,1337168
2020-05-22,Ecobici,5394
2020-05-22,Metrobús,351170
2020-05-23,Metro,1130372
2020-05-23,Ecobici,4426
2020-05-23,Metrobús,249708
2020-05-24,Metro,690366
2020-05-24,Ecobici,3947
2020-05-24,Metrobús,174195
2020-05-25,Metro,1363222
2020-05-25,Ecobici,5816
2020-05-25,Metrobús,350359
2020-05-26,Metro,1323978
2020-05-26,Ecobici,5842
2020-05-26,Metrobús,347654
2020-05-27,Metro,1348810
2020-05-27,Ecobici,5642
2020-05-27,Metrobús,343840
2020-05-28,Metro,1354546
2020-05-28,Ecobici,5361
2020-05-28,Metrobús,354700
2020-05-29,Metro,1426477
2020-05-29,Ecobici,6260
2020-05-29,Metrobús,373559
2020-05-30,Metro,1197882
2020-05-30,Ecobici,4713
2020-05-30,Metrobús,270091
2020-05-31,Metro,749478
2020-05-31,Ecobici,3259
2020-05-31,Metrobús,189794
2020-06-01,Metro,1540319
2020-06-01,Ecobici,6129
2020-06-01,Metrobús,404986
2020-06-02,Metro,1482360
2020-06-02,Ecobici,6418
2020-06-02,Metrobús,382888
2020-06-03,Metro,1501565
2020-06-03,Ecobici,6267
2020-06-03,Metrobús,392963
2020-06-04,Metro,1481271
2020-06-04,Ecobici,6279
2020-06-04,Metrobús,373806
2020-06-05,Metro,1540376
2020-06-05,Ecobici,6728
2020-06-05,Metrobús,385138
2020-06-06,Metro,1268537
2020-06-06,Ecobici,5153
2020-06-06,Metrobús,283361
2020-06-07,Metro,763270
2020-06-07,Ecobici,3962
2020-06-07,Metrobús,195984
2020-06-08,Metro,1539577
2020-06-08,Ecobici,5482
2020-06-08,Metrobús,386684
2020-06-09,Metro,1530600
2020-06-09,Ecobici,6093
2020-06-09,Metrobús,393095
2020-06-10,Metro,1549191
2020-06-10,Ecobici,6551
2020-06-10,Metrobús,400333
2020-06-11,Metro,1528011
2020-06-11,Ecobici,6228
2020-06-11,Metrobús,391203
2020-06-12,Metro,1625207
2020-06-12,Ecobici,6763
2020-06-12,Metrobús,408454
2020-06-13,Metro,1344830
2020-06-13,Ecobici,5408
2020-06-13,Metrobús,302038
2020-06-14,Metro,799174
2020-06-14,Ecobici,4576
2020-06-14,Metrobús,222019
2020-06-15,Metro,1685102
2020-06-15,Ecobici,6693
2020-06-15,Metrobús,455544
2020-06-16,Metro,1684937
2020-06-16,Ecobici,6965
2020-06-16,Metrobús,442533
2020-06-17,Metro,1686528
2020-06-17,Ecobici,6874
2020-06-17,Metrobús,452912
2020-06-18,Metro,1694469
2020-06-18,Ecobici,7019
2020-06-18,Metrobús,435911
2020-06-19,Metro,1713905
2020-06-19,Ecobici,6889
2020-06-19,Metrobús,453528
2020-06-20,Metro,1440892
2020-06-20,Ecobici,4661
2020-06-20,Metrobús,330984
2020-06-21,Metro,832468
2020-06-21,Ecobici,4205
2020-06-21,Metrobús,224780
2020-06-22,Metro,1570297
2020-06-22,Ecobici,4896
2020-06-22,Metrobús,426180
2020-06-23,Metro,1631634
2020-06-23,Ecobici,5636
2020-06-23,Metrobús,428588
2020-06-24,Metro,1718103
2020-06-24,Ecobici,6342
2020-06-24,Metrobús,452536
2020-06-25,Metro,1702514
2020-06-25,Ecobici,6121
2020-06-25,Metrobús,451478
2020-06-26,Metro,1775614
2020-06-26,Ecobici,7297
2020-06-26,Metrobús,456231
2020-06-27,Metro,1505867
2020-06-27,Ecobici,5728
2020-06-27,Metrobús,335780
2020-06-28,Metro,944916
2020-06-28,Ecobici,4757
2020-06-28,Metrobús,226471
2020-06-29,Metro,1813853
2020-06-29,Ecobici,6137
2020-06-29,Metrobús,484134
2020-06-30,Metro,1885568
2020-06-30,Ecobici,7469
2020-06-30,Metrobús,502104
2020-07-01,Metro,1990778
2020-07-01,Ecobici,7362
2020-07-01,Metrobús,516165
2020-07-02,Metro,1974820
2020-07-02,Ecobici,7992
2020-07-02,Metrobús,512434
2020-07-03,Metro,2053692
2020-07-03,Ecobici,7376
2020-07-03,Metrobús,525241
2020-07-04,Metro,1684116
2020-07-04,Ecobici,5717
2020-07-04,Metrobús,388095
2020-07-05,Metro,998383
2020-07-05,Ecobici,4240
2020-07-05,Metrobús,235502
2020-07-06,Metro,1910583
2020-07-06,Ecobici,7303
2020-07-06,Metrobús,493596
2020-07-07,Metro,1961417
2020-07-07,Ecobici,7403
2020-07-07,Metrobús,492190
2020-07-08,Metro,2007459
2020-07-08,Ecobici,7726
2020-07-08,Metrobús,506335
2020-07-09,Metro,1994453
2020-07-09,Ecobici,6926
2020-07-09,Metrobús,501043
2020-07-10,Metro,2062925
2020-07-10,Ecobici,8524
2020-07-10,Metrobús,521995
2020-07-11,Metro,1721827
2020-07-11,Ecobici,6675
2020-07-11,Metrobús,381706
2020-07-12,Metro,1045319
2020-07-12,Ecobici,4977
2020-07-12,Metrobús,241689
2020-07-13,Metro,1975425
2020-07-13,Ecobici,8129
2020-07-13,Metrobús,517710
2020-07-14,Metro,2021511
2020-07-14,Ecobici,8402
2020-07-14,Metrobús,516563
2020-07-15,Metro,2143064
2020-07-15,Ecobici,9008
2020-07-15,Metrobús,536476
2020-07-16,Metro,2110054
2020-07-16,Ecobici,9023
2020-07-16,Metrobús,535620
2020-07-17,Metro,2143200
2020-07-17,Ecobici,9009
2020-07-17,Metrobús,550513
2020-07-18,Metro,1809429
2020-07-18,Ecobici,6653
2020-07-18,Metrobús,413480
2020-07-19,Metro,1060856
2020-07-19,Ecobici,5954
2020-07-19,Metrobús,258952
2020-07-20,Metro,2057675
2020-07-20,Ecobici,8662
2020-07-20,Metrobús,531200
2020-07-21,Metro,2055717
2020-07-21,Ecobici,9229
2020-07-21,Metrobús,531311
2020-07-22,Metro,2145144
2020-07-22,Ecobici,9419
2020-07-22,Metrobús,527077
2020-07-23,Metro,2092896
2020-07-23,Ecobici,9435
2020-07-23,Metrobús,532832
2020-07-24,Metro,2161245
2020-07-24,Ecobici,9717
2020-07-24,Metrobús,559113
2020-07-25,Metro,1803471
2020-07-25,Ecobici,6708
2020-07-25,Metrobús,410787
2020-07-26,Metro,1083665
2020-07-26,Ecobici,4979
2020-07-26,Metrobús,251835
2020-07-27,Metro,2058332
2020-07-27,Ecobici,9327
2020-07-27,Metrobús,533036
2020-07-28,Metro,2105052
2020-07-28,Ecobici,9868
2020-07-28,Metrobús,534413
2020-07-29,Metro,2122808
2020-07-29,Ecobici,9297
2020-07-29,Metrobús,535676
2020-07-30,Metro,2149285
2020-07-30,Ecobici,9144
2020-07-30,Metrobús,548819
2020-07-31,Metro,2251920
2020-07-31,Ecobici,8626
2020-07-31,Metrobús,574754
2020-08-01,Metro,1935000
2020-08-01,Ecobici,7144
2020-08-01,Metrobús,445375
2020-08-02,Metro,1169365
2020-08-02,Ecobici,5525
2020-08-02,Metrobús,272964
2020-08-03,Metro,2217189
2020-08-03,Ecobici,9247
2020-08-03,Metrobús,582802
2020-08-04,Metro,2202701
2020-08-04,Ecobici,9216
2020-08-04,Metrobús,583079
2020-08-05,Metro,2284112
2020-08-05,Ecobici,10429
2020-08-05,Metrobús,593315
2020-08-06,Metro,2241644
2020-08-06,Ecobici,10068
2020-08-06,Metrobús,574508
2020-08-07,Metro,2326194
2020-08-07,Ecobici,10372
2020-08-07,Metrobús,606740
2020-08-08,Metro,1917379
2020-08-08,Ecobici,7090
2020-08-08,Metrobús,435468
2020-08-09,Metro,1174517
2020-08-09,Ecobici,5438
2020-08-09,Metrobús,273101
2020-08-10,Metro,2224671
2020-08-10,Ecobici,8699
2020-08-10,Metrobús,586087
2020-08-11,Metro,2226430
2020-08-11,Ecobici,9735
2020-08-11,Metrobús,586685
2020-08-12,Metro,2266325
2020-08-12,Ecobici,10061
2020-08-12,Metrobús,586864
2020-08-13,Metro,2339396
2020-08-13,Ecobici,10211
2020-08-13,Metrobús,600348
2020-08-14,Metro,2417606
2020-08-14,Ecobici,9120
2020-08-14,Metrobús,629179
2020-08-15,Metro,2097974
2020-08-15,Ecobici,7160
2020-08-15,Metrobús,463669
2020-08-16,Metro,1299522
2020-08-16,Ecobici,6106
2020-08-16,Metrobús,309780
2020-08-17,Metro,2318979
2020-08-17,Ecobici,8545
2020-08-17,Metrobús,605217
2020-08-18,Metro,2341362
2020-08-18,Ecobici,9592
2020-08-18,Metrobús,613717
2020-08-19,Metro,2409860
2020-08-19,Ecobici,10110
2020-08-19,Metrobús,619653
2020-08-20,Metro,2350099
2020-08-20,Ecobici,8979
2020-08-20,Metrobús,619517
2020-08-21,Metro,2444108
2020-08-21,Ecobici,10830
2020-08-21,Metrobús,641990
2020-08-22,Metro,2082241
2020-08-22,Ecobici,8125
2020-08-22,Metrobús,489460
2020-08-23,Metro,1289008
2020-08-23,Ecobici,6229
2020-08-23,Metrobús,297319
2020-08-24,Metro,2261258
2020-08-24,Ecobici,8029
2020-08-24,Metrobús,592671
2020-08-25,Metro,2287660
2020-08-25,Ecobici,9846
2020-08-25,Metrobús,595866
2020-08-26,Metro,2357944
2020-08-26,Ecobici,10024
2020-08-26,Metrobús,620419
2020-08-27,Metro,2339275
2020-08-27,Ecobici,9344
2020-08-27,Metrobús,613473
2020-08-28,Metro,2425500
2020-08-28,Ecobici,9369
2020-08-28,Metrobús,654508
2020-08-29,Metro,2132156
2020-08-29,Ecobici,7148
2020-08-29,Metrobús,493808
2020-08-30,Metro,1296591
2020-08-30,Ecobici,6432
2020-08-30,Metrobús,308714
2020-08-31,Metro,2339945
2020-08-31,Ecobici,8712
2020-08-31,Metrobús,640229
2020-09-01,Metro,2422511
2020-09-01,Ecobici,10454
2020-09-01,Metrobús,647680
2020-09-02,Metro,2454969
2020-09-02,Ecobici,10737
2020-09-02,Metrobús,656995
2020-09-03,Metro,2467523
2020-09-03,Ecobici,10462
2020-09-03,Metrobús,638569
2020-09-04,Metro,2493632
2020-09-04,Ecobici,10358
2020-09-04,Metrobús,667249
2020-09-05,Metro,2140104
2020-09-05,Ecobici,6810
2020-09-05,Metrobús,487333
2020-09-06,Metro,1240041
2020-09-06,Ecobici,5945
2020-09-06,Metrobús,313981
2020-09-07,Metro,2392826
2020-09-07,Ecobici,9442
2020-09-07,Metrobús,677575
2020-09-08,Metro,2403336
2020-09-08,Ecobici,10074
2020-09-08,Metrobús,678892
2020-09-09,Metro,2478378
2020-09-09,Ecobici,10985
2020-09-09,Metrobús,694914
2020-09-10,Metro,2414065
2020-09-10,Ecobici,9375
2020-09-10,Metrobús,683176
2020-09-11,Metro,2514936
2020-09-11,Ecobici,11097
2020-09-11,Metrobús,724734
2020-09-12,Metro,2137385
2020-09-12,Ecobici,6842
2020-09-12,Metrobús,549969
2020-09-13,Metro,1307174
2020-09-13,Ecobici,6332
2020-09-13,Metrobús,357701
2020-09-14,Metro,2418300
2020-09-14,Ecobici,10393
2020-09-14,Metrobús,721969
2020-09-15,Metro,2166956
2020-09-15,Ecobici,9272
2020-09-15,Metrobús,599115
2020-09-16,Metro,1058304
2020-09-16,Ecobici,5120
2020-09-16,Metrobús,289437
2020-09-17,Metro,2337841
2020-09-17,Ecobici,10785
2020-09-17,Metrobús,714073
2020-09-18,Metro,2490345
2020-09-18,Ecobici,7391
2020-09-18,Metrobús,725997
2020-09-19,Metro,2102442
2020-09-19,Ecobici,7304
2020-09-19,Metrobús,507360
2020-09-20,Metro,1339100
2020-09-20,Ecobici,5580
2020-09-20,Metrobús,336106
2020-09-21,Metro,2442866
2020-09-21,Ecobici,9863
2020-09-21,Metrobús,663192
2020-09-22,Metro,2435976
2020-09-22,Ecobici,11589
2020-09-22,Metrobús,677263
2020-09-23,Metro,2532569
2020-09-23,Ecobici,11617
2020-09-23,Metrobús,687713
2020-09-24,Metro,2502542
2020-09-24,Ecobici,11286
2020-09-24,Metrobús,696873
2020-09-25,Metro,2564096
2020-09-25,Ecobici,11268
2020-09-25,Metrobús,724052
2020-09-26,Metro,2242346
2020-09-26,Ecobici,8488
2020-09-26,Metrobús,550067
2020-09-27,Metro,1321687
2020-09-27,Ecobici,6575
2020-09-27,Metrobús,347518
2020-09-28,Metro,2447955
2020-09-28,Ecobici,11412
2020-09-28,Metrobús,688909
2020-09-29,Metro,2445998
2020-09-29,Ecobici,10133
2020-09-29,Metrobús,697081
2020-09-30,Metro,2503009
2020-09-30,Ecobici,12035
2020-09-30,Metrobús,741502
2020-10-01,Metro,2626702
2020-10-01,Ecobici,11717
2020-10-01,Metrobús,734998
2020-10-02,Metro,2624023
2020-10-02,Ecobici,11631
2020-10-02,Metrobús,761970
2020-10-03,Metro,2348231
2020-10-03,Ecobici,8675
2020-10-03,Metrobús,584148
2020-10-04,Metro,1427802
2020-10-04,Ecobici,6842
2020-10-04,Metrobús,384993
2020-10-05,Metro,2508295
2020-10-05,Ecobici,11186
2020-10-05,Metrobús,734697
2020-10-06,Metro,2538507
2020-10-06,Ecobici,11649
2020-10-06,Metrobús,735753
2020-10-07,Metro,2568782
2020-10-07,Ecobici,11587
2020-10-07,Metrobús,745899
2020-10-08,Metro,2534918
2020-10-08,Ecobici,11998
2020-10-08,Metrobús,743916
2020-10-09,Metro,2650602
2020-10-09,Ecobici,10818
2020-10-09,Metrobús,780320
2020-10-10,Metro,2341297
2020-10-10,Ecobici,8830
2020-10-10,Metrobús,598201
2020-10-11,Metro,1368268
2020-10-11,Ecobici,7124
2020-10-11,Metrobús,379143
2020-10-12,Metro,2494645
2020-10-12,Ecobici,10734
2020-10-12,Metrobús,718636
2020-10-13,Metro,2490966
2020-10-13,Ecobici,10716
2020-10-13,Metrobús,737153
2020-10-14,Metro,2599581
2020-10-14,Ecobici,11482
2020-10-14,Metrobús,759245
2020-10-15,Metro,2611419
2020-10-15,Ecobici,12351
2020-10-15,Metrobús,773662
2020-10-16,Metro,2743987
2020-10-16,Ecobici,11937
2020-10-16,Metrobús,804911
2020-10-17,Metro,2404152
2020-10-17,Ecobici,8801
2020-10-17,Metrobús,638412
2020-10-18,Metro,1457014
2020-10-18,Ecobici,5735
2020-10-18,Metrobús,386066
2020-10-19,Metro,2548293
2020-10-19,Ecobici,11163
2020-10-19,Metrobús,753737
2020-10-20,Metro,2576721
2020-10-20,Ecobici,12027
2020-10-20,Metrobús,757487
2020-10-21,Metro,2606782
2020-10-21,Ecobici,11826
2020-10-21,Metrobús,749415
2020-10-22,Metro,2631853
2020-10-22,Ecobici,12012
2020-10-22,Metrobús,744140
2020-10-23,Metro,2728513
2020-10-23,Ecobici,12107
2020-10-23,Metrobús,783000
2020-10-24,Metro,2388639
2020-10-24,Ecobici,8389
2020-10-24,Metrobús,606306
2020-10-25,Metro,1449057
2020-10-25,Ecobici,6948
2020-10-25,Metrobús,380266
2020-10-26,Metro,2570599
2020-10-26,Ecobici,11161
2020-10-26,Metrobús,728592
2020-10-27,Metro,2605591
2020-10-27,Ecobici,12070
2020-10-27,Metrobús,729395
2020-10-28,Metro,2625757
2020-10-28,Ecobici,12025
2020-10-28,Metrobús,746445
2020-10-29,Metro,2639143
2020-10-29,Ecobici,12013
2020-10-29,Metrobús,751011
2020-10-30,Metro,2756111
2020-10-30,Ecobici,12155
2020-10-30,Metrobús,812307
2020-10-31,Metro,2405882
2020-10-31,Ecobici,7876
2020-10-31,Metrobús,604892
2020-11-01,Metro,1356226
2020-11-01,Ecobici,6070
2020-11-01,Metrobús,375601
2020-11-02,Metro,1778689
2020-11-02,Ecobici,7806
2020-11-02,Metrobús,514162
2020-11-03,Metro,2531165
2020-11-03,Ecobici,11047
2020-11-03,Metrobús,754697
2020-11-04,Metro,2637512
2020-11-04,Ecobici,11189
2020-11-04,Metrobús,771035
2020-11-05,Metro,2615313
2020-11-05,Ecobici,11267
2020-11-05,Metrobús,771723
2020-11-06,Metro,2726635
2020-11-06,Ecobici,11534
2020-11-06,Metrobús,796019
2020-11-07,Metro,2394750
2020-11-07,Ecobici,8182
2020-11-07,Metrobús,612851
2020-11-08,Metro,1424774
2020-11-08,Ecobici,6577
2020-11-08,Metrobús,383894
2020-11-09,Metro,2551200
2020-11-09,Ecobici,11145
2020-11-09,Metrobús,765924
2020-11-10,Metro,2607974
2020-11-10,Ecobici,12091
2020-11-10,Metrobús,768453
2020-11-11,Metro,2663275
2020-11-11,Ecobici,12130
2020-11-11,Metrobús,765114
2020-11-12,Metro,2696215
2020-11-12,Ecobici,12037
2020-11-12,Metrobús,782361
2020-11-13,Metro,2826937
2020-11-13,Ecobici,12032
2020-11-13,Metrobús,831387
2020-11-14,Metro,2519468
2020-11-14,Ecobici,8029
2020-11-14,Metrobús,658496
2020-11-15,Metro,1529801
2020-11-15,Ecobici,6024
2020-11-15,Metrobús,398605
2020-11-16,Metro,1753403
2020-11-16,Ecobici,6599
2020-11-16,Metrobús,486031
2020-11-17,Metro,2608449
2020-11-17,Ecobici,10955
2020-11-17,Metrobús,772814
2020-11-18,Metro,2664189
2020-11-18,Ecobici,10639
2020-11-18,Metrobús,773718
2020-11-19,Metro,2671747
2020-11-19,Ecobici,11337
2020-11-19,Metrobús,779607
2020-11-20,Metro,2759223
2020-11-20,Ecobici,10475
2020-11-20,Metrobús,812935
2020-11-21,Metro,2370698
2020-11-21,Ecobici,7821
2020-11-21,Metrobús,605316
2020-11-22,Metro,1467951
2020-11-22,Ecobici,6504
2020-11-22,Metrobús,390638
2020-11-23,Metro,2623187
2020-11-23,Ecobici,9966
2020-11-23,Metrobús,752035
2020-11-24,Metro,2605376
2020-11-24,Ecobici,11385
2020-11-24,Metrobús,755539
2020-11-25,Metro,2671888
2020-11-25,Ecobici,11284
2020-11-25,Metrobús,751182
2020-11-26,Metro,2662032
2020-11-26,Ecobici,11400
2020-11-26,Metrobús,754277
2020-11-27,Metro,2752685
2020-11-27,Ecobici,11707
2020-11-27,Metrobús,800759
2020-11-28,Metro,2498122
2020-11-28,Ecobici,8134
2020-11-28,Metrobús,625549
2020-11-29,Metro,1484692
2020-11-29,Ecobici,6410
2020-11-29,Metrobús,396085
2020-11-30,Metro,2635977
2020-11-30,Ecobici,10247
2020-11-30,Metrobús,770221
2020-12-01,Metro,2706208
2020-12-01,Ecobici,11479
2020-12-01,Metrobús,779327
2020-12-02,Metro,2768892
2020-12-02,Ecobici,11531
2020-12-02,Metrobús,772266
2020-12-03,Metro,2725037
2020-12-03,Ecobici,11358
2020-12-03,Metrobús,785280
2020-12-04,Metro,2776553
2020-12-04,Ecobici,10853
2020-12-04,Metrobús,824443
2020-12-05,Metro,2523252
2020-12-05,Ecobici,7851
2020-12-05,Metrobús,622987
2020-12-06,Metro,1550669
2020-12-06,Ecobici,6353
2020-12-06,Metrobús,406362
2020-12-07,Metro,2603862
2020-12-07,Ecobici,9862
2020-12-07,Metrobús,736782
2020-12-08,Metro,2589855
2020-12-08,Ecobici,10864
2020-12-08,Metrobús,755866
2020-12-09,Metro,2695696
2020-12-09,Ecobici,11031
2020-12-09,Metrobús,768478
2020-12-10,Metro,2694973
2020-12-10,Ecobici,11146
2020-12-10,Metrobús,742703
2020-12-11,Metro,2749295
2020-12-11,Ecobici,10607
2020-12-11,Metrobús,739017
2020-12-12,Metro,2403030
2020-12-12,Ecobici,8248
2020-12-12,Metrobús,545892
2020-12-13,Metro,1512094
2020-12-13,Ecobici,6447
2020-12-13,Metrobús,367443
2020-12-14,Metro,2571364
2020-12-14,Ecobici,10247
2020-12-14,Metrobús,755980
2020-12-15,Metro,2586905
2020-12-15,Ecobici,10855
2020-12-15,Metrobús,782548
2020-12-16,Metro,2703553
2020-12-16,Ecobici,10973
2020-12-16,Metrobús,766639
2020-12-17,Metro,2682760
2020-12-17,Ecobici,10479
2020-12-17,Metrobús,763930
2020-12-18,Metro,2754722
2020-12-18,Ecobici,10933
2020-12-18,Metrobús,819710
2020-12-19,Metro,2240298
2020-12-19,Ecobici,6217
2020-12-19,Metrobús,532276
2020-12-20,Metro,1374261
2020-12-20,Ecobici,4772
2020-12-20,Metrobús,361643
2020-12-21,Metro,2328186
2020-12-21,Ecobici,7521
2020-12-21,Metrobús,657221
2020-12-22,Metro,2301417
2020-12-22,Ecobici,8048
2020-12-22,Metrobús,627693
2020-12-23,Metro,2375632
2020-12-23,Ecobici,8057
2020-12-23,Metrobús,649574
2020-12-24,Metro,1825588
2020-12-24,Ecobici,5316
2020-12-24,Metrobús,442965
2020-12-25,Metro,761644
2020-12-25,Ecobici,2522
2020-12-25,Metrobús,195276
2020-12-26,Metro,1419547
2020-12-26,Ecobici,4376
2020-12-26,Metrobús,382534
2020-12-27,Metro,1131109
2020-12-27,Ecobici,4037
2020-12-27,Metrobús,285971
2020-12-28,Metro,2024045
2020-12-28,Ecobici,6472
2020-12-28,Metrobús,569909
2020-12-29,Metro,2002914
2020-12-29,Ecobici,6558
2020-12-29,Metrobús,567772
2020-12-30,Metro,2093548
2020-12-30,Ecobici,6823
2020-12-30,Metrobús,588273
2020-12-31,Metro,1663854
2020-12-31,Ecobici,5125
2020-12-31,Metrobús,419523
2021-01-01,Metro,723937
2021-01-01,Ecobici,2765
2021-01-01,Metrobús,184330
2021-01-02,Metro,1365016
2021-01-02,Ecobici,4604
2021-01-02,Metrobús,383335
2021-01-03,Metro,1175547
2021-01-03,Ecobici,4497
2021-01-03,Metrobús,300487
2021-01-04,Metro,2174685
2021-01-04,Ecobici,7265
2021-01-04,Metrobús,630115
2021-01-05,Metro,2232672
2021-01-05,Ecobici,7964
2021-01-05,Metrobús,642135
2021-01-06,Metro,1957117
2021-01-06,Ecobici,7406
2021-01-06,Metrobús,570440
2021-01-07,Metro,1967338
2021-01-07,Ecobici,7728
2021-01-07,Metrobús,580001
2021-01-08,Metro,2044443
2021-01-08,Ecobici,7981
2021-01-08,Metrobús,628854
2021-01-09,Metro,940652
2021-01-09,Ecobici,6360
2021-01-09,Metrobús,708560
2021-01-10,Metro,524758
2021-01-10,Ecobici,5340
2021-01-10,Metrobús,448858
2021-01-11,Metro,1055126
2021-01-11,Ecobici,8195
2021-01-11,Metrobús,956678
2021-01-12,Metro,1224639
2021-01-12,Ecobici,8808
2021-01-12,Metrobús,872887
2021-01-13,Metro,1242422
2021-01-13,Ecobici,8902
2021-01-13,Metrobús,863443
2021-01-14,Metro,1272387
2021-01-14,Ecobici,9165
2021-01-14,Metrobús,866998
2021-01-15,Metro,1316278
2021-01-15,Ecobici,9596
2021-01-15,Metrobús,924995
2021-01-16,Metro,1159839
2021-01-16,Ecobici,6674
2021-01-16,Metrobús,684991
2021-01-17,Metro,632192
2021-01-17,Ecobici,5209
2021-01-17,Metrobús,422090
2021-01-18,Metro,1264719
2021-01-18,Ecobici,9890
2021-01-18,Metrobús,908809
2021-01-19,Metro,1292800
2021-01-19,Ecobici,10077
2021-01-19,Metrobús,891662
2021-01-20,Metro,1299588
2021-01-20,Ecobici,10215
2021-01-20,Metrobús,894964
2021-01-21,Metro,1303606
2021-01-21,Ecobici,10402
2021-01-21,Metrobús,879777
2021-01-22,Metro,1359689
2021-01-22,Ecobici,10723
2021-01-22,Metrobús,912977
2021-01-23,Metro,1132877
2021-01-23,Ecobici,8368
2021-01-23,Metrobús,672446
2021-01-24,Metro,636673
2021-01-24,Ecobici,6846
2021-01-24,Metrobús,413665
2021-01-25,Metro,1481861
2021-01-25,Ecobici,10269
2021-01-25,Metrobús,852273
2021-01-26,Metro,1508751
2021-01-26,Ecobici,11051
2021-01-26,Metrobús,841745
2021-01-27,Metro,1503509
2021-01-27,Ecobici,10886
2021-01-27,Metrobús,843424
2021-01-28,Metro,1515181
2021-01-28,Ecobici,10963
2021-01-28,Metrobús,841941
2021-01-29,Metro,1569878
2021-01-29,Ecobici,11593
2021-01-29,Metrobús,875142
2021-01-30,Metro,1366301
2021-01-30,Ecobici,8937
2021-01-30,Metrobús,671112
2021-01-31,Metro,789161
2021-01-31,Ecobici,7148
2021-01-31,Metrobús,405818
2021-02-01,Metro,1092202
2021-02-01,Ecobici,7507
2021-02-01,Metrobús,484936
2021-02-02,Metro,1678174
2021-02-02,Ecobici,10894
2021-02-02,Metrobús,783129
2021-02-03,Metro,1720772
2021-02-03,Ecobici,11331
2021-02-03,Metrobús,764222
2021-02-04,Metro,1717226
2021-02-04,Ecobici,11188
2021-02-04,Metrobús,759036
2021-02-05,Metro,1752418
2021-02-05,Ecobici,11697
2021-02-05,Metrobús,764189
2021-02-06,Metro,1536209
2021-02-06,Ecobici,9120
2021-02-06,Metrobús,583115
2021-02-07,Metro,859507
2021-02-07,Ecobici,7165
2021-02-07,Metrobús,359621
2021-02-08,Metro,1819615
2021-02-08,Ecobici,10543
2021-02-08,Metrobús,717353
2021-02-09,Metro,1926239
2021-02-09,Ecobici,11410
2021-02-09,Metrobús,728019
2021-02-10,Metro,1978095
2021-02-10,Ecobici,10242
2021-02-10,Metrobús,756424
2021-02-11,Metro,1958711
2021-02-11,Ecobici,10085
2021-02-11,Metrobús,736724
2021-02-12,Metro,2057572
2021-02-12,Ecobici,11426
2021-02-12,Metrobús,765446
2021-02-13,Metro,1853172
2021-02-13,Ecobici,9038
2021-02-13,Metrobús,590060
2021-02-14,Metro,1119927
2021-02-14,Ecobici,7359
2021-02-14,Metrobús,373116
2021-02-15,Metro,1956844
2021-02-15,Ecobici,10458
2021-02-15,Metrobús,729484
2021-02-16,Metro,2051780
2021-02-16,Ecobici,11861
2021-02-16,Metrobús,744200
2021-02-17,Metro,2044828
2021-02-17,Ecobici,11895
2021-02-17,Metrobús,737643
2021-02-18,Metro,2067006
2021-02-18,Ecobici,11838
2021-02-18,Metrobús,733322
2021-02-19,Metro,2168149
2021-02-19,Ecobici,11746
2021-02-19,Metrobús,789310
2021-02-20,Metro,1879850
2021-02-20,Ecobici,9003
2021-02-20,Metrobús,587097
2021-02-21,Metro,1123031
2021-02-21,Ecobici,7472
2021-02-21,Metrobús,370920
2021-02-22,Metro,2031779
2021-02-22,Ecobici,11059
2021-02-22,Metrobús,733365
2021-02-23,Metro,2137411
2021-02-23,Ecobici,12031
2021-02-23,Metrobús,751921
2021-02-24,Metro,2157407
2021-02-24,Ecobici,12091
2021-02-24,Metrobús,763026
2021-02-25,Metro,2148061
2021-02-25,Ecobici,12370
2021-02-25,Metrobús,758707
2021-02-26,Metro,2263443
2021-02-26,Ecobici,12434
2021-02-26,Metrobús,803700
2021-02-27,Metro,2095662
2021-02-27,Ecobici,9028
2021-02-27,Metrobús,621740
2021-02-28,Metro,1241231
2021-02-28,Ecobici,7471
2021-02-28,Metrobús,394849
2021-03-01,Metro,2277384
2021-03-01,Ecobici,11974
2021-03-01,Metrobús,759127
2021-03-02,Metro,2308620
2021-03-02,Ecobici,12900
2021-03-02,Metrobús,755925
2021-03-03,Metro,2329954
2021-03-03,Ecobici,12773
2021-03-03,Metrobús,783921
2021-03-04,Metro,2299614
2021-03-04,Ecobici,12479
2021-03-04,Metrobús,782072
2021-03-05,Metro,2375371
2021-03-05,Ecobici,12947
2021-03-05,Metrobús,822800
2021-03-06,Metro,2036051
2021-03-06,Ecobici,8478
2021-03-06,Metrobús,611458
2021-03-07,Metro,1237523
2021-03-07,Ecobici,7143
2021-03-07,Metrobús,392419
2021-03-08,Metro,2156433
2021-03-08,Ecobici,11914
2021-03-08,Metrobús,725826
2021-03-09,Metro,2264449
2021-03-09,Ecobici,12776
2021-03-09,Metrobús,776149
2021-03-10,Metro,2320198
2021-03-10,Ecobici,11647
2021-03-10,Metrobús,740160
2021-03-11,Metro,2305139
2021-03-11,Ecobici,12891
2021-03-11,Metrobús,795623
2021-03-12,Metro,2404824
2021-03-12,Ecobici,12655
2021-03-12,Metrobús,840496
2021-03-13,Metro,2094306
2021-03-13,Ecobici,8847
2021-03-13,Metrobús,658369
2021-03-14,Metro,1260284
2021-03-14,Ecobici,7825
2021-03-14,Metrobús,399352
2021-03-15,Metro,1476790
2021-03-15,Ecobici,7877
2021-03-15,Metrobús,481715
2021-03-16,Metro,2289040
2021-03-16,Ecobici,12836
2021-03-16,Metrobús,812818
2021-03-17,Metro,2363406
2021-03-17,Ecobici,12790
2021-03-17,Metrobús,814277
2021-03-18,Metro,2347561
2021-03-18,Ecobici,11860
2021-03-18,Metrobús,777671
2021-03-19,Metro,2390207
2021-03-19,Ecobici,12950
2021-03-19,Metrobús,841638
2021-03-20,Metro,2099161
2021-03-20,Ecobici,9035
2021-03-20,Metrobús,634687
2021-03-21,Metro,1297219
2021-03-21,Ecobici,8593
2021-03-21,Metrobús,410132
2021-03-22,Metro,2245868
2021-03-22,Ecobici,12179
2021-03-22,Metrobús,784519
2021-03-23,Metro,2251847
2021-03-23,Ecobici,13278
2021-03-23,Metrobús,806862
2021-03-24,Metro,2322797
2021-03-24,Ecobici,13157
2021-03-24,Metrobús,798662
2021-03-25,Metro,2303803
2021-03-25,Ecobici,13522
2021-03-25,Metrobús,807331
2021-03-26,Metro,2354005
2021-03-26,Ecobici,13360
2021-03-26,Metrobús,845132
2021-03-27,Metro,2096240
2021-03-27,Ecobici,9229
2021-03-27,Metrobús,664071
2021-03-28,Metro,1282449
2021-03-28,Ecobici,8359
2021-03-28,Metrobús,412952
2021-03-29,Metro,2162529
2021-03-29,Ecobici,11650
2021-03-29,Metrobús,788828
2021-03-30,Metro,2215360
2021-03-30,Ecobici,12275
2021-03-30,Metrobús,828998
2021-03-31,Metro,2281347
2021-03-31,Ecobici,12286
2021-03-31,Metrobús,843504
2021-04-01,Metro,1748029
2021-04-01,Ecobici,9039
2021-04-01,Metrobús,626861
2021-04-02,Metro,1190096
2021-04-02,Ecobici,7734
2021-04-02,Metrobús,424290
2021-04-03,Metro,1327483
2021-04-03,Ecobici,7757
2021-04-03,Metrobús,483662
2021-04-04,Metro,1065074
2021-04-04,Ecobici,7659
2021-04-04,Metrobús,386878
2021-04-05,Metro,2163961
2021-04-05,Ecobici,11657
2021-04-05,Metrobús,822656
2021-04-06,Metro,2189554
2021-04-06,Ecobici,12274
2021-04-06,Metrobús,815086
2021-04-07,Metro,2185547
2021-04-07,Ecobici,13316
2021-04-07,Metrobús,834511
2021-04-08,Metro,2243440
2021-04-08,Ecobici,12844
2021-04-08,Metrobús,827284
2021-04-09,Metro,2297587
2021-04-09,Ecobici,12274
2021-04-09,Metrobús,845987
2021-04-10,Metro,2060006
2021-04-10,Ecobici,9551
2021-04-10,Metrobús,644105
2021-04-11,Metro,1269396
2021-04-11,Ecobici,8852
2021-04-11,Metrobús,404579
2021-04-12,Metro,2260006
2021-04-12,Ecobici,12227
2021-04-12,Metrobús,788533
2021-04-13,Metro,2292008
2021-04-13,Ecobici,12495
2021-04-13,Metrobús,786017
2021-04-14,Metro,2356257
2021-04-14,Ecobici,13566
2021-04-14,Metrobús,826475
2021-04-15,Metro,2380928
2021-04-15,Ecobici,13605
2021-04-15,Metrobús,838350
2021-04-16,Metro,2459880
2021-04-16,Ecobici,13626
2021-04-16,Metrobús,853453
2021-04-17,Metro,2182059
2021-04-17,Ecobici,9843
2021-04-17,Metrobús,663186
2021-04-18,Metro,1316267
2021-04-18,Ecobici,9021
2021-04-18,Metrobús,422934
2021-04-19,Metro,2317614
2021-04-19,Ecobici,13014
2021-04-19,Metrobús,777055
2021-04-20,Metro,2321137
2021-04-20,Ecobici,14174
2021-04-20,Metrobús,820929
2021-04-21,Metro,2339369
2021-04-21,Ecobici,13724
2021-04-21,Metrobús,799944
2021-04-22,Metro,2398889
2021-04-22,Ecobici,13892
2021-04-22,Metrobús,814413
2021-04-23,Metro,2457774
2021-04-23,Ecobici,13923
2021-04-23,Metrobús,863909
2021-04-24,Metro,2178969
2021-04-24,Ecobici,8963
2021-04-24,Metrobús,651020
2021-04-25,Metro,1335950
2021-04-25,Ecobici,8678
2021-04-25,Metrobús,411224
2021-04-26,Metro,2360935
2021-04-26,Ecobici,13235
2021-04-26,Metrobús,803695
2021-04-27,Metro,2402369
2021-04-27,Ecobici,13131
2021-04-27,Metrobús,837620
2021-04-28,Metro,2445201
2021-04-28,Ecobici,12756
2021-04-28,Metrobús,840238
2021-04-29,Metro,2480260
2021-04-29,Ecobici,13617
2021-04-29,Metrobús,850417
2021-04-30,Metro,2551314
2021-04-30,Ecobici,13695
2021-04-30,Metrobús,907207
2021-05-01,Metro,2047766
2021-05-01,Ecobici,9471
2021-05-01,Metrobús,602878
2021-05-02,Metro,1415048
2021-05-02,Ecobici,8749
2021-05-02,Metrobús,446351
2021-05-03,Metro,2418300
2021-05-03,Ecobici,13709
2021-05-03,Metrobús,833401
2021-05-04,Metro,2211026
2021-05-04,Ecobici,14415
2021-05-04,Metrobús,859732
2021-05-05,Metro,2137463
2021-05-05,Ecobici,10664
2021-05-05,Metrobús,854527
2021-05-06,Metro,2197689
2021-05-06,Ecobici,14412
2021-05-06,Metrobús,900494
2021-05-07,Metro,2328094
2021-05-07,Ecobici,14599
2021-05-07,Metrobús,926841
2021-05-08,Metro,2009287
2021-05-08,Ecobici,9798
2021-05-08,Metrobús,722373
2021-05-09,Metro,1282068
2021-05-09,Ecobici,8203
2021-05-09,Metrobús,446552
2021-05-10,Metro,1953828
2021-05-10,Ecobici,11643
2021-05-10,Metrobús,754540
2021-05-11,Metro,2133165
2021-05-11,Ecobici,13127
2021-05-11,Metrobús,848891
2021-05-12,Metro,2187287
2021-05-12,Ecobici,12446
2021-05-12,Metrobús,882819
2021-05-13,Metro,2143329
2021-05-13,Ecobici,14058
2021-05-13,Metrobús,877524
2021-05-14,Metro,2269159
2021-05-14,Ecobici,13540
2021-05-14,Metrobús,951035
2021-05-15,Metro,1973514
2021-05-15,Ecobici,9252
2021-05-15,Metrobús,723296
2021-05-16,Metro,1257826
2021-05-16,Ecobici,8278
2021-05-16,Metrobús,471390
2021-05-17,Metro,2174177
2021-05-17,Ecobici,12215
2021-05-17,Metrobús,883695
2021-05-18,Metro,2166912
2021-05-18,Ecobici,13050
2021-05-18,Metrobús,890681
2021-05-19,Metro,2214232
2021-05-19,Ecobici,14485
2021-05-19,Metrobús,905548
2021-05-20,Metro,2194367
2021-05-20,Ecobici,14381
2021-05-20,Metrobús,919792
2021-05-21,Metro,2255918
2021-05-21,Ecobici,14311
2021-05-21,Metrobús,934960
2021-05-22,Metro,1982446
2021-05-22,Ecobici,9801
2021-05-22,Metrobús,757983
2021-05-23,Metro,1251847
2021-05-23,Ecobici,8996
2021-05-23,Metrobús,476937
2021-05-24,Metro,2103138
2021-05-24,Ecobici,12313
2021-05-24,Metrobús,867205
2021-05-25,Metro,2189388
2021-05-25,Ecobici,13629
2021-05-25,Metrobús,901752
2021-05-26,Metro,2207414
2021-05-26,Ecobici,14589
2021-05-26,Metrobús,913372
2021-05-27,Metro,2200013
2021-05-27,Ecobici,15019
2021-05-27,Metrobús,914805
2021-05-28,Metro,2272033
2021-05-28,Ecobici,14349
2021-05-28,Metrobús,966349
2021-05-29,Metro,2014784
2021-05-29,Ecobici,9718
2021-05-29,Metrobús,745410
2021-05-30,Metro,1276283
2021-05-30,Ecobici,9182
2021-05-30,Metrobús,497408
2021-05-31,Metro,2222174
2021-05-31,Ecobici,14242
2021-05-31,Metrobús,908075
2021-06-01,Metro,2235253
2021-06-01,Ecobici,14848
2021-06-01,Metrobús,929283
2021-06-02,Metro,2229935
2021-06-02,Ecobici,13200
2021-06-02,Metrobús,917912
2021-06-03,Metro,2276156
2021-06-03,Ecobici,12492
2021-06-03,Metrobús,934699
2021-06-04,Metro,2331153
2021-06-04,Ecobici,12384
2021-06-04,Metrobús,952281
2021-06-05,Metro,2058001
2021-06-05,Ecobici,9734
2021-06-05,Metrobús,758650
2021-06-06,Metro,1270034
2021-06-06,Ecobici,9579
2021-06-06,Metrobús,472440
2021-06-07,Metro,2195478
2021-06-07,Ecobici,14543
2021-06-07,Metrobús,912992
2021-06-08,Metro,2205000
2021-06-08,Ecobici,14577
2021-06-08,Metrobús,932274
2021-06-09,Metro,2298732
2021-06-09,Ecobici,13381
2021-06-09,Metrobús,949767
2021-06-10,Metro,2289987
2021-06-10,Ecobici,14758
2021-06-10,Metrobús,937514
2021-06-11,Metro,2371544
2021-06-11,Ecobici,13772
2021-06-11,Metrobús,1015432
2021-06-12,Metro,2129353
2021-06-12,Ecobici,8654
2021-06-12,Metrobús,737370
2021-06-13,Metro,1314255
2021-06-13,Ecobici,7995
2021-06-13,Metrobús,469612
2021-06-14,Metro,2215434
2021-06-14,Ecobici,13024
2021-06-14,Metrobús,916682
2021-06-15,Metro,2294414
2021-06-15,Ecobici,15548
2021-06-15,Metrobús,972306
2021-06-16,Metro,2396475
2021-06-16,Ecobici,15532
2021-06-16,Metrobús,992410
2021-06-17,Metro,2363747
2021-06-17,Ecobici,14835
2021-06-17,Metrobús,969873
2021-06-18,Metro,2330305
2021-06-18,Ecobici,10668
2021-06-18,Metrobús,1040948
2021-06-19,Metro,2112895
2021-06-19,Ecobici,8991
2021-06-19,Metrobús,801059
2021-06-20,Metro,1299620
2021-06-20,Ecobici,8151
2021-06-20,Metrobús,483970
2021-06-21,Metro,2159555
2021-06-21,Ecobici,12978
2021-06-21,Metrobús,921147
2021-06-22,Metro,2193826
2021-06-22,Ecobici,12738
2021-06-22,Metrobús,948810
2021-06-23,Metro,2278679
2021-06-23,Ecobici,14686
2021-06-23,Metrobús,967984
2021-06-24,Metro,2285226
2021-06-24,Ecobici,13194
2021-06-24,Metrobús,924919
2021-06-25,Metro,2293588
2021-06-25,Ecobici,12728
2021-06-25,Metrobús,1024788
2021-06-26,Metro,2086408
2021-06-26,Ecobici,10108
2021-06-26,Metrobús,748176
2021-06-27,Metro,1291998
2021-06-27,Ecobici,5471
2021-06-27,Metrobús,459980
2021-06-28,Metro,2159916
2021-06-28,Ecobici,13041
2021-06-28,Metrobús,939739
2021-06-29,Metro,2213622
2021-06-29,Ecobici,12483
2021-06-29,Metrobús,959644
2021-06-30,Metro,2230230
2021-06-30,Ecobici,11909
2021-06-30,Metrobús,966632
2021-07-01,Metro,2469983
2021-07-01,Ecobici,13348
2021-07-01,Metrobús,1004331
2021-07-02,Metro,2483047
2021-07-02,Ecobici,10519
2021-07-02,Metrobús,1042415
2021-07-03,Metro,2222941
2021-07-03,Ecobici,8937
2021-07-03,Metrobús,782774
2021-07-04,Metro,1382719
2021-07-04,Ecobici,8343
2021-07-04,Metrobús,475272
2021-07-05,Metro,2387317
2021-07-05,Ecobici,11044
2021-07-05,Metrobús,984010
2021-07-06,Metro,2436287
2021-07-06,Ecobici,14103
2021-07-06,Metrobús,979719
2021-07-07,Metro,2443081
2021-07-07,Ecobici,14140
2021-07-07,Metrobús,979541
2021-07-08,Metro,2470523
2021-07-08,Ecobici,13409
2021-07-08,Metrobús,974553
2021-07-09,Metro,2518707
2021-07-09,Ecobici,14077
2021-07-09,Metrobús,1030977
2021-07-10,Metro,2224912
2021-07-10,Ecobici,8551
2021-07-10,Metrobús,773596
2021-07-11,Metro,1345255
2021-07-11,Ecobici,8608
2021-07-11,Metrobús,469646
2021-07-12,Metro,2428008
2021-07-12,Ecobici,13657
2021-07-12,Metrobús,934144
2021-07-13,Metro,2394222
2021-07-13,Ecobici,11892
2021-07-13,Metrobús,928464
2021-07-14,Metro,2500185
2021-07-14,Ecobici,12622
2021-07-14,Metrobús,973920
2021-07-15,Metro,2477949
2021-07-15,Ecobici,12835
2021-07-15,Metrobús,969851
2021-07-16,Metro,2553103
2021-07-16,Ecobici,13264
2021-07-16,Metrobús,1027682
2021-07-17,Metro,2209668
2021-07-17,Ecobici,9091
2021-07-17,Metrobús,756765
2021-07-18,Metro,1429013
2021-07-18,Ecobici,8194
2021-07-18,Metrobús,471104
2021-07-19,Metro,2370470
2021-07-19,Ecobici,12010
2021-07-19,Metrobús,933854
2021-07-20,Metro,2385005
2021-07-20,Ecobici,12133
2021-07-20,Metrobús,952484
2021-07-21,Metro,2447767
2021-07-21,Ecobici,12415
2021-07-21,Metrobús,959676
2021-07-22,Metro,2415414
2021-07-22,Ecobici,11868
2021-07-22,Metrobús,944482
2021-07-23,Metro,2424920
2021-07-23,Ecobici,12787
2021-07-23,Metrobús,1006700
2021-07-24,Metro,2130890
2021-07-24,Ecobici,8413
2021-07-24,Metrobús,729840
2021-07-25,Metro,1373426
2021-07-25,Ecobici,7664
2021-07-25,Metrobús,451096
2021-07-26,Metro,2306489
2021-07-26,Ecobici,10563
2021-07-26,Metrobús,900105
2021-07-27,Metro,2336324
2021-07-27,Ecobici,13263
2021-07-27,Metrobús,951498
2021-07-28,Metro,2350700
2021-07-28,Ecobici,11980
2021-07-28,Metrobús,945350
2021-07-29,Metro,2337569
2021-07-29,Ecobici,13181
2021-07-29,Metrobús,968970
2021-07-30,Metro,2450532
2021-07-30,Ecobici,10638
2021-07-30,Metrobús,1004185
2021-07-31,Metro,2115643
2021-07-31,Ecobici,7525
2021-07-31,Metrobús,747430
2021-08-01,Metro,1401206
2021-08-01,Ecobici,8056
2021-08-01,Metrobús,456720
2021-08-02,Metro,2349367
2021-08-02,Ecobici,12362
2021-08-02,Metrobús,927493
2021-08-03,Metro,2397681
2021-08-03,Ecobici,11626
2021-08-03,Metrobús,941256
2021-08-04,Metro,2428164
2021-08-04,Ecobici,12186
2021-08-04,Metrobús,958426
2021-08-05,Metro,2429613
2021-08-05,Ecobici,12264
2021-08-05,Metrobús,953931
2021-08-06,Metro,2472654
2021-08-06,Ecobici,11547
2021-08-06,Metrobús,996622
2021-08-07,Metro,2139381
2021-08-07,Ecobici,8258
2021-08-07,Metrobús,733253
2021-08-08,Metro,1345162
2021-08-08,Ecobici,7016
2021-08-08,Metrobús,444520
2021-08-09,Metro,2319365
2021-08-09,Ecobici,11504
2021-08-09,Metrobús,924846
2021-08-10,Metro,2427161
2021-08-10,Ecobici,12447
2021-08-10,Metrobús,955007
2021-08-11,Metro,2405689
2021-08-11,Ecobici,11795
2021-08-11,Metrobús,947287
2021-08-12,Metro,2376805
2021-08-12,Ecobici,12772
2021-08-12,Metrobús,951697
2021-08-13,Metro,2428297
2021-08-13,Ecobici,11963
2021-08-13,Metrobús,1018663
2021-08-14,Metro,2133528
2021-08-14,Ecobici,8452
2021-08-14,Metrobús,753078
2021-08-15,Metro,1348946
2021-08-15,Ecobici,8703
2021-08-15,Metrobús,465454
2021-08-16,Metro,2314942
2021-08-16,Ecobici,12697
2021-08-16,Metrobús,929332
2021-08-17,Metro,2319562
2021-08-17,Ecobici,11964
2021-08-17,Metrobús,938512
2021-08-18,Metro,2337764
2021-08-18,Ecobici,13449
2021-08-18,Metrobús,963079
2021-08-19,Metro,2347888
2021-08-19,Ecobici,13444
2021-08-19,Metrobús,968919
2021-08-20,Metro,2436703
2021-08-20,Ecobici,12788
2021-08-20,Metrobús,1009719
2021-08-21,Metro,1923853
2021-08-21,Ecobici,5151
2021-08-21,Metrobús,659977
2021-08-22,Metro,1318137
2021-08-22,Ecobici,8208
2021-08-22,Metrobús,465518
2021-08-23,Metro,2387025
2021-08-23,Ecobici,11663
2021-08-23,Metrobús,927700
2021-08-24,Metro,2395753
2021-08-24,Ecobici,13105
2021-08-24,Metrobús,951404
2021-08-25,Metro,2423475
2021-08-25,Ecobici,13822
2021-08-25,Metrobús,976969
2021-08-26,Metro,2434365
2021-08-26,Ecobici,13516
2021-08-26,Metrobús,968726
2021-08-27,Metro,2471085
2021-08-27,Ecobici,13110
2021-08-27,Metrobús,1025680
2021-08-28,Metro,2257046
2021-08-28,Ecobici,8743
2021-08-28,Metrobús,781737
2021-08-29,Metro,1414977
2021-08-29,Ecobici,7513
2021-08-29,Metrobús,458347
2021-08-30,Metro,2371529
2021-08-30,Ecobici,9569
2021-08-30,Metrobús,941157
2021-08-31,Metro,2407376
2021-08-31,Ecobici,13444
2021-08-31,Metrobús,1003204
2021-09-01,Metro,2553275
2021-09-01,Ecobici,11111
2021-09-01,Metrobús,1011567
2021-09-02,Metro,2559543
2021-09-02,Ecobici,10130
2021-09-02,Metrobús,1007665
2021-09-03,Metro,2603478
2021-09-03,Ecobici,10813
2021-09-03,Metrobús,1055453
2021-09-04,Metro,2319631
2021-09-04,Ecobici,9253
2021-09-04,Metrobús,808540
2021-09-05,Metro,1504189
2021-09-05,Ecobici,8187
2021-09-05,Metrobús,488223
2021-09-06,Metro,2481541
2021-09-06,Ecobici,10873
2021-09-06,Metrobús,997366
2021-09-07,Metro,2458585
2021-09-07,Ecobici,8846
2021-09-07,Metrobús,992958
2021-09-08,Metro,2393407
2021-09-08,Ecobici,13025
2021-09-08,Metrobús,992291
2021-09-09,Metro,2546793
2021-09-09,Ecobici,13986
2021-09-09,Metrobús,1026603
2021-09-10,Metro,2595280
2021-09-10,Ecobici,13663
2021-09-10,Metrobús,1107214
2021-09-11,Metro,2359910
2021-09-11,Ecobici,9044
2021-09-11,Metrobús,815948
2021-09-12,Metro,1495083
2021-09-12,Ecobici,8246
2021-09-12,Metrobús,484613
2021-09-13,Metro,2555920
2021-09-13,Ecobici,12958
2021-09-13,Metrobús,1006219
2021-09-14,Metro,2610746
2021-09-14,Ecobici,14523
2021-09-14,Metrobús,1116771
2021-09-15,Metro,2481709
2021-09-15,Ecobici,12710
2021-09-15,Metrobús,945343
2021-09-16,Metro,1245658
2021-09-16,Ecobici,5989
2021-09-16,Metrobús,395854
2021-09-17,Metro,2447492
2021-09-17,Ecobici,10000
2021-09-17,Metrobús,1055435
2021-09-18,Metro,2296100
2021-09-18,Ecobici,7894
2021-09-18,Metrobús,796409
2021-09-19,Metro,1403879
2021-09-19,Ecobici,7891
2021-09-19,Metrobús,496831
2021-09-20,Metro,2569904
2021-09-20,Ecobici,13438
2021-09-20,Metrobús,1024031
2021-09-21,Metro,2600061
2021-09-21,Ecobici,14934
2021-09-21,Metrobús,1044136
2021-09-22,Metro,2648366
2021-09-22,Ecobici,14691
2021-09-22,Metrobús,1065315
2021-09-23,Metro,2639224
2021-09-23,Ecobici,14509
2021-09-23,Metrobús,1050482
2021-09-24,Metro,2699805
2021-09-24,Ecobici,14430
2021-09-24,Metrobús,1106489
2021-09-25,Metro,2302870
2021-09-25,Ecobici,8660
2021-09-25,Metrobús,819049
2021-09-26,Metro,1478061
2021-09-26,Ecobici,8932
2021-09-26,Metrobús,493126
2021-09-27,Metro,2511439
2021-09-27,Ecobici,13288
2021-09-27,Metrobús,1027894
2021-09-28,Metro,2561634
2021-09-28,Ecobici,14752
2021-09-28,Metrobús,1035387
2021-09-29,Metro,2608909
2021-09-29,Ecobici,14706
2021-09-29,Metrobús,1078251
2021-09-30,Metro,2621755
2021-09-30,Ecobici,13791
2021-09-30,Metrobús,1100476
2021-10-01,Metro,2731033
2021-10-01,Ecobici,12844
2021-10-01,Metrobús,1151985
2021-10-02,Metro,2420256
2021-10-02,Ecobici,9657
2021-10-02,Metrobús,853952
2021-10-03,Metro,1574862
2021-10-03,Ecobici,8244
2021-10-03,Metrobús,517487
2021-10-04,Metro,2551107
2021-10-04,Ecobici,14113
2021-10-04,Metrobús,1053095
2021-10-05,Metro,2631324
2021-10-05,Ecobici,12700
2021-10-05,Metrobús,1077537
2021-10-06,Metro,2672179
2021-10-06,Ecobici,13361
2021-10-06,Metrobús,1080807
2021-10-07,Metro,2643897
2021-10-07,Ecobici,14612
2021-10-07,Metrobús,1092575
2021-10-08,Metro,2732334
2021-10-08,Ecobici,14887
2021-10-08,Metrobús,1156308
2021-10-09,Metro,2483980
2021-10-09,Ecobici,9754
2021-10-09,Metrobús,867106
2021-10-10,Metro,1537577
2021-10-10,Ecobici,9709
2021-10-10,Metrobús,527834
2021-10-11,Metro,2611462
2021-10-11,Ecobici,14383
2021-10-11,Metrobús,1048529
2021-10-12,Metro,2633393
2021-10-12,Ecobici,15825
2021-10-12,Metrobús,1084912
2021-10-13,Metro,2717635
2021-10-13,Ecobici,16082
2021-10-13,Metrobús,1097955
2021-10-14,Metro,2689992
2021-10-14,Ecobici,15601
2021-10-14,Metrobús,1101926
2021-10-15,Metro,2831678
2021-10-15,Ecobici,15717
2021-10-15,Metrobús,1170250
2021-10-16,Metro,2532558
2021-10-16,Ecobici,9982
2021-10-16,Metrobús,897106
2021-10-17,Metro,1599633
2021-10-17,Ecobici,9102
2021-10-17,Metrobús,561110
2021-10-18,Metro,2648875
2021-10-18,Ecobici,14876
2021-10-18,Metrobús,1097498
2021-10-19,Metro,2691653
2021-10-19,Ecobici,16557
2021-10-19,Metrobús,1103504
2021-10-20,Metro,2763301
2021-10-20,Ecobici,16247
2021-10-20,Metrobús,1130752
2021-10-21,Metro,2738000
2021-10-21,Ecobici,15211
2021-10-21,Metrobús,1121707
2021-10-22,Metro,2816498
2021-10-22,Ecobici,15255
2021-10-22,Metrobús,1188234
2021-10-23,Metro,2539090
2021-10-23,Ecobici,10032
2021-10-23,Metrobús,883943
2021-10-24,Metro,1607009
2021-10-24,Ecobici,9294
2021-10-24,Metrobús,560230
2021-10-25,Metro,2669184
2021-10-25,Ecobici,15408
2021-10-25,Metrobús,1119875
2021-10-26,Metro,2752127
2021-10-26,Ecobici,16585
2021-10-26,Metrobús,1137978
2021-10-27,Metro,2799037
2021-10-27,Ecobici,16578
2021-10-27,Metrobús,1154881
2021-10-28,Metro,2864865
2021-10-28,Ecobici,15368
2021-10-28,Metrobús,1168478
2021-10-29,Metro,2952876
2021-10-29,Ecobici,16142
2021-10-29,Metrobús,1237191
2021-10-30,Metro,2607329
2021-10-30,Ecobici,10446
2021-10-30,Metrobús,916844
2021-10-31,Metro,2078208
2021-10-31,Ecobici,10292
2021-10-31,Metrobús,624494
2021-11-01,Metro,2428671
2021-11-01,Ecobici,13612
2021-11-01,Metrobús,970926
2021-11-02,Metro,1918266
2021-11-02,Ecobici,12170
2021-11-02,Metrobús,748659
2021-11-03,Metro,2789687
2021-11-03,Ecobici,17674
2021-11-03,Metrobús,1145221
2021-11-04,Metro,2798645
2021-11-04,Ecobici,16767
2021-11-04,Metrobús,1178732
2021-11-05,Metro,2909240
2021-11-05,Ecobici,16305
2021-11-05,Metrobús,1264084
2021-11-06,Metro,2583648
2021-11-06,Ecobici,10274
2021-11-06,Metrobús,919359
2021-11-07,Metro,1704920
2021-11-07,Ecobici,9659
2021-11-07,Metrobús,574077
2021-11-08,Metro,2767333
2021-11-08,Ecobici,15828
2021-11-08,Metrobús,1137964
2021-11-09,Metro,2741094
2021-11-09,Ecobici,17088
2021-11-09,Metrobús,1163968
2021-11-10,Metro,2866135
2021-11-10,Ecobici,17697
2021-11-10,Metrobús,1168871
2021-11-11,Metro,2897664
2021-11-11,Ecobici,17035
2021-11-11,Metrobús,1196464
2021-11-12,Metro,3044270
2021-11-12,Ecobici,16803
2021-11-12,Metrobús,1289309
2021-11-13,Metro,2638152
2021-11-13,Ecobici,9817
2021-11-13,Metrobús,958743
2021-11-14,Metro,1739022
2021-11-14,Ecobici,9486
2021-11-14,Metrobús,610284
2021-11-15,Metro,1904783
2021-11-15,Ecobici,9134
2021-11-15,Metrobús,701473
2021-11-16,Metro,2859148
2021-11-16,Ecobici,16571
2021-11-16,Metrobús,1202203
2021-11-17,Metro,2888773
2021-11-17,Ecobici,16895
2021-11-17,Metrobús,1170457
2021-11-18,Metro,2908372
2021-11-18,Ecobici,16718
2021-11-18,Metrobús,1182586
2021-11-19,Metro,2964975
2021-11-19,Ecobici,16135
2021-11-19,Metrobús,1262902
2021-11-20,Metro,2581253
2021-11-20,Ecobici,10560
2021-11-20,Metrobús,820291
2021-11-21,Metro,1648652
2021-11-21,Ecobici,9971
2021-11-21,Metrobús,583891
2021-11-22,Metro,2817678
2021-11-22,Ecobici,15663
2021-11-22,Metrobús,1135163
2021-11-23,Metro,2813905
2021-11-23,Ecobici,17394
2021-11-23,Metrobús,1155432
2021-11-24,Metro,2943028
2021-11-24,Ecobici,17143
2021-11-24,Metrobús,1183596
2021-11-25,Metro,2929222
2021-11-25,Ecobici,16822
2021-11-25,Metrobús,1146173
2021-11-26,Metro,3068604
2021-11-26,Ecobici,17089
2021-11-26,Metrobús,1243657
2021-11-27,Metro,2718288
2021-11-27,Ecobici,10311
2021-11-27,Metrobús,886853
2021-11-28,Metro,1847404
2021-11-28,Ecobici,9832
2021-11-28,Metrobús,535486
2021-11-29,Metro,2839020
2021-11-29,Ecobici,16380
2021-11-29,Metrobús,1179023
2021-11-30,Metro,2924031
2021-11-30,Ecobici,17402
2021-11-30,Metrobús,1227886
2021-12-01,Metro,3179158
2021-12-01,Ecobici,17932
2021-12-01,Metrobús,1203327
2021-12-02,Metro,3143223
2021-12-02,Ecobici,17456
2021-12-02,Metrobús,1234179
2021-12-03,Metro,3162771
2021-12-03,Ecobici,16917
2021-12-03,Metrobús,1278235
2021-12-04,Metro,2805542
2021-12-04,Ecobici,10265
2021-12-04,Metrobús,921488
2021-12-05,Metro,1848917
2021-12-05,Ecobici,9606
2021-12-05,Metrobús,606617
2021-12-06,Metro,2931430
2021-12-06,Ecobici,16567
2021-12-06,Metrobús,1159975
2021-12-07,Metro,2942485
2021-12-07,Ecobici,17932
2021-12-07,Metrobús,1190044
2021-12-08,Metro,3055891
2021-12-08,Ecobici,18363
2021-12-08,Metrobús,1189532
2021-12-09,Metro,3090918
2021-12-09,Ecobici,17657
2021-12-09,Metrobús,1226211
2021-12-10,Metro,3168147
2021-12-10,Ecobici,17150
2021-12-10,Metrobús,1314512
2021-12-11,Metro,2845811
2021-12-11,Ecobici,10584
2021-12-11,Metrobús,889004
2021-12-12,Metro,1854383
2021-12-12,Ecobici,9581
2021-12-12,Metrobús,577765
2021-12-13,Metro,2949994
2021-12-13,Ecobici,16383
2021-12-13,Metrobús,1166679
2021-12-14,Metro,3092049
2021-12-14,Ecobici,17824
2021-12-14,Metrobús,1221301
2021-12-15,Metro,3135723
2021-12-15,Ecobici,17915
2021-12-15,Metrobús,1306107
2021-12-16,Metro,3187171
2021-12-16,Ecobici,17863
2021-12-16,Metrobús,1280873
2021-12-17,Metro,3202780
2021-12-17,Ecobici,16988
2021-12-17,Metrobús,1332875
2021-12-18,Metro,2888945
2021-12-18,Ecobici,9975
2021-12-18,Metrobús,1002183
2021-12-19,Metro,2102466
2021-12-19,Ecobici,9139
2021-12-19,Metrobús,663006
2021-12-20,Metro,2965305
2021-12-20,Ecobici,14485
2021-12-20,Metrobús,1168786
2021-12-21,Metro,3052731
2021-12-21,Ecobici,15304
2021-12-21,Metrobús,1175694
2021-12-22,Metro,3109442
2021-12-22,Ecobici,14690
2021-12-22,Metrobús,1193877
2021-12-23,Metro,3001669
2021-12-23,Ecobici,13387
2021-12-23,Metrobús,1145337
2021-12-24,Metro,2311929
2021-12-24,Ecobici,8150
2021-12-24,Metrobús,770372
2021-12-25,Metro,1135706
2021-12-25,Ecobici,3763
2021-12-25,Metrobús,377024
2021-12-26,Metro,1538698
2021-12-26,Ecobici,6792
2021-12-26,Metrobús,555512
2021-12-27,Metro,2525016
2021-12-27,Ecobici,11100
2021-12-27,Metrobús,973441
2021-12-28,Metro,2579374
2021-12-28,Ecobici,12051
2021-12-28,Metrobús,1013329
2021-12-29,Metro,2649200
2021-12-29,Ecobici,11521
2021-12-29,Metrobús,1037628
2021-12-30,Metro,2560603
2021-12-30,Ecobici,10891
2021-12-30,Metrobús,1016115
2021-12-31,Metro,2136527
2021-12-31,Ecobici,7935
2021-12-31,Metrobús,683876
2022-01-01,Metro,1111885
2022-01-01,Ecobici,4563
2022-01-01,Metrobús,364584
2022-01-01,RTP,88436
2022-01-01,Tren Ligero,16057
2022-01-01,Cablebús,73120
2022-01-01,Trolebús,69931
2022-01-02,Metro,1441654
2022-01-02,Ecobici,7984
2022-01-02,Metrobús,530899
2022-01-02,RTP,135992
2022-01-02,Tren Ligero,24134
2022-01-02,Cablebús,87359
2022-01-02,Trolebús,118095
2022-01-03,Metro,2630451
2022-01-03,Ecobici,13095
2022-01-03,Metrobús,1051836
2022-01-03,RTP,283874
2022-01-03,Tren Ligero,55064
2022-01-03,Cablebús,104001
2022-01-03,Trolebús,170103
2022-01-04,Metro,2789531
2022-01-04,Ecobici,14309
2022-01-04,Metrobús,1119669
2022-01-04,RTP,294334
2022-01-04,Tren Ligero,58005
2022-01-04,Cablebús,108199
2022-01-04,Trolebús,176278
2022-01-05,Metro,2841890
2022-01-05,Ecobici,14446
2022-01-05,Metrobús,1133284
2022-01-05,RTP,292906
2022-01-05,Tren Ligero,57677
2022-01-05,Cablebús,117619
2022-01-05,Trolebús,180593
2022-01-06,Metro,2518276
2022-01-06,Ecobici,12205
2022-01-06,Metrobús,983961
2022-01-06,RTP,270960
2022-01-06,Tren Ligero,50310
2022-01-06,Cablebús,95213
2022-01-06,Trolebús,153255
2022-01-07,Metro,2618156
2022-01-07,Ecobici,13480
2022-01-07,Metrobús,1074703
2022-01-07,RTP,282464
2022-01-07,Tren Ligero,55300
2022-01-07,Cablebús,101547
2022-01-07,Trolebús,164032
2022-01-08,Metro,2252362
2022-01-08,Ecobici,9338
2022-01-08,Metrobús,790996
2022-01-08,RTP,188020
2022-01-08,Tren Ligero,43929
2022-01-08,Cablebús,100075
2022-01-08,Trolebús,116904
2022-01-09,Metro,1463377
2022-01-09,Ecobici,10040
2022-01-09,Metrobús,499566
2022-01-09,RTP,132070
2022-01-09,Tren Ligero,22377
2022-01-09,Cablebús,75722
2022-01-09,Trolebús,96006
2022-01-10,Metro,2561011
2022-01-10,Ecobici,13621
2022-01-10,Metrobús,1045613
2022-01-10,RTP,287087
2022-01-10,Tren Ligero,56514
2022-01-10,Cablebús,99289
2022-01-10,Trolebús,162219
2022-01-11,Metro,2534256
2022-01-11,Ecobici,14322
2022-01-11,Metrobús,1022731
2022-01-11,RTP,296367
2022-01-11,Tren Ligero,55069
2022-01-11,Cablebús,97647
2022-01-11,Trolebús,155805
2022-01-12,Metro,2537878
2022-01-12,Ecobici,14301
2022-01-12,Metrobús,1016305
2022-01-12,RTP,294931
2022-01-12,Tren Ligero,53617
2022-01-12,Cablebús,98610
2022-01-12,Trolebús,151379
2022-01-13,Metro,2505975
2022-01-13,Ecobici,14125
2022-01-13,Metrobús,1028256
2022-01-13,RTP,292049
2022-01-13,Tren Ligero,55726
2022-01-13,Cablebús,94033
2022-01-13,Trolebús,149799
2022-01-14,Metro,2569533
2022-01-14,Ecobici,13996
2022-01-14,Metrobús,1063756
2022-01-14,RTP,291473
2022-01-14,Tren Ligero,54780
2022-01-14,Cablebús,101063
2022-01-14,Trolebús,158008
2022-01-15,Metro,2206835
2022-01-15,Ecobici,10169
2022-01-15,Metrobús,785338
2022-01-15,RTP,190209
2022-01-15,Tren Ligero,40461
2022-01-15,Cablebús,96175
2022-01-15,Trolebús,113589
2022-01-16,Metro,1350819
2022-01-16,Ecobici,8630
2022-01-16,Metrobús,449624
2022-01-16,RTP,126847
2022-01-16,Tren Ligero,19418
2022-01-16,Cablebús,65825
2022-01-16,Trolebús,83669
2022-01-17,Metro,2395988
2022-01-17,Ecobici,13562
2022-01-17,Metrobús,979891
2022-01-17,RTP,286675
2022-01-17,Tren Ligero,53271
2022-01-17,Cablebús,95258
2022-01-17,Trolebús,144511
2022-01-18,Metro,2434128
2022-01-18,Ecobici,14429
2022-01-18,Metrobús,995685
2022-01-18,RTP,285330
2022-01-18,Tren Ligero,52987
2022-01-18,Cablebús,94199
2022-01-18,Trolebús,149931
2022-01-19,Metro,2446255
2022-01-19,Ecobici,14483
2022-01-19,Metrobús,1012167
2022-01-19,RTP,287191
2022-01-19,Tren Ligero,52046
2022-01-19,Cablebús,93541
2022-01-19,Trolebús,152477
2022-01-20,Metro,2445775
2022-01-20,Ecobici,14459
2022-01-20,Metrobús,1008795
2022-01-20,RTP,279305
2022-01-20,Tren Ligero,52515
2022-01-20,Cablebús,93133
2022-01-20,Trolebús,151185
2022-01-21,Metro,2499165
2022-01-21,Ecobici,13616
2022-01-21,Metrobús,1066078
2022-01-21,RTP,272613
2022-01-21,Tren Ligero,53637
2022-01-21,Cablebús,96469
2022-01-21,Trolebús,149453
2022-01-22,Metro,2138033
2022-01-22,Ecobici,10108
2022-01-22,Metrobús,771400
2022-01-22,RTP,182137
2022-01-22,Tren Ligero,40143
2022-01-22,Cablebús,92927
2022-01-22,Trolebús,92475
2022-01-23,Metro,1360637
2022-01-23,Ecobici,10796
2022-01-23,Metrobús,461731
2022-01-23,RTP,133057
2022-01-23,Tren Ligero,21065
2022-01-23,Cablebús,69804
2022-01-23,Trolebús,81189
2022-01-24,Metro,2440184
2022-01-24,Ecobici,14536
2022-01-24,Metrobús,985607
2022-01-24,RTP,294495
2022-01-24,Tren Ligero,54153
2022-01-24,Cablebús,93609
2022-01-24,Trolebús,147967
2022-01-25,Metro,2481790
2022-01-25,Ecobici,15803
2022-01-25,Metrobús,1035203
2022-01-25,RTP,292790
2022-01-25,Tren Ligero,54172
2022-01-25,Cablebús,97659
2022-01-25,Trolebús,149652
2022-01-26,Metro,2529700
2022-01-26,Ecobici,15719
2022-01-26,Metrobús,1033145
2022-01-26,RTP,289634
2022-01-26,Tren Ligero,47747
2022-01-26,Cablebús,97165
2022-01-26,Trolebús,155408
2022-01-27,Metro,2526019
2022-01-27,Ecobici,15623
2022-01-27,Metrobús,1016177
2022-01-27,RTP,295625
2022-01-27,Tren Ligero,53251
2022-01-27,Cablebús,97219
2022-01-27,Trolebús,157197
2022-01-28,Metro,2630790
2022-01-28,Ecobici,14954
2022-01-28,Metrobús,1085487
2022-01-28,RTP,299847
2022-01-28,Tren Ligero,56213
2022-01-28,Cablebús,102012
2022-01-28,Trolebús,162601
2022-01-29,Metro,2277480
2022-01-29,Ecobici,9979
2022-01-29,Metrobús,793023
2022-01-29,RTP,199239
2022-01-29,Tren Ligero,39296
2022-01-29,Cablebús,96976
2022-01-29,Trolebús,133927
2022-01-30,Metro,1467429
2022-01-30,Ecobici,10968
2022-01-30,Metrobús,500408
2022-01-30,RTP,142982
2022-01-30,Tren Ligero,24602
2022-01-30,Cablebús,75195
2022-01-30,Trolebús,102213
2022-01-31,Metro,2556408
2022-01-31,Ecobici,15755
2022-01-31,Metrobús,1074625
2022-01-31,RTP,317990
2022-01-31,Tren Ligero,54255
2022-01-31,Cablebús,101954
2022-01-31,Trolebús,159034
2022-02-01,Metro,2745788
2022-02-01,Ecobici,15713
2022-02-01,Metrobús,1117628
2022-02-01,RTP,336453
2022-02-01,Tren Ligero,56447
2022-02-01,Cablebús,104742
2022-02-01,Trolebús,172045
2022-02-02,Metro,2688106
2022-02-02,Ecobici,16946
2022-02-02,Metrobús,1113397
2022-02-02,RTP,331781
2022-02-02,Tren Ligero,59081
2022-02-02,Cablebús,102730
2022-02-02,Trolebús,164663
2022-02-03,Metro,2705379
2022-02-03,Ecobici,16301
2022-02-03,Metrobús,1119841
2022-02-03,RTP,334962
2022-02-03,Tren Ligero,59713
2022-02-03,Cablebús,102497
2022-02-03,Trolebús,167738
2022-02-04,Metro,2796939
2022-02-04,Ecobici,16126
2022-02-04,Metrobús,1180915
2022-02-04,RTP,328619
2022-02-04,Tren Ligero,61077
2022-02-04,Cablebús,107220
2022-02-04,Trolebús,175299
2022-02-05,Metro,2439282
2022-02-05,Ecobici,9944
2022-02-05,Metrobús,850275
2022-02-05,RTP,215644
2022-02-05,Tren Ligero,47503
2022-02-05,Cablebús,102860
2022-02-05,Trolebús,140194
2022-02-06,Metro,1469626
2022-02-06,Ecobici,10316
2022-02-06,Metrobús,531652
2022-02-06,RTP,154144
2022-02-06,Tren Ligero,25201
2022-02-06,Cablebús,75834
2022-02-06,Trolebús,105824
2022-02-07,Metro,1794984
2022-02-07,Ecobici,8948
2022-02-07,Metrobús,601615
2022-02-07,RTP,189743
2022-02-07,Tren Ligero,32082
2022-02-07,Cablebús,75834
2022-02-07,Trolebús,119788
2022-02-08,Metro,2664666
2022-02-08,Ecobici,16006
2022-02-08,Metrobús,1108135
2022-02-08,RTP,338208
2022-02-08,Tren Ligero,64029
2022-02-08,Cablebús,105584
2022-02-08,Trolebús,169792
2022-02-09,Metro,2758533
2022-02-09,Ecobici,17621
2022-02-09,Metrobús,1134428
2022-02-09,RTP,353744
2022-02-09,Tren Ligero,64724
2022-02-09,Cablebús,105689
2022-02-09,Trolebús,171999
2022-02-10,Metro,2757231
2022-02-10,Ecobici,17416
2022-02-10,Metrobús,1135608
2022-02-10,RTP,348483
2022-02-10,Tren Ligero,63630
2022-02-10,Cablebús,105456
2022-02-10,Trolebús,176379
2022-02-11,Metro,2882928
2022-02-11,Ecobici,17013
2022-02-11,Metrobús,1207269
2022-02-11,RTP,351797
2022-02-11,Tren Ligero,64322
2022-02-11,Cablebús,111284
2022-02-11,Trolebús,169315
2022-02-12,Metro,2497298
2022-02-12,Ecobici,10661
2022-02-12,Metrobús,890257
2022-02-12,RTP,227842
2022-02-12,Tren Ligero,52940
2022-02-12,Cablebús,104768
2022-02-12,Trolebús,143687
2022-02-13,Metro,1571681
2022-02-13,Ecobici,10646
2022-02-13,Metrobús,536902
2022-02-13,RTP,155422
2022-02-13,Tren Ligero,27401
2022-02-13,Cablebús,79001
2022-02-13,Trolebús,111690
2022-02-14,Metro,2782204
2022-02-14,Ecobici,15441
2022-02-14,Metrobús,1163785
2022-02-14,RTP,350215
2022-02-14,Tren Ligero,66826
2022-02-14,Cablebús,111640
2022-02-14,Trolebús,171965
2022-02-15,Metro,2819842
2022-02-15,Ecobici,18003
2022-02-15,Metrobús,1174600
2022-02-15,RTP,358155
2022-02-15,Tren Ligero,67504
2022-02-15,Cablebús,108137
2022-02-15,Trolebús,175340
2022-02-16,Metro,2877468
2022-02-16,Ecobici,18327
2022-02-16,Metrobús,1187231
2022-02-16,RTP,355366
2022-02-16,Tren Ligero,68352
2022-02-16,Cablebús,110086
2022-02-16,Trolebús,178297
2022-02-17,Metro,2910200
2022-02-17,Ecobici,18390
2022-02-17,Metrobús,1182579
2022-02-17,RTP,353398
2022-02-17,Tren Ligero,66693
2022-02-17,Cablebús,111167
2022-02-17,Trolebús,178376
2022-02-18,Metro,2949345
2022-02-18,Ecobici,17831
2022-02-18,Metrobús,1266297
2022-02-18,RTP,345589
2022-02-18,Tren Ligero,61684
2022-02-18,Cablebús,115362
2022-02-18,Trolebús,183788
2022-02-19,Metro,2570106
2022-02-19,Ecobici,11749
2022-02-19,Metrobús,929642
2022-02-19,RTP,230245
2022-02-19,Tren Ligero,47604
2022-02-19,Cablebús,109924
2022-02-19,Trolebús,156177
2022-02-20,Metro,1590388
2022-02-20,Ecobici,12335
2022-02-20,Metrobús,559804
2022-02-20,RTP,161981
2022-02-20,Tren Ligero,37580
2022-02-20,Cablebús,82197
2022-02-20,Trolebús,111374
2022-02-21,Metro,2821070
2022-02-21,Ecobici,17876
2022-02-21,Metrobús,1187901
2022-02-21,RTP,360162
2022-02-21,Tren Ligero,68460
2022-02-21,Cablebús,112438
2022-02-21,Trolebús,171739
2022-02-22,Metro,2854695
2022-02-22,Ecobici,19434
2022-02-22,Metrobús,1239122
2022-02-22,RTP,359107
2022-02-22,Tren Ligero,70827
2022-02-22,Cablebús,114119
2022-02-22,Trolebús,173238
2022-02-23,Metro,2945335
2022-02-23,Ecobici,19455
2022-02-23,Metrobús,1224548
2022-02-23,RTP,366178
2022-02-23,Tren Ligero,70530
2022-02-23,Cablebús,115696
2022-02-23,Trolebús,181747
2022-02-24,Metro,2946223
2022-02-24,Ecobici,18843
2022-02-24,Metrobús,1239166
2022-02-24,RTP,355821
2022-02-24,Tren Ligero,77194
2022-02-24,Cablebús,113727
2022-02-24,Trolebús,182900
2022-02-25,Metro,3097496
2022-02-25,Ecobici,17956
2022-02-25,Metrobús,1313907
2022-02-25,RTP,339329
2022-02-25,Tren Ligero,73122
2022-02-25,Cablebús,118071
2022-02-25,Trolebús,180553
2022-02-26,Metro,2562997
2022-02-26,Ecobici,15440
2022-02-26,Metrobús,968395
2022-02-26,RTP,230777
2022-02-26,Tren Ligero,51628
2022-02-26,Cablebús,109335
2022-02-26,Trolebús,155842
2022-02-27,Metro,1654820
2022-02-27,Ecobici,11254
2022-02-27,Metrobús,566591
2022-02-27,RTP,161697
2022-02-27,Tren Ligero,38867
2022-02-27,Cablebús,82251
2022-02-27,Trolebús,117869
2022-02-28,Metro,2897925
2022-02-28,Ecobici,18383
2022-02-28,Metrobús,1231204
2022-02-28,RTP,359596
2022-02-28,Tren Ligero,73248
2022-02-28,Cablebús,113703
2022-02-28,Trolebús,183953
2022-03-01,Metro,3005824
2022-03-01,Ecobici,19969
2022-03-01,Metrobús,1259423
2022-03-01,RTP,381367
2022-03-01,Tren Ligero,76329
2022-03-01,Cablebús,115840
2022-03-01,Trolebús,185222
2022-03-02,Metro,3089435
2022-03-02,Ecobici,19644
2022-03-02,Metrobús,1280463
2022-03-02,RTP,391054
2022-03-02,Tren Ligero,72529
2022-03-02,Cablebús,115600
2022-03-02,Trolebús,183906
2022-03-03,Metro,3066484
2022-03-03,Ecobici,19699
2022-03-03,Metrobús,1269366
2022-03-03,RTP,383088
2022-03-03,Tren Ligero,72158
2022-03-03,Cablebús,109451
2022-03-03,Trolebús,184308
2022-03-04,Metro,3132874
2022-03-04,Ecobici,19062
2022-03-04,Metrobús,1324364
2022-03-04,RTP,384059
2022-03-04,Tren Ligero,74598
2022-03-04,Cablebús,118746
2022-03-04,Trolebús,182913
2022-03-05,Metro,2637507
2022-03-05,Ecobici,11911
2022-03-05,Metrobús,926796
2022-03-05,RTP,260999
2022-03-05,Tren Ligero,55338
2022-03-05,Cablebús,111231
2022-03-05,Trolebús,150808
2022-03-06,Metro,1736178
2022-03-06,Ecobici,12426
2022-03-06,Metrobús,587886
2022-03-06,RTP,183296
2022-03-06,Tren Ligero,28883
2022-03-06,Cablebús,82934
2022-03-06,Trolebús,116204
2022-03-07,Metro,2983440
2022-03-07,Ecobici,19255
2022-03-07,Metrobús,1264680
2022-03-07,RTP,398368
2022-03-07,Tren Ligero,72981
2022-03-07,Cablebús,115918
2022-03-07,Trolebús,180126
2022-03-08,Metro,3020204
2022-03-08,Ecobici,20588
2022-03-08,Metrobús,1121357
2022-03-08,RTP,374933
2022-03-08,Tren Ligero,72865
2022-03-08,Cablebús,113583
2022-03-08,Trolebús,160866
2022-03-09,Metro,3071722
2022-03-09,Ecobici,20383
2022-03-09,Metrobús,1253979
2022-03-09,RTP,383949
2022-03-09,Tren Ligero,74238
2022-03-09,Cablebús,115082
2022-03-09,Trolebús,182556
2022-03-10,Metro,3146380
2022-03-10,Ecobici,20541
2022-03-10,Metrobús,1296186
2022-03-10,RTP,387426
2022-03-10,Tren Ligero,75642
2022-03-10,Cablebús,116366
2022-03-10,Trolebús,192523
2022-03-11,Metro,3287861
2022-03-11,Ecobici,19880
2022-03-11,Metrobús,1336155
2022-03-11,RTP,396917
2022-03-11,Tren Ligero,77771
2022-03-11,Cablebús,121281
2022-03-11,Trolebús,182595
2022-03-12,Metro,2709662
2022-03-12,Ecobici,12470
2022-03-12,Metrobús,947675
2022-03-12,RTP,260819
2022-03-12,Tren Ligero,53231
2022-03-12,Cablebús,110427
2022-03-12,Trolebús,153680
2022-03-13,Metro,1678458
2022-03-13,Ecobici,12994
2022-03-13,Metrobús,585563
2022-03-13,RTP,181569
2022-03-13,Tren Ligero,32334
2022-03-13,Cablebús,86651
2022-03-13,Trolebús,119493
2022-03-14,Metro,3028337
2022-03-14,Ecobici,18607
2022-03-14,Metrobús,1255193
2022-03-14,RTP,386054
2022-03-14,Tren Ligero,75562
2022-03-14,Cablebús,114710
2022-03-14,Trolebús,180053
2022-03-15,Metro,3091988
2022-03-15,Ecobici,18742
2022-03-15,Metrobús,1305178
2022-03-15,RTP,376498
2022-03-15,Tren Ligero,76101
2022-03-15,Cablebús,115979
2022-03-15,Trolebús,187541
2022-03-16,Metro,3175066
2022-03-16,Ecobici,20362
2022-03-16,Metrobús,1323687
2022-03-16,RTP,390290
2022-03-16,Tren Ligero,79326
2022-03-16,Cablebús,119392
2022-03-16,Trolebús,191397
2022-03-17,Metro,3236538
2022-03-17,Ecobici,21030
2022-03-17,Metrobús,1333266
2022-03-17,RTP,391637
2022-03-17,Tren Ligero,77485
2022-03-17,Cablebús,120526
2022-03-17,Trolebús,197267
2022-03-18,Metro,3270954
2022-03-18,Ecobici,19783
2022-03-18,Metrobús,1360342
2022-03-18,RTP,381561
2022-03-18,Tren Ligero,79097
2022-03-18,Cablebús,119507
2022-03-18,Trolebús,189655
2022-03-19,Metro,2696796
2022-03-19,Ecobici,11863
2022-03-19,Metrobús,911145
2022-03-19,RTP,234992
2022-03-19,Tren Ligero,51016
2022-03-19,Cablebús,110134
2022-03-19,Trolebús,156546
2022-03-20,Metro,1696066
2022-03-20,Ecobici,11819
2022-03-20,Metrobús,592470
2022-03-20,RTP,173150
2022-03-20,Tren Ligero,43460
2022-03-20,Cablebús,85278
2022-03-20,Trolebús,119234
2022-03-21,Metro,1798593
2022-03-21,Ecobici,11085
2022-03-21,Metrobús,645877
2022-03-21,RTP,197216
2022-03-21,Tren Ligero,35052
2022-03-21,Cablebús,82494
2022-03-21,Trolebús,120693
2022-03-22,Metro,3013998
2022-03-22,Ecobici,20635
2022-03-22,Metrobús,1278672
2022-03-22,RTP,380717
2022-03-22,Tren Ligero,78680
2022-03-22,Cablebús,119214
2022-03-22,Trolebús,191169
2022-03-23,Metro,3177681
2022-03-23,Ecobici,21458
2022-03-23,Metrobús,1340710
2022-03-23,RTP,392907
2022-03-23,Tren Ligero,78438
2022-03-23,Cablebús,118852
2022-03-23,Trolebús,187298
2022-03-24,Metro,3169336
2022-03-24,Ecobici,21354
2022-03-24,Metrobús,1340470
2022-03-24,RTP,392093
2022-03-24,Tren Ligero,86307
2022-03-24,Cablebús,120825
2022-03-24,Trolebús,194146
2022-03-25,Metro,3287491
2022-03-25,Ecobici,20437
2022-03-25,Metrobús,1351715
2022-03-25,RTP,375784
2022-03-25,Tren Ligero,78286
2022-03-25,Cablebús,122715
2022-03-25,Trolebús,187059
2022-03-26,Metro,2687262
2022-03-26,Ecobici,12532
2022-03-26,Metrobús,959477
2022-03-26,RTP,250512
2022-03-26,Tren Ligero,51176
2022-03-26,Cablebús,112513
2022-03-26,Trolebús,157605
2022-03-27,Metro,1786084
2022-03-27,Ecobici,11856
2022-03-27,Metrobús,602281
2022-03-27,RTP,173101
2022-03-27,Tren Ligero,30553
2022-03-27,Cablebús,85411
2022-03-27,Trolebús,113954
2022-03-28,Metro,3045765
2022-03-28,Ecobici,20564
2022-03-28,Metrobús,1262987
2022-03-28,RTP,404226
2022-03-28,Tren Ligero,75230
2022-03-28,Cablebús,119433
2022-03-28,Trolebús,181176
2022-03-29,Metro,3132225
2022-03-29,Ecobici,21996
2022-03-29,Metrobús,1312623
2022-03-29,RTP,386805
2022-03-29,Tren Ligero,77746
2022-03-29,Cablebús,119462
2022-03-29,Trolebús,183575
2022-03-30,Metro,3253158
2022-03-30,Ecobici,22612
2022-03-30,Metrobús,1372483
2022-03-30,RTP,407388
2022-03-30,Tren Ligero,84928
2022-03-30,Cablebús,122216
2022-03-30,Trolebús,201352
2022-03-31,Metro,3245007
2022-03-31,Ecobici,32666
2022-03-31,Metrobús,1359719
2022-03-31,RTP,384864
2022-03-31,Tren Ligero,77874
2022-03-31,Cablebús,121125
2022-03-31,Trolebús,196227
2022-04-01,Metro,3290259
2022-04-01,Ecobici,16973
2022-04-01,Metrobús,1425383
2022-04-01,RTP,364219
2022-04-01,Tren Ligero,80024
2022-04-01,Cablebús,125438
2022-04-01,Trolebús,199688
2022-04-02,Metro,2830272
2022-04-02,Ecobici,12218
2022-04-02,Metrobús,948242
2022-04-02,RTP,226040
2022-04-02,Tren Ligero,59420
2022-04-02,Cablebús,112600
2022-04-02,Trolebús,161886
2022-04-03,Metro,1763774
2022-04-03,Ecobici,16598
2022-04-03,Metrobús,599459
2022-04-03,RTP,159187
2022-04-03,Tren Ligero,31516
2022-04-03,Cablebús,84063
2022-04-03,Trolebús,120400
2022-04-04,Metro,3100098
2022-04-04,Ecobici,21992
2022-04-04,Metrobús,1285099
2022-04-04,RTP,355291
2022-04-04,Tren Ligero,76302
2022-04-04,Cablebús,119761
2022-04-04,Trolebús,188394
2022-04-05,Metro,3240884
2022-04-05,Ecobici,22622
2022-04-05,Metrobús,1331545
2022-04-05,RTP,365823
2022-04-05,Tren Ligero,80562
2022-04-05,Cablebús,120480
2022-04-05,Trolebús,193024
2022-04-06,Metro,3336291
2022-04-06,Ecobici,22363
2022-04-06,Metrobús,1342087
2022-04-06,RTP,364950
2022-04-06,Tren Ligero,80778
2022-04-06,Cablebús,121826
2022-04-06,Trolebús,197102
2022-04-07,Metro,3327223
2022-04-07,Ecobici,20354
2022-04-07,Metrobús,1367014
2022-04-07,RTP,359772
2022-04-07,Tren Ligero,80006
2022-04-07,Cablebús,119995
2022-04-07,Trolebús,194611
2022-04-08,Metro,3349172
2022-04-08,Ecobici,14633
2022-04-08,Metrobús,1390480
2022-04-08,RTP,343731
2022-04-08,Tren Ligero,79661
2022-04-08,Cablebús,121346
2022-04-08,Trolebús,192731
2022-04-09,Metro,2664209
2022-04-09,Ecobici,11570
2022-04-09,Metrobús,933935
2022-04-09,RTP,216470
2022-04-09,Tren Ligero,56130
2022-04-09,Cablebús,107153
2022-04-09,Trolebús,155320
2022-04-10,Metro,1717781
2022-04-10,Ecobici,15828
2022-04-10,Metrobús,604522
2022-04-10,RTP,158039
2022-04-10,Tren Ligero,31486
2022-04-10,Cablebús,84469
2022-04-10,Trolebús,126300
2022-04-11,Metro,2890162
2022-04-11,Ecobici,19751
2022-04-11,Metrobús,1161112
2022-04-11,RTP,299889
2022-04-11,Tren Ligero,64978
2022-04-11,Cablebús,107119
2022-04-11,Trolebús,171592
2022-04-12,Metro,2970027
2022-04-12,Ecobici,19491
2022-04-12,Metrobús,1188037
2022-04-12,RTP,303054
2022-04-12,Tren Ligero,73987
2022-04-12,Cablebús,107652
2022-04-12,Trolebús,182739
2022-04-13,Metro,3030664
2022-04-13,Ecobici,15973
2022-04-13,Metrobús,1238678
2022-04-13,RTP,306384
2022-04-13,Tren Ligero,63841
2022-04-13,Cablebús,110475
2022-04-13,Trolebús,178066
2022-04-14,Metro,2235873
2022-04-14,Ecobici,11888
2022-04-14,Metrobús,817470
2022-04-14,RTP,196112
2022-04-14,Tren Ligero,40525
2022-04-14,Cablebús,94612
2022-04-14,Trolebús,149794
2022-04-15,Metro,1580246
2022-04-15,Ecobici,10549
2022-04-15,Metrobús,607206
2022-04-15,RTP,135832
2022-04-15,Tren Ligero,31298
2022-04-15,Cablebús,82813
2022-04-15,Trolebús,125778
2022-04-16,Metro,1711144
2022-04-16,Ecobici,11192
2022-04-16,Metrobús,655069
2022-04-16,RTP,166930
2022-04-16,Tren Ligero,38027
2022-04-16,Cablebús,86315
2022-04-16,Trolebús,129004
2022-04-17,Metro,1519930
2022-04-17,Ecobici,15456
2022-04-17,Metrobús,540715
2022-04-17,RTP,142357
2022-04-17,Tren Ligero,28386
2022-04-17,Cablebús,77085
2022-04-17,Trolebús,117232
2022-04-18,Metro,2817811
2022-04-18,Ecobici,20182
2022-04-18,Metrobús,1172103
2022-04-18,RTP,296992
2022-04-18,Tren Ligero,64953
2022-04-18,Cablebús,103813
2022-04-18,Trolebús,174678
2022-04-19,Metro,2980486
2022-04-19,Ecobici,21102
2022-04-19,Metrobús,1216258
2022-04-19,RTP,306906
2022-04-19,Tren Ligero,66601
2022-04-19,Cablebús,106367
2022-04-19,Trolebús,181394
2022-04-20,Metro,3096626
2022-04-20,Ecobici,20733
2022-04-20,Metrobús,1239038
2022-04-20,RTP,309151
2022-04-20,Tren Ligero,72901
2022-04-20,Cablebús,109221
2022-04-20,Trolebús,182880
2022-04-21,Metro,3096568
2022-04-21,Ecobici,20029
2022-04-21,Metrobús,1258954
2022-04-21,RTP,303721
2022-04-21,Tren Ligero,66832
2022-04-21,Cablebús,108699
2022-04-21,Trolebús,178765
2022-04-22,Metro,3101278
2022-04-22,Ecobici,15917
2022-04-22,Metrobús,1323396
2022-04-22,RTP,306090
2022-04-22,Tren Ligero,68613
2022-04-22,Cablebús,112534
2022-04-22,Trolebús,180171
2022-04-23,Metro,2633442
2022-04-23,Ecobici,12167
2022-04-23,Metrobús,950415
2022-04-23,RTP,210171
2022-04-23,Tren Ligero,50289
2022-04-23,Cablebús,109699
2022-04-23,Trolebús,159954
2022-04-24,Metro,1752632
2022-04-24,Ecobici,16204
2022-04-24,Metrobús,578341
2022-04-24,RTP,152631
2022-04-24,Tren Ligero,32360
2022-04-24,Cablebús,80813
2022-04-24,Trolebús,119567
2022-04-25,Metro,3025507
2022-04-25,Ecobici,20597
2022-04-25,Metrobús,1294851
2022-04-25,RTP,350468
2022-04-25,Tren Ligero,77385
2022-04-25,Cablebús,119971
2022-04-25,Trolebús,183599
2022-04-26,Metro,3146371
2022-04-26,Ecobici,20021
2022-04-26,Metrobús,1328954
2022-04-26,RTP,351111
2022-04-26,Tren Ligero,76950
2022-04-26,Cablebús,120252
2022-04-26,Trolebús,189324
2022-04-27,Metro,3252008
2022-04-27,Ecobici,21360
2022-04-27,Metrobús,1362382
2022-04-27,RTP,352355
2022-04-27,Tren Ligero,78278
2022-04-27,Cablebús,120242
2022-04-27,Trolebús,183871
2022-04-28,Metro,3266577
2022-04-28,Ecobici,21622
2022-04-28,Metrobús,1358791
2022-04-28,RTP,363753
2022-04-28,Tren Ligero,77738
2022-04-28,Cablebús,125779
2022-04-28,Trolebús,194549
2022-04-29,Metro,3406037
2022-04-29,Ecobici,17184
2022-04-29,Metrobús,1447292
2022-04-29,RTP,356005
2022-04-29,Tren Ligero,79169
2022-04-29,Cablebús,125191
2022-04-29,Trolebús,195028
2022-04-30,Metro,2763922
2022-04-30,Ecobici,6790
2022-04-30,Metrobús,994485
2022-04-30,RTP,217992
2022-04-30,Tren Ligero,59776
2022-04-30,Cablebús,114651
2022-04-30,Trolebús,163852
2022-05-01,Metro,1784306
2022-05-01,Ecobici,12675
2022-05-01,Metrobús,610493
2022-05-01,RTP,166037
2022-05-01,Tren Ligero,27837
2022-05-01,Cablebús,85418
2022-05-01,Trolebús,129055
2022-05-02,Metro,3108265
2022-05-02,Ecobici,21175
2022-05-02,Metrobús,1338511
2022-05-02,RTP,379064
2022-05-02,Tren Ligero,76610
2022-05-02,Cablebús,121449
2022-05-02,Trolebús,193440
2022-05-03,Metro,3310010
2022-05-03,Ecobici,23883
2022-05-03,Metrobús,1424884
2022-05-03,RTP,393079
2022-05-03,Tren Ligero,81771
2022-05-03,Cablebús,126870
2022-05-03,Trolebús,211768
2022-05-04,Metro,3416640
2022-05-04,Ecobici,23846
2022-05-04,Metrobús,1450526
2022-05-04,RTP,404481
2022-05-04,Tren Ligero,80237
2022-05-04,Cablebús,125710
2022-05-04,Trolebús,212078
2022-05-05,Metro,3141894
2022-05-05,Ecobici,21260
2022-05-05,Metrobús,1214252
2022-05-05,RTP,342370
2022-05-05,Tren Ligero,62987
2022-05-05,Cablebús,108877
2022-05-05,Trolebús,179380
2022-05-06,Metro,3426502
2022-05-06,Ecobici,18876
2022-05-06,Metrobús,1489281
2022-05-06,RTP,397334
2022-05-06,Tren Ligero,81689
2022-05-06,Cablebús,125718
2022-05-06,Trolebús,204255
2022-05-07,Metro,2776905
2022-05-07,Ecobici,12868
2022-05-07,Metrobús,982714
2022-05-07,RTP,226363
2022-05-07,Tren Ligero,59366
2022-05-07,Cablebús,113933
2022-05-07,Trolebús,167980
2022-05-08,Metro,1720787
2022-05-08,Ecobici,11688
2022-05-08,Metrobús,590762
2022-05-08,RTP,162907
2022-05-08,Tren Ligero,36048
2022-05-08,Cablebús,81431
2022-05-08,Trolebús,121120
2022-05-09,Metro,3171110
2022-05-09,Ecobici,21376
2022-05-09,Metrobús,1356323
2022-05-09,RTP,360936
2022-05-09,Tren Ligero,76922
2022-05-09,Cablebús,117623
2022-05-09,Trolebús,196873
2022-05-10,Metro,2715431
2022-05-10,Ecobici,19554
2022-05-10,Metrobús,1051287
2022-05-10,RTP,291279
2022-05-10,Tren Ligero,56676
2022-05-10,Cablebús,107448
2022-05-10,Trolebús,170931
2022-05-11,Metro,3190630
2022-05-11,Ecobici,23009
2022-05-11,Metrobús,1370905
2022-05-11,RTP,377434
2022-05-11,Tren Ligero,74864
2022-05-11,Cablebús,121422
2022-05-11,Trolebús,200818
2022-05-12,Metro,3306291
2022-05-12,Ecobici,22830
2022-05-12,Metrobús,1368506
2022-05-12,RTP,386559
2022-05-12,Tren Ligero,84446
2022-05-12,Cablebús,121373
2022-05-12,Trolebús,203366
2022-05-13,Metro,3363427
2022-05-13,Ecobici,21922
2022-05-13,Metrobús,1458286
2022-05-13,RTP,373293
2022-05-13,Tren Ligero,74593
2022-05-13,Cablebús,122753
2022-05-13,Trolebús,206842
2022-05-14,Metro,2805320
2022-05-14,Ecobici,12678
2022-05-14,Metrobús,977203
2022-05-14,RTP,219308
2022-05-14,Tren Ligero,72540
2022-05-14,Cablebús,114571
2022-05-14,Trolebús,166208
2022-05-15,Metro,1809176
2022-05-15,Ecobici,12712
2022-05-15,Metrobús,643127
2022-05-15,RTP,161454
2022-05-15,Tren Ligero,38450
2022-05-15,Cablebús,87274
2022-05-15,Trolebús,130320
2022-05-16,Metro,3159205
2022-05-16,Ecobici,21927
2022-05-16,Metrobús,1343262
2022-05-16,RTP,378470
2022-05-16,Tren Ligero,77892
2022-05-16,Cablebús,121531
2022-05-16,Trolebús,199070
2022-05-17,Metro,3238563
2022-05-17,Ecobici,23250
2022-05-17,Metrobús,1361107
2022-05-17,RTP,381673
2022-05-17,Tren Ligero,79560
2022-05-17,Cablebús,121630
2022-05-17,Trolebús,204592
2022-05-18,Metro,3323791
2022-05-18,Ecobici,23455
2022-05-18,Metrobús,1389665
2022-05-18,RTP,368979
2022-05-18,Tren Ligero,81139
2022-05-18,Cablebús,122074
2022-05-18,Trolebús,204448
2022-05-19,Metro,3358793
2022-05-19,Ecobici,22969
2022-05-19,Metrobús,1378137
2022-05-19,RTP,387635
2022-05-19,Tren Ligero,92324
2022-05-19,Cablebús,122612
2022-05-19,Trolebús,208770
2022-05-20,Metro,3358776
2022-05-20,Ecobici,22105
2022-05-20,Metrobús,1414627
2022-05-20,RTP,383084
2022-05-20,Tren Ligero,80720
2022-05-20,Cablebús,125227
2022-05-20,Trolebús,204437
2022-05-21,Metro,2839162
2022-05-21,Ecobici,13295
2022-05-21,Metrobús,1034427
2022-05-21,RTP,242602
2022-05-21,Tren Ligero,61633
2022-05-21,Cablebús,116721
2022-05-21,Trolebús,175078
2022-05-22,Metro,1758950
2022-05-22,Ecobici,11670
2022-05-22,Metrobús,594280
2022-05-22,RTP,160647
2022-05-22,Tren Ligero,35293
2022-05-22,Cablebús,80999
2022-05-22,Trolebús,120273
2022-05-23,Metro,3096843
2022-05-23,Ecobici,17421
2022-05-23,Metrobús,1314469
2022-05-23,RTP,384974
2022-05-23,Tren Ligero,78024
2022-05-23,Cablebús,119798
2022-05-23,Trolebús,199009
2022-05-24,Metro,3240107
2022-05-24,Ecobici,21047
2022-05-24,Metrobús,1359346
2022-05-24,RTP,388436
2022-05-24,Tren Ligero,79385
2022-05-24,Cablebús,120983
2022-05-24,Trolebús,201513
2022-05-25,Metro,3296360
2022-05-25,Ecobici,23184
2022-05-25,Metrobús,1392121
2022-05-25,RTP,398945
2022-05-25,Tren Ligero,78666
2022-05-25,Cablebús,124553
2022-05-25,Trolebús,206575
2022-05-26,Metro,3341784
2022-05-26,Ecobici,22345
2022-05-26,Metrobús,1387138
2022-05-26,RTP,394068
2022-05-26,Tren Ligero,75831
2022-05-26,Cablebús,121387
2022-05-26,Trolebús,207488
2022-05-27,Metro,3416597
2022-05-27,Ecobici,20986
2022-05-27,Metrobús,1458948
2022-05-27,RTP,391806
2022-05-27,Tren Ligero,78463
2022-05-27,Cablebús,126186
2022-05-27,Trolebús,202983
2022-05-28,Metro,2676389
2022-05-28,Ecobici,12942
2022-05-28,Metrobús,960746
2022-05-28,RTP,230103
2022-05-28,Tren Ligero,51058
2022-05-28,Cablebús,106814
2022-05-28,Trolebús,161774
2022-05-29,Metro,1718508
2022-05-29,Ecobici,12829
2022-05-29,Metrobús,609648
2022-05-29,RTP,164252
2022-05-29,Tren Ligero,29924
2022-05-29,Cablebús,80973
2022-05-29,Trolebús,124938
2022-05-30,Metro,3122727
2022-05-30,Ecobici,21376
2022-05-30,Metrobús,1330275
2022-05-30,RTP,386426
2022-05-30,Tren Ligero,77468
2022-05-30,Cablebús,118424
2022-05-30,Trolebús,205581
2022-05-31,Metro,3252392
2022-05-31,Ecobici,23520
2022-05-31,Metrobús,1347726
2022-05-31,RTP,400514
2022-05-31,Tren Ligero,77045
2022-05-31,Cablebús,121753
2022-05-31,Trolebús,210196
2022-06-01,Metro,3356504
2022-06-01,Ecobici,22331
2022-06-01,Metrobús,1369972
2022-06-01,RTP,421202
2022-06-01,Tren Ligero,79653
2022-06-01,Cablebús,122420
2022-06-01,Trolebús,209008
2022-06-02,Metro,3208732
2022-06-02,Ecobici,22070
2022-06-02,Metrobús,1164144
2022-06-02,RTP,384809
2022-06-02,Tren Ligero,65003
2022-06-02,Cablebús,124728
2022-06-02,Trolebús,187707
2022-06-03,Metro,3355010
2022-06-03,Ecobici,21695
2022-06-03,Metrobús,1451434
2022-06-03,RTP,423375
2022-06-03,Tren Ligero,82294
2022-06-03,Cablebús,127257
2022-06-03,Trolebús,212792
2022-06-04,Metro,2786697
2022-06-04,Ecobici,12993
2022-06-04,Metrobús,983725
2022-06-04,RTP,242231
2022-06-04,Tren Ligero,51851
2022-06-04,Cablebús,111059
2022-06-04,Trolebús,170732
2022-06-05,Metro,1750556
2022-06-05,Ecobici,13325
2022-06-05,Metrobús,598266
2022-06-05,RTP,170791
2022-06-05,Tren Ligero,30444
2022-06-05,Cablebús,82102
2022-06-05,Trolebús,125944
2022-06-06,Metro,3139935
2022-06-06,Ecobici,21277
2022-06-06,Metrobús,1339584
2022-06-06,RTP,396020
2022-06-06,Tren Ligero,80651
2022-06-06,Cablebús,85609
2022-06-06,Trolebús,203905
2022-06-07,Metro,3234303
2022-06-07,Ecobici,22111
2022-06-07,Metrobús,1377080
2022-06-07,RTP,420897
2022-06-07,Tren Ligero,79662
2022-06-07,Cablebús,85937
2022-06-07,Trolebús,206235
2022-06-08,Metro,3376642
2022-06-08,Ecobici,20331
2022-06-08,Metrobús,1422189
2022-06-08,RTP,436510
2022-06-08,Tren Ligero,83313
2022-06-08,Cablebús,90465
2022-06-08,Trolebús,215441
2022-06-09,Metro,3310469
2022-06-09,Ecobici,20035
2022-06-09,Metrobús,1359418
2022-06-09,RTP,402441
2022-06-09,Tren Ligero,77648
2022-06-09,Cablebús,86875
2022-06-09,Trolebús,200417
2022-06-10,Metro,3355313
2022-06-10,Ecobici,20480
2022-06-10,Metrobús,1448487
2022-06-10,RTP,410028
2022-06-10,Tren Ligero,78869
2022-06-10,Cablebús,89719
2022-06-10,Trolebús,215403
2022-06-11,Metro,2772822
2022-06-11,Ecobici,12747
2022-06-11,Metrobús,973842
2022-06-11,RTP,244412
2022-06-11,Tren Ligero,52350
2022-06-11,Cablebús,81550
2022-06-11,Trolebús,171280
2022-06-12,Metro,1740074
2022-06-12,Ecobici,11871
2022-06-12,Metrobús,592684
2022-06-12,RTP,177597
2022-06-12,Tren Ligero,30422
2022-06-12,Cablebús,75541
2022-06-12,Trolebús,128397
2022-06-13,Metro,3088471
2022-06-13,Ecobici,20331
2022-06-13,Metrobús,1318608
2022-06-13,RTP,413150
2022-06-13,Tren Ligero,79343
2022-06-13,Cablebús,115023
2022-06-13,Trolebús,197602
2022-06-14,Metro,3163520
2022-06-14,Ecobici,19764
2022-06-14,Metrobús,1343588
2022-06-14,RTP,408758
2022-06-14,Tren Ligero,73583
2022-06-14,Cablebús,112038
2022-06-14,Trolebús,201595
2022-06-15,Metro,3265682
2022-06-15,Ecobici,18494
2022-06-15,Metrobús,1357145
2022-06-15,RTP,432649
2022-06-15,Tren Ligero,74913
2022-06-15,Cablebús,117088
2022-06-15,Trolebús,204039
2022-06-16,Metro,3295460
2022-06-16,Ecobici,20977
2022-06-16,Metrobús,1368360
2022-06-16,RTP,459319
2022-06-16,Tren Ligero,78707
2022-06-16,Cablebús,117868
2022-06-16,Trolebús,212670
2022-06-17,Metro,3359555
2022-06-17,Ecobici,17853
2022-06-17,Metrobús,1437167
2022-06-17,RTP,425076
2022-06-17,Tren Ligero,79886
2022-06-17,Cablebús,120516
2022-06-17,Trolebús,210716
2022-06-18,Metro,2803647
2022-06-18,Ecobici,11576
2022-06-18,Metrobús,970885
2022-06-18,RTP,248601
2022-06-18,Tren Ligero,55817
2022-06-18,Cablebús,111498
2022-06-18,Trolebús,177808
2022-06-19,Metro,1722151
2022-06-19,Ecobici,10096
2022-06-19,Metrobús,597279
2022-06-19,RTP,176586
2022-06-19,Tren Ligero,34529
2022-06-19,Cablebús,80308
2022-06-19,Trolebús,130424
2022-06-20,Metro,2992109
2022-06-20,Ecobici,19558
2022-06-20,Metrobús,1301853
2022-06-20,RTP,445112
2022-06-20,Tren Ligero,74830
2022-06-20,Cablebús,114845
2022-06-20,Trolebús,195974
2022-06-21,Metro,3055529
2022-06-21,Ecobici,16666
2022-06-21,Metrobús,1299527
2022-06-21,RTP,423856
2022-06-21,Tren Ligero,74427
2022-06-21,Cablebús,110117
2022-06-21,Trolebús,194703
2022-06-22,Metro,3110813
2022-06-22,Ecobici,19176
2022-06-22,Metrobús,1343054
2022-06-22,RTP,436911
2022-06-22,Tren Ligero,73565
2022-06-22,Cablebús,110978
2022-06-22,Trolebús,196745
2022-06-23,Metro,3142188
2022-06-23,Ecobici,20519
2022-06-23,Metrobús,1319622
2022-06-23,RTP,453417
2022-06-23,Tren Ligero,72227
2022-06-23,Cablebús,111885
2022-06-23,Trolebús,195131
2022-06-24,Metro,3230587
2022-06-24,Ecobici,19075
2022-06-24,Metrobús,1364033
2022-06-24,RTP,426432
2022-06-24,Tren Ligero,75065
2022-06-24,Cablebús,116968
2022-06-24,Trolebús,192659
2022-06-25,Metro,3010388
2022-06-25,Ecobici,10346
2022-06-25,Metrobús,934438
2022-06-25,RTP,256329
2022-06-25,Tren Ligero,54999
2022-06-25,Cablebús,112091
2022-06-25,Trolebús,144433
2022-06-26,Metro,1719317
2022-06-26,Ecobici,11455
2022-06-26,Metrobús,592363
2022-06-26,RTP,176836
2022-06-26,Tren Ligero,32563
2022-06-26,Cablebús,80666
2022-06-26,Trolebús,127399
2022-06-27,Metro,2950284
2022-06-27,Ecobici,16828
2022-06-27,Metrobús,1247091
2022-06-27,RTP,438371
2022-06-27,Tren Ligero,70628
2022-06-27,Cablebús,109537
2022-06-27,Trolebús,187597
2022-06-28,Metro,2980884
2022-06-28,Ecobici,15589
2022-06-28,Metrobús,1283624
2022-06-28,RTP,443804
2022-06-28,Tren Ligero,71189
2022-06-28,Cablebús,109913
2022-06-28,Trolebús,186335
2022-06-29,Metro,3052313
2022-06-29,Ecobici,19063
2022-06-29,Metrobús,1316037
2022-06-29,RTP,452435
2022-06-29,Tren Ligero,70075
2022-06-29,Cablebús,114565
2022-06-29,Trolebús,196632
2022-06-30,Metro,3094075
2022-06-30,Ecobici,18824
2022-06-30,Metrobús,1319740
2022-06-30,RTP,462382
2022-06-30,Tren Ligero,70860
2022-06-30,Cablebús,113461
2022-06-30,Trolebús,195332
2022-07-01,Metro,3123336
2022-07-01,Ecobici,15013
2022-07-01,Metrobús,1377172
2022-07-01,RTP,416074
2022-07-01,Tren Ligero,70978
2022-07-01,Cablebús,115024
2022-07-01,Trolebús,200377
2022-07-02,Metro,2660241
2022-07-02,Ecobici,11033
2022-07-02,Metrobús,915638
2022-07-02,RTP,253908
2022-07-02,Tren Ligero,54290
2022-07-02,Cablebús,106840
2022-07-02,Trolebús,169894
2022-07-03,Metro,1675094
2022-07-03,Ecobici,11233
2022-07-03,Metrobús,591451
2022-07-03,RTP,188918
2022-07-03,Tren Ligero,29546
2022-07-03,Cablebús,80995
2022-07-03,Trolebús,129673
2022-07-04,Metro,2881202
2022-07-04,Ecobici,17047
2022-07-04,Metrobús,1265963
2022-07-04,RTP,391270
2022-07-04,Tren Ligero,63120
2022-07-04,Cablebús,109519
2022-07-04,Trolebús,203690
2022-07-05,Metro,3006342
2022-07-05,Ecobici,15769
2022-07-05,Metrobús,1281607
2022-07-05,RTP,402348
2022-07-05,Tren Ligero,72104
2022-07-05,Cablebús,107587
2022-07-05,Trolebús,196525
2022-07-06,Metro,3045789
2022-07-06,Ecobici,17314
2022-07-06,Metrobús,1299786
2022-07-06,RTP,364282
2022-07-06,Tren Ligero,68318
2022-07-06,Cablebús,111722
2022-07-06,Trolebús,198617
2022-07-07,Metro,3030342
2022-07-07,Ecobici,16372
2022-07-07,Metrobús,1299567
2022-07-07,RTP,367466
2022-07-07,Tren Ligero,66575
2022-07-07,Cablebús,108495
2022-07-07,Trolebús,201358
2022-07-08,Metro,3071882
2022-07-08,Ecobici,15524
2022-07-08,Metrobús,1367129
2022-07-08,RTP,379220
2022-07-08,Tren Ligero,66345
2022-07-08,Cablebús,111942
2022-07-08,Trolebús,203483
2022-07-09,Metro,2453108
2022-07-09,Ecobici,10410
2022-07-09,Metrobús,982014
2022-07-09,RTP,188420
2022-07-09,Tren Ligero,49803
2022-07-09,Cablebús,102410
2022-07-09,Trolebús,175601
2022-07-10,Metro,1521629
2022-07-10,Ecobici,10772
2022-07-10,Metrobús,630891
2022-07-10,RTP,121076
2022-07-10,Tren Ligero,29512
2022-07-10,Cablebús,78173
2022-07-10,Trolebús,129358
2022-07-11,Metro,2687856
2022-07-11,Ecobici,16029
2022-07-11,Metrobús,1324607
2022-07-11,RTP,387020
2022-07-11,Tren Ligero,65079
2022-07-11,Cablebús,107071
2022-07-11,Trolebús,204195
2022-07-12,Metro,2751131
2022-07-12,Ecobici,17116
2022-07-12,Metrobús,1332363
2022-07-12,RTP,383376
2022-07-12,Tren Ligero,67048
2022-07-12,Cablebús,107852
2022-07-12,Trolebús,209034
2022-07-13,Metro,2810296
2022-07-13,Ecobici,15595
2022-07-13,Metrobús,1354779
2022-07-13,RTP,411536
2022-07-13,Tren Ligero,70531
2022-07-13,Cablebús,110067
2022-07-13,Trolebús,205887
2022-07-14,Metro,2842450
2022-07-14,Ecobici,15911
2022-07-14,Metrobús,1339304
2022-07-14,RTP,400115
2022-07-14,Tren Ligero,64485
2022-07-14,Cablebús,108023
2022-07-14,Trolebús,208840
2022-07-15,Metro,2911214
2022-07-15,Ecobici,14350
2022-07-15,Metrobús,1418915
2022-07-15,RTP,408983
2022-07-15,Tren Ligero,71216
2022-07-15,Cablebús,112836
2022-07-15,Trolebús,211531
2022-07-16,Metro,2471488
2022-07-16,Ecobici,9602
2022-07-16,Metrobús,1006834
2022-07-16,RTP,293767
2022-07-16,Tren Ligero,36578
2022-07-16,Cablebús,106815
2022-07-16,Trolebús,178522
2022-07-17,Metro,1646560
2022-07-17,Ecobici,8186
2022-07-17,Metrobús,626875
2022-07-17,RTP,208236
2022-07-17,Tren Ligero,29797
2022-07-17,Cablebús,66053
2022-07-17,Trolebús,135737
2022-07-18,Metro,2700446
2022-07-18,Ecobici,14575
2022-07-18,Metrobús,1292272
2022-07-18,RTP,415490
2022-07-18,Tren Ligero,62856
2022-07-18,Cablebús,83661
2022-07-18,Trolebús,197103
2022-07-19,Metro,2746453
2022-07-19,Ecobici,14620
2022-07-19,Metrobús,1335487
2022-07-19,RTP,402446
2022-07-19,Tren Ligero,64161
2022-07-19,Cablebús,84223
2022-07-19,Trolebús,206196
2022-07-20,Metro,2831661
2022-07-20,Ecobici,16077
2022-07-20,Metrobús,1347090
2022-07-20,RTP,412709
2022-07-20,Tren Ligero,64002
2022-07-20,Cablebús,84850
2022-07-20,Trolebús,210906
2022-07-21,Metro,2801773
2022-07-21,Ecobici,14859
2022-07-21,Metrobús,1341241
2022-07-21,RTP,413108
2022-07-21,Tren Ligero,63985
2022-07-21,Cablebús,85245
2022-07-21,Trolebús,207638
2022-07-22,Metro,2877956
2022-07-22,Ecobici,14442
2022-07-22,Metrobús,1388845
2022-07-22,RTP,427522
2022-07-22,Tren Ligero,63998
2022-07-22,Cablebús,86729
2022-07-22,Trolebús,195305
2022-07-23,Metro,2454370
2022-07-23,Ecobici,8444
2022-07-23,Metrobús,970067
2022-07-23,RTP,286648
2022-07-23,Tren Ligero,52468
2022-07-23,Cablebús,78031
2022-07-23,Trolebús,184065
2022-07-24,Metro,1555046
2022-07-24,Ecobici,8228
2022-07-24,Metrobús,609732
2022-07-24,RTP,213362
2022-07-24,Tren Ligero,30480
2022-07-24,Cablebús,64735
2022-07-24,Trolebús,128079
2022-07-25,Metro,2698696
2022-07-25,Ecobici,13440
2022-07-25,Metrobús,1306957
2022-07-25,RTP,422618
2022-07-25,Tren Ligero,62678
2022-07-25,Cablebús,94438
2022-07-25,Trolebús,201033
2022-07-26,Metro,2799072
2022-07-26,Ecobici,14454
2022-07-26,Metrobús,1347747
2022-07-26,RTP,429538
2022-07-26,Tren Ligero,64913
2022-07-26,Cablebús,98475
2022-07-26,Trolebús,211938
2022-07-27,Metro,2831017
2022-07-27,Ecobici,10886
2022-07-27,Metrobús,1343041
2022-07-27,RTP,412758
2022-07-27,Tren Ligero,64599
2022-07-27,Cablebús,98713
2022-07-27,Trolebús,205958
2022-07-28,Metro,2798516
2022-07-28,Ecobici,12542
2022-07-28,Metrobús,1362342
2022-07-28,RTP,420284
2022-07-28,Tren Ligero,64652
2022-07-28,Cablebús,98615
2022-07-28,Trolebús,210198
2022-07-29,Metro,2857017
2022-07-29,Ecobici,9698
2022-07-29,Metrobús,1425491
2022-07-29,RTP,413845
2022-07-29,Tren Ligero,64748
2022-07-29,Cablebús,102845
2022-07-29,Trolebús,208074
2022-07-30,Metro,2472455
2022-07-30,Ecobici,8206
2022-07-30,Metrobús,1024803
2022-07-30,RTP,304081
2022-07-30,Tren Ligero,52003
2022-07-30,Cablebús,91607
2022-07-30,Trolebús,181684
2022-07-31,Metro,1666224
2022-07-31,Ecobici,6946
2022-07-31,Metrobús,664419
2022-07-31,RTP,232621
2022-07-31,Tren Ligero,30488
2022-07-31,Cablebús,75554
2022-07-31,Trolebús,138416
2022-08-01,Metro,2810069
2022-08-01,Ecobici,11883
2022-08-01,Metrobús,1361355
2022-08-01,RTP,443311
2022-08-01,Tren Ligero,66553
2022-08-01,Cablebús,97268
2022-08-01,Trolebús,205838
2022-08-02,Metro,2843445
2022-08-02,Ecobici,12163
2022-08-02,Metrobús,1372655
2022-08-02,RTP,441527
2022-08-02,Tren Ligero,67302
2022-08-02,Cablebús,100315
2022-08-02,Trolebús,213269
2022-08-03,Metro,2980682
2022-08-03,Ecobici,11869
2022-08-03,Metrobús,1404766
2022-08-03,RTP,442262
2022-08-03,Tren Ligero,67797
2022-08-03,Cablebús,105364
2022-08-03,Trolebús,211413
2022-08-04,Metro,2961416
2022-08-04,Ecobici,11920
2022-08-04,Metrobús,1400127
2022-08-04,RTP,438354
2022-08-04,Tren Ligero,67068
2022-08-04,Cablebús,100343
2022-08-04,Trolebús,211473
2022-08-05,Metro,3053539
2022-08-05,Ecobici,11733
2022-08-05,Metrobús,1469557
2022-08-05,RTP,448436
2022-08-05,Tren Ligero,69060
2022-08-05,Cablebús,108477
2022-08-05,Trolebús,219858
2022-08-06,Metro,2548164
2022-08-06,Ecobici,7056
2022-08-06,Metrobús,1022525
2022-08-06,RTP,317736
2022-08-06,Tren Ligero,49620
2022-08-06,Cablebús,103330
2022-08-06,Trolebús,183786
2022-08-07,Metro,1698338
2022-08-07,Ecobici,5630
2022-08-07,Metrobús,651010
2022-08-07,RTP,232880
2022-08-07,Tren Ligero,36432
2022-08-07,Cablebús,77079
2022-08-07,Trolebús,132722
2022-08-08,Metro,2910073
2022-08-08,Ecobici,9888
2022-08-08,Metrobús,1391236
2022-08-08,RTP,438093
2022-08-08,Tren Ligero,70033
2022-08-08,Cablebús,108035
2022-08-08,Trolebús,209804
2022-08-09,Metro,2986023
2022-08-09,Ecobici,11173
2022-08-09,Metrobús,1430151
2022-08-09,RTP,445299
2022-08-09,Tren Ligero,71953
2022-08-09,Cablebús,110581
2022-08-09,Trolebús,217537
2022-08-10,Metro,3101459
2022-08-10,Ecobici,13053
2022-08-10,Metrobús,1443522
2022-08-10,RTP,452614
2022-08-10,Tren Ligero,75741
2022-08-10,Cablebús,111353
2022-08-10,Trolebús,223585
2022-08-11,Metro,3156258
2022-08-11,Ecobici,12950
2022-08-11,Metrobús,1442549
2022-08-11,RTP,454420
2022-08-11,Tren Ligero,75701
2022-08-11,Cablebús,113104
2022-08-11,Trolebús,226300
2022-08-12,Metro,3179467
2022-08-12,Ecobici,10966
2022-08-12,Metrobús,1515737
2022-08-12,RTP,449084
2022-08-12,Tren Ligero,75310
2022-08-12,Cablebús,113992
2022-08-12,Trolebús,231309
2022-08-13,Metro,2671225
2022-08-13,Ecobici,6979
2022-08-13,Metrobús,1034984
2022-08-13,RTP,309212
2022-08-13,Tren Ligero,51205
2022-08-13,Cablebús,106648
2022-08-13,Trolebús,187760
2022-08-14,Metro,1661314
2022-08-14,Ecobici,7301
2022-08-14,Metrobús,662026
2022-08-14,RTP,235068
2022-08-14,Tren Ligero,36933
2022-08-14,Cablebús,79202
2022-08-14,Trolebús,136436
2022-08-15,Metro,3049993
2022-08-15,Ecobici,11258
2022-08-15,Metrobús,1468516
2022-08-15,RTP,470189
2022-08-15,Tren Ligero,80233
2022-08-15,Cablebús,119129
2022-08-15,Trolebús,222543
2022-08-16,Metro,3191562
2022-08-16,Ecobici,12759
2022-08-16,Metrobús,1510858
2022-08-16,RTP,463589
2022-08-16,Tren Ligero,82012
2022-08-16,Cablebús,118812
2022-08-16,Trolebús,233763
2022-08-17,Metro,3287591
2022-08-17,Ecobici,14282
2022-08-17,Metrobús,1536984
2022-08-17,RTP,476381
2022-08-17,Tren Ligero,84789
2022-08-17,Cablebús,122239
2022-08-17,Trolebús,241369
2022-08-18,Metro,3302399
2022-08-18,Ecobici,12416
2022-08-18,Metrobús,1510443
2022-08-18,RTP,455222
2022-08-18,Tren Ligero,80683
2022-08-18,Cablebús,117526
2022-08-18,Trolebús,234132
2022-08-19,Metro,3337070
2022-08-19,Ecobici,13737
2022-08-19,Metrobús,1571336
2022-08-19,RTP,469203
2022-08-19,Tren Ligero,89374
2022-08-19,Cablebús,123771
2022-08-19,Trolebús,242783
2022-08-20,Metro,2748712
2022-08-20,Ecobici,7939
2022-08-20,Metrobús,1074912
2022-08-20,RTP,318560
2022-08-20,Tren Ligero,62231
2022-08-20,Cablebús,108335
2022-08-20,Trolebús,194570
2022-08-21,Metro,1744370
2022-08-21,Ecobici,8026
2022-08-21,Metrobús,670510
2022-08-21,RTP,248965
2022-08-21,Tren Ligero,33549
2022-08-21,Cablebús,71841
2022-08-21,Trolebús,139830
2022-08-22,Metro,3179333
2022-08-22,Ecobici,13537
2022-08-22,Metrobús,1485182
2022-08-22,RTP,478175
2022-08-22,Tren Ligero,82272
2022-08-22,Cablebús,121170
2022-08-22,Trolebús,231897
2022-08-23,Metro,3279084
2022-08-23,Ecobici,15095
2022-08-23,Metrobús,1527123
2022-08-23,RTP,482451
2022-08-23,Tren Ligero,83582
2022-08-23,Cablebús,121793
2022-08-23,Trolebús,236209
2022-08-24,Metro,3330584
2022-08-24,Ecobici,15159
2022-08-24,Metrobús,1539533
2022-08-24,RTP,487149
2022-08-24,Tren Ligero,85478
2022-08-24,Cablebús,124656
2022-08-24,Trolebús,238117
2022-08-25,Metro,3378373
2022-08-25,Ecobici,15611
2022-08-25,Metrobús,1540199
2022-08-25,RTP,479098
2022-08-25,Tren Ligero,82271
2022-08-25,Cablebús,123484
2022-08-25,Trolebús,242369
2022-08-26,Metro,3390938
2022-08-26,Ecobici,13261
2022-08-26,Metrobús,1579966
2022-08-26,RTP,473775
2022-08-26,Tren Ligero,82973
2022-08-26,Cablebús,123429
2022-08-26,Trolebús,241157
2022-08-27,Metro,2709660
2022-08-27,Ecobici,8662
2022-08-27,Metrobús,1056296
2022-08-27,RTP,327504
2022-08-27,Tren Ligero,60370
2022-08-27,Cablebús,105721
2022-08-27,Trolebús,194988
2022-08-28,Metro,1839652
2022-08-28,Ecobici,7939
2022-08-28,Metrobús,597391
2022-08-28,RTP,249384
2022-08-28,Tren Ligero,33323
2022-08-28,Cablebús,82324
2022-08-28,Trolebús,121902
2022-08-29,Metro,3178444
2022-08-29,Ecobici,14075
2022-08-29,Metrobús,1518430
2022-08-29,RTP,477663
2022-08-29,Tren Ligero,87003
2022-08-29,Cablebús,126984
2022-08-29,Trolebús,245050
2022-08-30,Metro,3312018
2022-08-30,Ecobici,15553
2022-08-30,Metrobús,1545951
2022-08-30,RTP,486603
2022-08-30,Tren Ligero,90342
2022-08-30,Cablebús,127063
2022-08-30,Trolebús,249020
2022-08-31,Metro,3363362
2022-08-31,Ecobici,15054
2022-08-31,Metrobús,1576314
2022-08-31,RTP,486801
2022-08-31,Tren Ligero,90149
2022-08-31,Cablebús,128367
2022-08-31,Trolebús,249750
2022-09-01,Metro,3442728
2022-09-01,Ecobici,15762
2022-09-01,Metrobús,1615177
2022-09-01,RTP,475730
2022-09-01,Tren Ligero,90511
2022-09-01,Cablebús,130396
2022-09-01,Trolebús,252821
2022-09-02,Metro,3468404
2022-09-02,Ecobici,14707
2022-09-02,Metrobús,1663924
2022-09-02,RTP,474378
2022-09-02,Tren Ligero,87191
2022-09-02,Cablebús,135794
2022-09-02,Trolebús,252266
2022-09-03,Metro,2795238
2022-09-03,Ecobici,8641
2022-09-03,Metrobús,1063274
2022-09-03,RTP,326255
2022-09-03,Tren Ligero,59926
2022-09-03,Cablebús,112904
2022-09-03,Trolebús,191894
2022-09-04,Metro,1745097
2022-09-04,Ecobici,8426
2022-09-04,Metrobús,686886
2022-09-04,RTP,240066
2022-09-04,Tren Ligero,31551
2022-09-04,Cablebús,83788
2022-09-04,Trolebús,143273
2022-09-05,Metro,3326781
2022-09-05,Ecobici,14332
2022-09-05,Metrobús,1607344
2022-09-05,RTP,472554
2022-09-05,Tren Ligero,91479
2022-09-05,Cablebús,141187
2022-09-05,Trolebús,251612
2022-09-06,Metro,3399150
2022-09-06,Ecobici,13793
2022-09-06,Metrobús,1625163
2022-09-06,RTP,459955
2022-09-06,Tren Ligero,93481
2022-09-06,Cablebús,138723
2022-09-06,Trolebús,242290
2022-09-07,Metro,3474742
2022-09-07,Ecobici,14398
2022-09-07,Metrobús,1615616
2022-09-07,RTP,456610
2022-09-07,Tren Ligero,89220
2022-09-07,Cablebús,135348
2022-09-07,Trolebús,249816
2022-09-08,Metro,3432876
2022-09-08,Ecobici,14898
2022-09-08,Metrobús,1616827
2022-09-08,RTP,467879
2022-09-08,Tren Ligero,86544
2022-09-08,Cablebús,136425
2022-09-08,Trolebús,249563
2022-09-09,Metro,3507619
2022-09-09,Ecobici,14514
2022-09-09,Metrobús,1690699
2022-09-09,RTP,469745
2022-09-09,Tren Ligero,89240
2022-09-09,Cablebús,137521
2022-09-09,Trolebús,254564
2022-09-10,Metro,2761685
2022-09-10,Ecobici,8443
2022-09-10,Metrobús,1082656
2022-09-10,RTP,321056
2022-09-10,Tren Ligero,52487
2022-09-10,Cablebús,116658
2022-09-10,Trolebús,195688
2022-09-11,Metro,1719270
2022-09-11,Ecobici,8603
2022-09-11,Metrobús,670497
2022-09-11,RTP,240320
2022-09-11,Tren Ligero,35796
2022-09-11,Cablebús,83227
2022-09-11,Trolebús,146310
2022-09-12,Metro,3306647
2022-09-12,Ecobici,13654
2022-09-12,Metrobús,1626070
2022-09-12,RTP,482086
2022-09-12,Tren Ligero,89783
2022-09-12,Cablebús,135831
2022-09-12,Trolebús,232073
2022-09-13,Metro,3420475
2022-09-13,Ecobici,14768
2022-09-13,Metrobús,1564287
2022-09-13,RTP,482928
2022-09-13,Tren Ligero,84000
2022-09-13,Cablebús,135626
2022-09-13,Trolebús,230825
2022-09-14,Metro,3434379
2022-09-14,Ecobici,14491
2022-09-14,Metrobús,1697078
2022-09-14,RTP,482671
2022-09-14,Tren Ligero,98433
2022-09-14,Cablebús,137801
2022-09-14,Trolebús,255200
2022-09-15,Metro,3064215
2022-09-15,Ecobici,10256
2022-09-15,Metrobús,1229941
2022-09-15,RTP,403614
2022-09-15,Tren Ligero,77968
2022-09-15,Cablebús,124062
2022-09-15,Trolebús,202171
2022-09-16,Metro,1503227
2022-09-16,Ecobici,5234
2022-09-16,Metrobús,543139
2022-09-16,RTP,203295
2022-09-16,Tren Ligero,28046
2022-09-16,Cablebús,70830
2022-09-16,Trolebús,127966
2022-09-17,Metro,2110071
2022-09-17,Ecobici,6177
2022-09-17,Metrobús,902182
2022-09-17,RTP,281330
2022-09-17,Tren Ligero,60541
2022-09-17,Cablebús,97716
2022-09-17,Trolebús,169531
2022-09-18,Metro,1527326
2022-09-18,Ecobici,5730
2022-09-18,Metrobús,657905
2022-09-18,RTP,212431
2022-09-18,Tren Ligero,29566
2022-09-18,Cablebús,75897
2022-09-18,Trolebús,136198
2022-09-19,Metro,3111181
2022-09-19,Ecobici,9713
2022-09-19,Metrobús,1436627
2022-09-19,RTP,452376
2022-09-19,Tren Ligero,81306
2022-09-19,Cablebús,114009
2022-09-19,Trolebús,214586
2022-09-20,Metro,3207222
2022-09-20,Ecobici,12486
2022-09-20,Metrobús,1492276
2022-09-20,RTP,463357
2022-09-20,Tren Ligero,89133
2022-09-20,Cablebús,127158
2022-09-20,Trolebús,229279
2022-09-21,Metro,3406434
2022-09-21,Ecobici,13561
2022-09-21,Metrobús,1440624
2022-09-21,RTP,468219
2022-09-21,Tren Ligero,88651
2022-09-21,Cablebús,129889
2022-09-21,Trolebús,240759
2022-09-22,Metro,3215285
2022-09-22,Ecobici,12295
2022-09-22,Metrobús,1463530
2022-09-22,RTP,452687
2022-09-22,Tren Ligero,77940
2022-09-22,Cablebús,120725
2022-09-22,Trolebús,227510
2022-09-23,Metro,3345278
2022-09-23,Ecobici,11778
2022-09-23,Metrobús,1614374
2022-09-23,RTP,466986
2022-09-23,Tren Ligero,80754
2022-09-23,Cablebús,129283
2022-09-23,Trolebús,234264
2022-09-24,Metro,2661971
2022-09-24,Ecobici,5412
2022-09-24,Metrobús,1006251
2022-09-24,RTP,298577
2022-09-24,Tren Ligero,51475
2022-09-24,Cablebús,106764
2022-09-24,Trolebús,179526
2022-09-25,Metro,1718700
2022-09-25,Ecobici,6823
2022-09-25,Metrobús,662389
2022-09-25,RTP,234187
2022-09-25,Tren Ligero,32209
2022-09-25,Cablebús,83067
2022-09-25,Trolebús,148555
2022-09-26,Metro,3241548
2022-09-26,Ecobici,10457
2022-09-26,Metrobús,1470522
2022-09-26,RTP,474153
2022-09-26,Tren Ligero,87204
2022-09-26,Cablebús,128181
2022-09-26,Trolebús,228083
2022-09-27,Metro,3301667
2022-09-27,Ecobici,10984
2022-09-27,Metrobús,1535699
2022-09-27,RTP,467181
2022-09-27,Tren Ligero,88495
2022-09-27,Cablebús,128581
2022-09-27,Trolebús,234805
2022-09-28,Metro,3356457
2022-09-28,Ecobici,10777
2022-09-28,Metrobús,1527786
2022-09-28,RTP,470987
2022-09-28,Tren Ligero,84889
2022-09-28,Cablebús,129124
2022-09-28,Trolebús,232621
2022-09-29,Metro,3324846
2022-09-29,Ecobici,10768
2022-09-29,Metrobús,1552498
2022-09-29,RTP,466507
2022-09-29,Tren Ligero,82535
2022-09-29,Cablebús,130378
2022-09-29,Trolebús,239124
2022-09-30,Metro,3463983
2022-09-30,Ecobici,10681
2022-09-30,Metrobús,1638969
2022-09-30,RTP,473394
2022-09-30,Tren Ligero,85982
2022-09-30,Cablebús,131641
2022-09-30,Trolebús,247392
2022-10-01,Metro,2834934
2022-10-01,Ecobici,4250
2022-10-01,Metrobús,1093298
2022-10-01,RTP,332805
2022-10-01,Tren Ligero,60768
2022-10-01,Cablebús,115317
2022-10-01,Trolebús,195676
2022-10-02,Metro,1760304
2022-10-02,Ecobici,4687
2022-10-02,Metrobús,670746
2022-10-02,RTP,246366
2022-10-02,Tren Ligero,33593
2022-10-02,Cablebús,84539
2022-10-02,Trolebús,138985
2022-10-03,Metro,3245959
2022-10-03,Ecobici,6776
2022-10-03,Metrobús,1510527
2022-10-03,RTP,486695
2022-10-03,Tren Ligero,84509
2022-10-03,Cablebús,131106
2022-10-03,Trolebús,237058
2022-10-04,Metro,3377922
2022-10-04,Ecobici,6938
2022-10-04,Metrobús,1565350
2022-10-04,RTP,469529
2022-10-04,Tren Ligero,84965
2022-10-04,Cablebús,131476
2022-10-04,Trolebús,231354
2022-10-05,Metro,3377814
2022-10-05,Ecobici,6486
2022-10-05,Metrobús,1583312
2022-10-05,RTP,467042
2022-10-05,Tren Ligero,97272
2022-10-05,Cablebús,131004
2022-10-05,Trolebús,232267
2022-10-06,Metro,3325300
2022-10-06,Ecobici,5351
2022-10-06,Metrobús,1564640
2022-10-06,RTP,454757
2022-10-06,Tren Ligero,81956
2022-10-06,Cablebús,129889
2022-10-06,Trolebús,224955
2022-10-07,Metro,3439726
2022-10-07,Ecobici,6558
2022-10-07,Metrobús,1641993
2022-10-07,RTP,454796
2022-10-07,Tren Ligero,86200
2022-10-07,Cablebús,133852
2022-10-07,Trolebús,236463
2022-10-08,Metro,2739499
2022-10-08,Ecobici,4738
2022-10-08,Metrobús,1076449
2022-10-08,RTP,332668
2022-10-08,Tren Ligero,56740
2022-10-08,Cablebús,113182
2022-10-08,Trolebús,182666
2022-10-09,Metro,1716427
2022-10-09,Ecobici,5013
2022-10-09,Metrobús,661237
2022-10-09,RTP,243059
2022-10-09,Tren Ligero,31161
2022-10-09,Cablebús,80154
2022-10-09,Trolebús,142667
2022-10-10,Metro,3188800
2022-10-10,Ecobici,7555
2022-10-10,Metrobús,1529413
2022-10-10,RTP,472435
2022-10-10,Tren Ligero,84357
2022-10-10,Cablebús,130948
2022-10-10,Trolebús,214750
2022-10-11,Metro,3306555
2022-10-11,Ecobici,8054
2022-10-11,Metrobús,1504828
2022-10-11,RTP,465616
2022-10-11,Tren Ligero,85802
2022-10-11,Cablebús,130287
2022-10-11,Trolebús,228468
2022-10-12,Metro,3381715
2022-10-12,Ecobici,8107
2022-10-12,Metrobús,1580424
2022-10-12,RTP,475762
2022-10-12,Tren Ligero,86153
2022-10-12,Cablebús,134889
2022-10-12,Trolebús,224561
2022-10-13,Metro,3388915
2022-10-13,Ecobici,8272
2022-10-13,Metrobús,1567335
2022-10-13,RTP,487449
2022-10-13,Tren Ligero,85380
2022-10-13,Cablebús,133199
2022-10-13,Trolebús,224468
2022-10-14,Metro,3530779
2022-10-14,Ecobici,8114
2022-10-14,Metrobús,1672768
2022-10-14,RTP,496749
2022-10-14,Tren Ligero,86747
2022-10-14,Cablebús,138524
2022-10-14,Trolebús,235307
2022-10-15,Metro,2909239
2022-10-15,Ecobici,5082
2022-10-15,Metrobús,1132233
2022-10-15,RTP,341532
2022-10-15,Tren Ligero,69448
2022-10-15,Cablebús,119188
2022-10-15,Trolebús,197646
2022-10-16,Metro,1813960
2022-10-16,Ecobici,5766
2022-10-16,Metrobús,729320
2022-10-16,RTP,258975
2022-10-16,Tren Ligero,34820
2022-10-16,Cablebús,87009
2022-10-16,Trolebús,145927
2022-10-17,Metro,3285249
2022-10-17,Ecobici,6625
2022-10-17,Metrobús,1510352
2022-10-17,RTP,492030
2022-10-17,Tren Ligero,88551
2022-10-17,Cablebús,129144
2022-10-17,Trolebús,219282
2022-10-18,Metro,3335203
2022-10-18,Ecobici,7314
2022-10-18,Metrobús,1549870
2022-10-18,RTP,470868
2022-10-18,Tren Ligero,84566
2022-10-18,Cablebús,129434
2022-10-18,Trolebús,212204
2022-10-19,Metro,3362728
2022-10-19,Ecobici,8200
2022-10-19,Metrobús,1598093
2022-10-19,RTP,481004
2022-10-19,Tren Ligero,86081
2022-10-19,Cablebús,133486
2022-10-19,Trolebús,218269
2022-10-20,Metro,3461382
2022-10-20,Ecobici,8268
2022-10-20,Metrobús,1619438
2022-10-20,RTP,486079
2022-10-20,Tren Ligero,87970
2022-10-20,Cablebús,135443
2022-10-20,Trolebús,215742
2022-10-21,Metro,3501855
2022-10-21,Ecobici,8192
2022-10-21,Metrobús,1670656
2022-10-21,RTP,486065
2022-10-21,Tren Ligero,90791
2022-10-21,Cablebús,136525
2022-10-21,Trolebús,228779
2022-10-22,Metro,3028113
2022-10-22,Ecobici,6216
2022-10-22,Metrobús,1132985
2022-10-22,RTP,345109
2022-10-22,Tren Ligero,70095
2022-10-22,Cablebús,122400
2022-10-22,Trolebús,185726
2022-10-23,Metro,1837960
2022-10-23,Ecobici,7232
2022-10-23,Metrobús,715331
2022-10-23,RTP,260110
2022-10-23,Tren Ligero,37066
2022-10-23,Cablebús,86956
2022-10-23,Trolebús,145507
2022-10-24,Metro,3285572
2022-10-24,Ecobici,9330
2022-10-24,Metrobús,1559008
2022-10-24,RTP,490786
2022-10-24,Tren Ligero,87509
2022-10-24,Cablebús,132308
2022-10-24,Trolebús,214880
2022-10-25,Metro,3421989
2022-10-25,Ecobici,9769
2022-10-25,Metrobús,1593432
2022-10-25,RTP,482210
2022-10-25,Tren Ligero,89534
2022-10-25,Cablebús,136380
2022-10-25,Trolebús,212660
2022-10-26,Metro,3471210
2022-10-26,Ecobici,10603
2022-10-26,Metrobús,1617950
2022-10-26,RTP,487777
2022-10-26,Tren Ligero,88194
2022-10-26,Cablebús,135135
2022-10-26,Trolebús,228541
2022-10-27,Metro,3528934
2022-10-27,Ecobici,10853
2022-10-27,Metrobús,1630073
2022-10-27,RTP,479435
2022-10-27,Tren Ligero,90734
2022-10-27,Cablebús,133040
2022-10-27,Trolebús,222966
2022-10-28,Metro,3695942
2022-10-28,Ecobici,10479
2022-10-28,Metrobús,1692586
2022-10-28,RTP,471728
2022-10-28,Tren Ligero,90206
2022-10-28,Cablebús,137838
2022-10-28,Trolebús,218806
2022-10-29,Metro,3152926
2022-10-29,Ecobici,8448
2022-10-29,Metrobús,1143062
2022-10-29,RTP,342935
2022-10-29,Tren Ligero,61550
2022-10-29,Cablebús,121394
2022-10-29,Trolebús,227448
2022-10-30,Metro,2082645
2022-10-30,Ecobici,7588
2022-10-30,Metrobús,760848
2022-10-30,RTP,257431
2022-10-30,Tren Ligero,37589
2022-10-30,Cablebús,85054
2022-10-30,Trolebús,187598
2022-10-31,Metro,3304924
2022-10-31,Ecobici,11427
2022-10-31,Metrobús,1523846
2022-10-31,RTP,469337
2022-10-31,Tren Ligero,86790
2022-10-31,Cablebús,122317
2022-10-31,Trolebús,265811
2022-11-01,Metro,2993248
2022-11-01,Ecobici,12532
2022-11-01,Metrobús,1347480
2022-11-01,RTP,433025
2022-11-01,Tren Ligero,70351
2022-11-01,Cablebús,122432
2022-11-01,Trolebús,265206
2022-11-02,Metro,2175591
2022-11-02,Ecobici,10643
2022-11-02,Metrobús,962196
2022-11-02,RTP,329213
2022-11-02,Tren Ligero,44729
2022-11-02,Cablebús,83605
2022-11-02,Trolebús,200161
2022-11-03,Metro,3354653
2022-11-03,Ecobici,14134
2022-11-03,Metrobús,1591996
2022-11-03,RTP,472715
2022-11-03,Tren Ligero,85424
2022-11-03,Cablebús,126210
2022-11-03,Trolebús,255322
2022-11-04,Metro,3488516
2022-11-04,Ecobici,13120
2022-11-04,Metrobús,1683187
2022-11-04,RTP,462343
2022-11-04,Tren Ligero,96657
2022-11-04,Cablebús,127383
2022-11-04,Trolebús,282347
2022-11-05,Metro,2790388
2022-11-05,Ecobici,13496
2022-11-05,Metrobús,1067793
2022-11-05,RTP,324382
2022-11-05,Tren Ligero,54124
2022-11-05,Cablebús,108388
2022-11-05,Trolebús,219793
2022-11-06,Metro,1769825
2022-11-06,Ecobici,10268
2022-11-06,Metrobús,695432
2022-11-06,RTP,239481
2022-11-06,Tren Ligero,34248
2022-11-06,Cablebús,80541
2022-11-06,Trolebús,175316
2022-11-07,Metro,3333375
2022-11-07,Ecobici,14386
2022-11-07,Metrobús,1613722
2022-11-07,RTP,470888
2022-11-07,Tren Ligero,90705
2022-11-07,Cablebús,129281
2022-11-07,Trolebús,266944
2022-11-08,Metro,3445174
2022-11-08,Ecobici,15608
2022-11-08,Metrobús,1660728
2022-11-08,RTP,478002
2022-11-08,Tren Ligero,93549
2022-11-08,Cablebús,130644
2022-11-08,Trolebús,282981
2022-11-09,Metro,3491645
2022-11-09,Ecobici,15769
2022-11-09,Metrobús,1635847
2022-11-09,RTP,479853
2022-11-09,Tren Ligero,91968
2022-11-09,Cablebús,128968
2022-11-09,Trolebús,279355
2022-11-10,Metro,3485489
2022-11-10,Ecobici,15386
2022-11-10,Metrobús,1644976
2022-11-10,RTP,468049
2022-11-10,Tren Ligero,92340
2022-11-10,Cablebús,128295
2022-11-10,Trolebús,281911
2022-11-11,Metro,3595871
2022-11-11,Ecobici,15709
2022-11-11,Metrobús,1692027
2022-11-11,RTP,475279
2022-11-11,Tren Ligero,103010
2022-11-11,Cablebús,130595
2022-11-11,Trolebús,284208
2022-11-12,Metro,2922801
2022-11-12,Ecobici,10978
2022-11-12,Metrobús,1122759
2022-11-12,RTP,327933
2022-11-12,Tren Ligero,59473
2022-11-12,Cablebús,111594
2022-11-12,Trolebús,225765
2022-11-13,Metro,1903375
2022-11-13,Ecobici,11743
2022-11-13,Metrobús,792499
2022-11-13,RTP,259633
2022-11-13,Tren Ligero,37679
2022-11-13,Cablebús,86745
2022-11-13,Trolebús,191091
2022-11-14,Metro,3372698
2022-11-14,Ecobici,16614
2022-11-14,Metrobús,1665522
2022-11-14,RTP,509106
2022-11-14,Tren Ligero,92768
2022-11-14,Cablebús,130322
2022-11-14,Trolebús,287443
2022-11-15,Metro,3452186
2022-11-15,Ecobici,16623
2022-11-15,Metrobús,1646068
2022-11-15,RTP,484809
2022-11-15,Tren Ligero,91711
2022-11-15,Cablebús,129409
2022-11-15,Trolebús,283495
2022-11-16,Metro,3534130
2022-11-16,Ecobici,16617
2022-11-16,Metrobús,1672172
2022-11-16,RTP,501224
2022-11-16,Tren Ligero,90860
2022-11-16,Cablebús,130348
2022-11-16,Trolebús,281187
2022-11-17,Metro,3572103
2022-11-17,Ecobici,15928
2022-11-17,Metrobús,1685907
2022-11-17,RTP,486975
2022-11-17,Tren Ligero,91784
2022-11-17,Cablebús,130320
2022-11-17,Trolebús,280668
2022-11-18,Metro,3701290
2022-11-18,Ecobici,15667
2022-11-18,Metrobús,1716567
2022-11-18,RTP,461028
2022-11-18,Tren Ligero,92622
2022-11-18,Cablebús,129979
2022-11-18,Trolebús,280093
2022-11-19,Metro,2952687
2022-11-19,Ecobici,9819
2022-11-19,Metrobús,1149621
2022-11-19,RTP,337177
2022-11-19,Tren Ligero,56447
2022-11-19,Cablebús,110218
2022-11-19,Trolebús,230331
2022-11-20,Metro,1781440
2022-11-20,Ecobici,9183
2022-11-20,Metrobús,732926
2022-11-20,RTP,252574
2022-11-20,Tren Ligero,33216
2022-11-20,Cablebús,79304
2022-11-20,Trolebús,166221
2022-11-21,Metro,1897016
2022-11-21,Ecobici,8452
2022-11-21,Metrobús,823770
2022-11-21,RTP,288172
2022-11-21,Tren Ligero,53657
2022-11-21,Cablebús,80523
2022-11-21,Trolebús,178514
2022-11-22,Metro,3301834
2022-11-22,Ecobici,16441
2022-11-22,Metrobús,1572366
2022-11-22,RTP,477244
2022-11-22,Tren Ligero,91571
2022-11-22,Cablebús,126731
2022-11-22,Trolebús,274927
2022-11-23,Metro,3458164
2022-11-23,Ecobici,16784
2022-11-23,Metrobús,1591874
2022-11-23,RTP,485798
2022-11-23,Tren Ligero,88028
2022-11-23,Cablebús,128034
2022-11-23,Trolebús,273812
2022-11-24,Metro,3516302
2022-11-24,Ecobici,16839
2022-11-24,Metrobús,1598809
2022-11-24,RTP,481937
2022-11-24,Tren Ligero,89883
2022-11-24,Cablebús,127314
2022-11-24,Trolebús,279880
2022-11-25,Metro,3626825
2022-11-25,Ecobici,16463
2022-11-25,Metrobús,1546581
2022-11-25,RTP,463923
2022-11-25,Tren Ligero,89919
2022-11-25,Cablebús,130603
2022-11-25,Trolebús,280063
2022-11-26,Metro,2774552
2022-11-26,Ecobici,10514
2022-11-26,Metrobús,1159747
2022-11-26,RTP,326715
2022-11-26,Tren Ligero,52916
2022-11-26,Cablebús,105095
2022-11-26,Trolebús,216399
2022-11-27,Metro,2084521
2022-11-27,Ecobici,9412
2022-11-27,Metrobús,636239
2022-11-27,RTP,321602
2022-11-27,Tren Ligero,36325
2022-11-27,Cablebús,83761
2022-11-27,Trolebús,158060
2022-11-28,Metro,3286234
2022-11-28,Ecobici,16364
2022-11-28,Metrobús,1584574
2022-11-28,RTP,437085
2022-11-28,Tren Ligero,84272
2022-11-28,Cablebús,124668
2022-11-28,Trolebús,274150
2022-11-29,Metro,3366184
2022-11-29,Ecobici,18520
2022-11-29,Metrobús,1621275
2022-11-29,RTP,489568
2022-11-29,Tren Ligero,88948
2022-11-29,Cablebús,128326
2022-11-29,Trolebús,286153
2022-11-30,Metro,3403080
2022-11-30,Ecobici,18227
2022-11-30,Metrobús,1644682
2022-11-30,RTP,492687
2022-11-30,Tren Ligero,88622
2022-11-30,Cablebús,127011
2022-11-30,Trolebús,274148
2022-12-01,Metro,3547171
2022-12-01,Ecobici,18403
2022-12-01,Metrobús,1657438
2022-12-01,RTP,515149
2022-12-01,Tren Ligero,89082
2022-12-01,Cablebús,129713
2022-12-01,Trolebús,281017
2022-12-02,Metro,3615730
2022-12-02,Ecobici,17973
2022-12-02,Metrobús,1692539
2022-12-02,RTP,502693
2022-12-02,Tren Ligero,89565
2022-12-02,Cablebús,130671
2022-12-02,Trolebús,283721
2022-12-03,Metro,2998146
2022-12-03,Ecobici,11006
2022-12-03,Metrobús,1108740
2022-12-03,RTP,353670
2022-12-03,Tren Ligero,64671
2022-12-03,Cablebús,113140
2022-12-03,Trolebús,239335
2022-12-04,Metro,1959326
2022-12-04,Ecobici,11729
2022-12-04,Metrobús,761691
2022-12-04,RTP,284144
2022-12-04,Tren Ligero,36605
2022-12-04,Cablebús,87142
2022-12-04,Trolebús,176966
2022-12-05,Metro,3361924
2022-12-05,Ecobici,17684
2022-12-05,Metrobús,1583092
2022-12-05,RTP,512748
2022-12-05,Tren Ligero,86679
2022-12-05,Cablebús,127577
2022-12-05,Trolebús,262321
2022-12-06,Metro,3445757
2022-12-06,Ecobici,19150
2022-12-06,Metrobús,1618645
2022-12-06,RTP,499346
2022-12-06,Tren Ligero,90791
2022-12-06,Cablebús,126471
2022-12-06,Trolebús,260173
2022-12-07,Metro,3577629
2022-12-07,Ecobici,19405
2022-12-07,Metrobús,1633035
2022-12-07,RTP,491384
2022-12-07,Tren Ligero,88825
2022-12-07,Cablebús,127102
2022-12-07,Trolebús,249889
2022-12-08,Metro,3553252
2022-12-08,Ecobici,19180
2022-12-08,Metrobús,1616398
2022-12-08,RTP,479606
2022-12-08,Tren Ligero,88754
2022-12-08,Cablebús,129235
2022-12-08,Trolebús,261417
2022-12-09,Metro,3593087
2022-12-09,Ecobici,16019
2022-12-09,Metrobús,1726159
2022-12-09,RTP,494546
2022-12-09,Tren Ligero,105672
2022-12-09,Cablebús,129169
2022-12-09,Trolebús,266413
2022-12-10,Metro,2994584
2022-12-10,Ecobici,11546
2022-12-10,Metrobús,1114275
2022-12-10,RTP,354785
2022-12-10,Tren Ligero,75302
2022-12-10,Cablebús,114549
2022-12-10,Trolebús,228869
2022-12-11,Metro,2034137
2022-12-11,Ecobici,11818
2022-12-11,Metrobús,720739
2022-12-11,RTP,269968
2022-12-11,Tren Ligero,35284
2022-12-11,Cablebús,88689
2022-12-11,Trolebús,163900
2022-12-12,Metro,2951686
2022-12-12,Ecobici,16360
2022-12-12,Metrobús,1244542
2022-12-12,RTP,468969
2022-12-12,Tren Ligero,66172
2022-12-12,Cablebús,109632
2022-12-12,Trolebús,218020
2022-12-13,Metro,3350583
2022-12-13,Ecobici,18471
2022-12-13,Metrobús,1592255
2022-12-13,RTP,506267
2022-12-13,Tren Ligero,84149
2022-12-13,Cablebús,124581
2022-12-13,Trolebús,252983
2022-12-14,Metro,3484838
2022-12-14,Ecobici,18588
2022-12-14,Metrobús,1610272
2022-12-14,RTP,509385
2022-12-14,Tren Ligero,84302
2022-12-14,Cablebús,124007
2022-12-14,Trolebús,264728
2022-12-15,Metro,3475339
2022-12-15,Ecobici,17688
2022-12-15,Metrobús,1634819
2022-12-15,RTP,503042
2022-12-15,Tren Ligero,64390
2022-12-15,Cablebús,124630
2022-12-15,Trolebús,262227
2022-12-16,Metro,3496611
2022-12-16,Ecobici,16904
2022-12-16,Metrobús,1648566
2022-12-16,RTP,492265
2022-12-16,Tren Ligero,78839
2022-12-16,Cablebús,125458
2022-12-16,Trolebús,272299
2022-12-17,Metro,2977274
2022-12-17,Ecobici,11038
2022-12-17,Metrobús,1129909
2022-12-17,RTP,344649
2022-12-17,Tren Ligero,55528
2022-12-17,Cablebús,115408
2022-12-17,Trolebús,225464
2022-12-18,Metro,2081118
2022-12-18,Ecobici,9867
2022-12-18,Metrobús,760483
2022-12-18,RTP,285270
2022-12-18,Tren Ligero,34285
2022-12-18,Cablebús,90659
2022-12-18,Trolebús,179454
2022-12-19,Metro,3134465
2022-12-19,Ecobici,15191
2022-12-19,Metrobús,1411674
2022-12-19,RTP,458799
2022-12-19,Tren Ligero,70828
2022-12-19,Cablebús,116631
2022-12-19,Trolebús,246932
2022-12-20,Metro,3203385
2022-12-20,Ecobici,16237
2022-12-20,Metrobús,1429035
2022-12-20,RTP,452082
2022-12-20,Tren Ligero,71104
2022-12-20,Cablebús,114297
2022-12-20,Trolebús,254073
2022-12-21,Metro,3189877
2022-12-21,Ecobici,15858
2022-12-21,Metrobús,1427202
2022-12-21,RTP,456072
2022-12-21,Tren Ligero,68215
2022-12-21,Cablebús,115405
2022-12-21,Trolebús,251771
2022-12-22,Metro,3128496
2022-12-22,Ecobici,15101
2022-12-22,Metrobús,1400413
2022-12-22,RTP,446727
2022-12-22,Tren Ligero,65682
2022-12-22,Cablebús,113608
2022-12-22,Trolebús,249816
2022-12-23,Metro,3055015
2022-12-23,Ecobici,13050
2022-12-23,Metrobús,1310081
2022-12-23,RTP,423030
2022-12-23,Tren Ligero,61254
2022-12-23,Cablebús,112850
2022-12-23,Trolebús,243671
2022-12-24,Metro,1975727
2022-12-24,Ecobici,6234
2022-12-24,Metrobús,680384
2022-12-24,RTP,251464
2022-12-24,Tren Ligero,33542
2022-12-24,Cablebús,88932
2022-12-24,Trolebús,157503
2022-12-25,Metro,1022377
2022-12-25,Ecobici,2096
2022-12-25,Metrobús,355309
2022-12-25,RTP,131124
2022-12-25,Tren Ligero,17100
2022-12-25,Cablebús,55928
2022-12-25,Trolebús,82793
2022-12-26,Metro,2299313
2022-12-26,Ecobici,10130
2022-12-26,Metrobús,1041372
2022-12-26,RTP,360710
2022-12-26,Tren Ligero,49144
2022-12-26,Cablebús,95699
2022-12-26,Trolebús,207666
2022-12-27,Metro,2601231
2022-12-27,Ecobici,12046
2022-12-27,Metrobús,1152063
2022-12-27,RTP,384978
2022-12-27,Tren Ligero,29552
2022-12-27,Cablebús,99440
2022-12-27,Trolebús,223051
2022-12-28,Metro,2729371
2022-12-28,Ecobici,12229
2022-12-28,Metrobús,1189527
2022-12-28,RTP,385777
2022-12-28,Tren Ligero,52426
2022-12-28,Cablebús,103308
2022-12-28,Trolebús,228057
2022-12-29,Metro,2680794
2022-12-29,Ecobici,11692
2022-12-29,Metrobús,1215437
2022-12-29,RTP,380369
2022-12-29,Tren Ligero,53168
2022-12-29,Cablebús,101493
2022-12-29,Trolebús,232815
2022-12-30,Metro,2670616
2022-12-30,Ecobici,11368
2022-12-30,Metrobús,1102417
2022-12-30,RTP,372709
2022-12-30,Tren Ligero,51516
2022-12-30,Cablebús,102559
2022-12-30,Trolebús,228539
2022-12-31,Metro,1792434
2022-12-31,Ecobici,7394
2022-12-31,Metrobús,650177
2022-12-31,RTP,218395
2022-12-31,Tren Ligero,30001
2022-12-31,Cablebús,84828
2022-12-31,Trolebús,146730
2023-01-01,Metro,1035285
2023-01-01,Ecobici,5836
2023-01-01,Metrobús,428630
2023-01-01,RTP,133364
2023-01-01,Tren Ligero,18895
2023-01-01,Cablebús,70180
2023-01-01,Trolebús,100216
2023-01-02,Metro,2527398
2023-01-02,Ecobici,13229
2023-01-02,Metrobús,1144787
2023-01-02,RTP,366938
2023-01-02,Tren Ligero,55444
2023-01-02,Cablebús,99330
2023-01-02,Trolebús,214953
2023-01-03,Metro,2916118
2023-01-03,Ecobici,16283
2023-01-03,Metrobús,1310120
2023-01-03,RTP,400235
2023-01-03,Tren Ligero,61756
2023-01-03,Cablebús,109211
2023-01-03,Trolebús,234264
2023-01-04,Metro,3142080
2023-01-04,Ecobici,17130
2023-01-04,Metrobús,1387893
2023-01-04,RTP,416848
2023-01-04,Tren Ligero,66173
2023-01-04,Cablebús,118199
2023-01-04,Trolebús,252005
2023-01-05,Metro,3217305
2023-01-05,Ecobici,17315
2023-01-05,Metrobús,1486072
2023-01-05,RTP,418106
2023-01-05,Tren Ligero,69213
2023-01-05,Cablebús,127106
2023-01-05,Trolebús,265070
2023-01-06,Metro,2942020
2023-01-06,Ecobici,16745
2023-01-06,Metrobús,1316200
2023-01-06,RTP,392739
2023-01-06,Tren Ligero,59729
2023-01-06,Cablebús,109106
2023-01-06,Trolebús,240464
2023-01-07,Metro,2395059
2023-01-07,Ecobici,11716
2023-01-07,Metrobús,1080514
2023-01-07,RTP,265544
2023-01-07,Tren Ligero,55476
2023-01-07,Cablebús,101110
2023-01-07,Trolebús,201252
2023-01-08,Metro,1595904
2023-01-08,Ecobici,13049
2023-01-08,Metrobús,728994
2023-01-08,RTP,206480
2023-01-08,Tren Ligero,29598
2023-01-08,Cablebús,75954
2023-01-08,Trolebús,154278
2023-01-09,Metro,2864501
2023-01-09,Ecobici,19673
2023-01-09,Metrobús,1595162
2023-01-09,RTP,383203
2023-01-09,Tren Ligero,75014
2023-01-09,Cablebús,113574
2023-01-09,Trolebús,259162
2023-01-10,Metro,3035359
2023-01-10,Ecobici,21357
2023-01-10,Metrobús,1531591
2023-01-10,RTP,404774
2023-01-10,Tren Ligero,73653
2023-01-10,Cablebús,112965
2023-01-10,Trolebús,255016
2023-01-11,Metro,3157727
2023-01-11,Ecobici,20666
2023-01-11,Metrobús,1496972
2023-01-11,RTP,441150
2023-01-11,Tren Ligero,73469
2023-01-11,Cablebús,115247
2023-01-11,Trolebús,252297
2023-01-12,Metro,3123106
2023-01-12,Ecobici,21489
2023-01-12,Metrobús,1521002
2023-01-12,RTP,436864
2023-01-12,Tren Ligero,74437
2023-01-12,Cablebús,114501
2023-01-12,Trolebús,253274
2023-01-13,Metro,3190546
2023-01-13,Ecobici,20882
2023-01-13,Metrobús,1567672
2023-01-13,RTP,445940
2023-01-13,Tren Ligero,75832
2023-01-13,Cablebús,119344
2023-01-13,Trolebús,255530
2023-01-14,Metro,2573951
2023-01-14,Ecobici,13168
2023-01-14,Metrobús,1057572
2023-01-14,RTP,317968
2023-01-14,Tren Ligero,56921
2023-01-14,Cablebús,107870
2023-01-14,Trolebús,204944
2023-01-15,Metro,1615724
2023-01-15,Ecobici,14221
2023-01-15,Metrobús,727783
2023-01-15,RTP,218282
2023-01-15,Tren Ligero,31613
2023-01-15,Cablebús,80972
2023-01-15,Trolebús,153268
2023-01-16,Metro,3114791
2023-01-16,Ecobici,20817
2023-01-16,Metrobús,1462858
2023-01-16,RTP,423282
2023-01-16,Tren Ligero,77671
2023-01-16,Cablebús,117125
2023-01-16,Trolebús,251105
2023-01-17,Metro,3173879
2023-01-17,Ecobici,22661
2023-01-17,Metrobús,1527478
2023-01-17,RTP,415814
2023-01-17,Tren Ligero,77344
2023-01-17,Cablebús,117501
2023-01-17,Trolebús,256709
2023-01-18,Metro,3214581
2023-01-18,Ecobici,22793
2023-01-18,Metrobús,1521695
2023-01-18,RTP,421593
2023-01-18,Tren Ligero,76294
2023-01-18,Cablebús,117347
2023-01-18,Trolebús,252596
2023-01-19,Metro,3252190
2023-01-19,Ecobici,23566
2023-01-19,Metrobús,1525867
2023-01-19,RTP,415181
2023-01-19,Tren Ligero,76391
2023-01-19,Cablebús,117923
2023-01-19,Trolebús,255609
2023-01-20,Metro,3321712
2023-01-20,Ecobici,22763
2023-01-20,Metrobús,1521926
2023-01-20,RTP,423131
2023-01-20,Tren Ligero,76393
2023-01-20,Cablebús,120716
2023-01-20,Trolebús,254318
2023-01-21,Metro,2713980
2023-01-21,Ecobici,14405
2023-01-21,Metrobús,1090949
2023-01-21,RTP,285076
2023-01-21,Tren Ligero,60560
2023-01-21,Cablebús,107221
2023-01-21,Trolebús,202577
2023-01-22,Metro,1724248
2023-01-22,Ecobici,16293
2023-01-22,Metrobús,678468
2023-01-22,RTP,212419
2023-01-22,Tren Ligero,33585
2023-01-22,Cablebús,79755
2023-01-22,Trolebús,152957
2023-01-23,Metro,3185996
2023-01-23,Ecobici,22763
2023-01-23,Metrobús,1481256
2023-01-23,RTP,433348
2023-01-23,Tren Ligero,75011
2023-01-23,Cablebús,117320
2023-01-23,Trolebús,254869
2023-01-24,Metro,3256817
2023-01-24,Ecobici,24584
2023-01-24,Metrobús,1514735
2023-01-24,RTP,421115
2023-01-24,Tren Ligero,78221
2023-01-24,Cablebús,117069
2023-01-24,Trolebús,253413
2023-01-25,Metro,3261989
2023-01-25,Ecobici,24748
2023-01-25,Metrobús,1519601
2023-01-25,RTP,425404
2023-01-25,Tren Ligero,76956
2023-01-25,Cablebús,107939
2023-01-25,Trolebús,257995
2023-01-26,Metro,3311774
2023-01-26,Ecobici,24524
2023-01-26,Metrobús,1523567
2023-01-26,RTP,427944
2023-01-26,Tren Ligero,76258
2023-01-26,Cablebús,110588
2023-01-26,Trolebús,258600
2023-01-27,Metro,3416195
2023-01-27,Ecobici,23210
2023-01-27,Metrobús,1561755
2023-01-27,RTP,412456
2023-01-27,Tren Ligero,77737
2023-01-27,Cablebús,121428
2023-01-27,Trolebús,253592
2023-01-28,Metro,2688947
2023-01-28,Ecobici,15226
2023-01-28,Metrobús,1051458
2023-01-28,RTP,287201
2023-01-28,Tren Ligero,57508
2023-01-28,Cablebús,107975
2023-01-28,Trolebús,207235
2023-01-29,Metro,1680001
2023-01-29,Ecobici,15909
2023-01-29,Metrobús,690337
2023-01-29,RTP,207878
2023-01-29,Tren Ligero,32788
2023-01-29,Cablebús,80702
2023-01-29,Trolebús,150574
2023-01-30,Metro,3264393
2023-01-30,Ecobici,23599
2023-01-30,Metrobús,1494301
2023-01-30,RTP,440668
2023-01-30,Tren Ligero,81006
2023-01-30,Cablebús,122513
2023-01-30,Trolebús,259809
2023-01-31,Metro,3352598
2023-01-31,Ecobici,25841
2023-01-31,Metrobús,1537617
2023-01-31,RTP,437844
2023-01-31,Tren Ligero,81801
2023-01-31,Cablebús,123385
2023-01-31,Trolebús,267268
2023-02-01,Metro,3474567
2023-02-01,Ecobici,26066
2023-02-01,Metrobús,1575786
2023-02-01,RTP,481305
2023-02-01,Tren Ligero,83543
2023-02-01,Cablebús,129206
2023-02-01,Trolebús,274282
2023-02-02,Metro,3427419
2023-02-02,Ecobici,25983
2023-02-02,Metrobús,1522599
2023-02-02,RTP,443802
2023-02-02,Tren Ligero,81517
2023-02-02,Cablebús,127924
2023-02-02,Trolebús,267703
2023-02-03,Metro,3511317
2023-02-03,Ecobici,23227
2023-02-03,Metrobús,1585626
2023-02-03,RTP,452147
2023-02-03,Tren Ligero,91821
2023-02-03,Cablebús,126841
2023-02-03,Trolebús,271255
2023-02-04,Metro,2773615
2023-02-04,Ecobici,14925
2023-02-04,Metrobús,1039381
2023-02-04,RTP,304167
2023-02-04,Tren Ligero,59351
2023-02-04,Cablebús,108527
2023-02-04,Trolebús,211468
2023-02-05,Metro,1737681
2023-02-05,Ecobici,16922
2023-02-05,Metrobús,683624
2023-02-05,RTP,219710
2023-02-05,Tren Ligero,32398
2023-02-05,Cablebús,81271
2023-02-05,Trolebús,154815
2023-02-06,Metro,1816725
2023-02-06,Ecobici,13996
2023-02-06,Metrobús,773100
2023-02-06,RTP,280283
2023-02-06,Tren Ligero,37594
2023-02-06,Cablebús,81721
2023-02-06,Trolebús,162645
2023-02-07,Metro,3363725
2023-02-07,Ecobici,25966
2023-02-07,Metrobús,1569933
2023-02-07,RTP,458974
2023-02-07,Tren Ligero,86976
2023-02-07,Cablebús,126410
2023-02-07,Trolebús,280047
2023-02-08,Metro,3474216
2023-02-08,Ecobici,27263
2023-02-08,Metrobús,1615735
2023-02-08,RTP,465800
2023-02-08,Tren Ligero,86680
2023-02-08,Cablebús,126268
2023-02-08,Trolebús,279539
2023-02-09,Metro,3488660
2023-02-09,Ecobici,27297
2023-02-09,Metrobús,1609654
2023-02-09,RTP,461941
2023-02-09,Tren Ligero,88135
2023-02-09,Cablebús,127695
2023-02-09,Trolebús,275910
2023-02-10,Metro,3561980
2023-02-10,Ecobici,25421
2023-02-10,Metrobús,1625160
2023-02-10,RTP,468118
2023-02-10,Tren Ligero,86555
2023-02-10,Cablebús,128562
2023-02-10,Trolebús,283740
2023-02-11,Metro,2820194
2023-02-11,Ecobici,16175
2023-02-11,Metrobús,1082570
2023-02-11,RTP,311698
2023-02-11,Tren Ligero,63533
2023-02-11,Cablebús,109951
2023-02-11,Trolebús,208509
2023-02-12,Metro,1700527
2023-02-12,Ecobici,16943
2023-02-12,Metrobús,733272
2023-02-12,RTP,227255
2023-02-12,Tren Ligero,33235
2023-02-12,Cablebús,79432
2023-02-12,Trolebús,149119
2023-02-13,Metro,3400285
2023-02-13,Ecobici,25754
2023-02-13,Metrobús,1544552
2023-02-13,RTP,473041
2023-02-13,Tren Ligero,85536
2023-02-13,Cablebús,131348
2023-02-13,Trolebús,279924
2023-02-14,Metro,3484324
2023-02-14,Ecobici,27441
2023-02-14,Metrobús,1631770
2023-02-14,RTP,457395
2023-02-14,Tren Ligero,86015
2023-02-14,Cablebús,132559
2023-02-14,Trolebús,278954
2023-02-15,Metro,3546629
2023-02-15,Ecobici,26514
2023-02-15,Metrobús,1593482
2023-02-15,RTP,467202
2023-02-15,Tren Ligero,85320
2023-02-15,Cablebús,126683
2023-02-15,Trolebús,278182
2023-02-16,Metro,3557764
2023-02-16,Ecobici,28021
2023-02-16,Metrobús,1609767
2023-02-16,RTP,465707
2023-02-16,Tren Ligero,86439
2023-02-16,Cablebús,128121
2023-02-16,Trolebús,271794
2023-02-17,Metro,3593459
2023-02-17,Ecobici,26817
2023-02-17,Metrobús,1646165
2023-02-17,RTP,466856
2023-02-17,Tren Ligero,86401
2023-02-17,Cablebús,132287
2023-02-17,Trolebús,279456
2023-02-18,Metro,2858102
2023-02-18,Ecobici,16707
2023-02-18,Metrobús,1115081
2023-02-18,RTP,316564
2023-02-18,Tren Ligero,55718
2023-02-18,Cablebús,113208
2023-02-18,Trolebús,213711
2023-02-19,Metro,1752096
2023-02-19,Ecobici,18702
2023-02-19,Metrobús,700451
2023-02-19,RTP,231529
2023-02-19,Tren Ligero,41826
2023-02-19,Cablebús,83309
2023-02-19,Trolebús,152748
2023-02-20,Metro,3399939
2023-02-20,Ecobici,26495
2023-02-20,Metrobús,1545838
2023-02-20,RTP,481928
2023-02-20,Tren Ligero,89635
2023-02-20,Cablebús,130377
2023-02-20,Trolebús,267319
2023-02-21,Metro,3493909
2023-02-21,Ecobici,28427
2023-02-21,Metrobús,1594923
2023-02-21,RTP,470942
2023-02-21,Tren Ligero,89555
2023-02-21,Cablebús,129864
2023-02-21,Trolebús,278679
2023-02-22,Metro,3549002
2023-02-22,Ecobici,28529
2023-02-22,Metrobús,1607053
2023-02-22,RTP,480047
2023-02-22,Tren Ligero,97167
2023-02-22,Cablebús,130679
2023-02-22,Trolebús,276564
2023-02-23,Metro,3568104
2023-02-23,Ecobici,28559
2023-02-23,Metrobús,1604339
2023-02-23,RTP,476081
2023-02-23,Tren Ligero,91354
2023-02-23,Cablebús,130915
2023-02-23,Trolebús,278052
2023-02-24,Metro,3729680
2023-02-24,Ecobici,27188
2023-02-24,Metrobús,1733559
2023-02-24,RTP,492587
2023-02-24,Tren Ligero,91462
2023-02-24,Cablebús,138313
2023-02-24,Trolebús,296872
2023-02-25,Metro,2927824
2023-02-25,Ecobici,21675
2023-02-25,Metrobús,1082911
2023-02-25,RTP,307152
2023-02-25,Tren Ligero,64166
2023-02-25,Cablebús,111400
2023-02-25,Trolebús,211933
2023-02-26,Metro,1808523
2023-02-26,Ecobici,16956
2023-02-26,Metrobús,706149
2023-02-26,RTP,223611
2023-02-26,Tren Ligero,34069
2023-02-26,Cablebús,80525
2023-02-26,Trolebús,148504
2023-02-27,Metro,3371687
2023-02-27,Ecobici,27092
2023-02-27,Metrobús,1593336
2023-02-27,RTP,474048
2023-02-27,Tren Ligero,90287
2023-02-27,Cablebús,130801
2023-02-27,Trolebús,277335
2023-02-28,Metro,3504084
2023-02-28,Ecobici,29980
2023-02-28,Metrobús,1645474
2023-02-28,RTP,472091
2023-02-28,Tren Ligero,90404
2023-02-28,Cablebús,134829
2023-02-28,Trolebús,284405
2023-03-01,Metro,3644856
2023-03-01,Ecobici,30141
2023-03-01,Metrobús,1678627
2023-03-01,RTP,490800
2023-03-01,Tren Ligero,91436
2023-03-01,Cablebús,134909
2023-03-01,Trolebús,285453
2023-03-02,Metro,3615417
2023-03-02,Ecobici,29785
2023-03-02,Metrobús,1696886
2023-03-02,RTP,480744
2023-03-02,Tren Ligero,89192
2023-03-02,Cablebús,132291
2023-03-02,Trolebús,277245
2023-03-03,Metro,3728532
2023-03-03,Ecobici,27989
2023-03-03,Metrobús,1687159
2023-03-03,RTP,478288
2023-03-03,Tren Ligero,89854
2023-03-03,Cablebús,134299
2023-03-03,Trolebús,280887
2023-03-04,Metro,2912036
2023-03-04,Ecobici,18085
2023-03-04,Metrobús,1106722
2023-03-04,RTP,319792
2023-03-04,Tren Ligero,67670
2023-03-04,Cablebús,114485
2023-03-04,Trolebús,209865
2023-03-05,Metro,1812221
2023-03-05,Ecobici,18618
2023-03-05,Metrobús,704182
2023-03-05,RTP,241993
2023-03-05,Tren Ligero,34216
2023-03-05,Cablebús,85993
2023-03-05,Trolebús,152210
2023-03-06,Metro,3420221
2023-03-06,Ecobici,28607
2023-03-06,Metrobús,1598154
2023-03-06,RTP,480886
2023-03-06,Tren Ligero,89765
2023-03-06,Cablebús,131873
2023-03-06,Trolebús,280229
2023-03-07,Metro,3586811
2023-03-07,Ecobici,30741
2023-03-07,Metrobús,1638152
2023-03-07,RTP,471235
2023-03-07,Tren Ligero,91264
2023-03-07,Cablebús,131536
2023-03-07,Trolebús,291322
2023-03-08,Metro,3506229
2023-03-08,Ecobici,29848
2023-03-08,Metrobús,1401709
2023-03-08,RTP,453483
2023-03-08,Tren Ligero,85325
2023-03-08,Cablebús,126464
2023-03-08,Trolebús,259715
2023-03-09,Metro,3467405
2023-03-09,Ecobici,30135
2023-03-09,Metrobús,1586202
2023-03-09,RTP,467637
2023-03-09,Tren Ligero,84349
2023-03-09,Cablebús,125323
2023-03-09,Trolebús,281844
2023-03-10,Metro,3675930
2023-03-10,Ecobici,29748
2023-03-10,Metrobús,1722568
2023-03-10,RTP,486839
2023-03-10,Tren Ligero,91493
2023-03-10,Cablebús,132908
2023-03-10,Trolebús,280923
2023-03-11,Metro,2905899
2023-03-11,Ecobici,17878
2023-03-11,Metrobús,1072162
2023-03-11,RTP,318903
2023-03-11,Tren Ligero,60247
2023-03-11,Cablebús,111146
2023-03-11,Trolebús,197859
2023-03-12,Metro,1771111
2023-03-12,Ecobici,18278
2023-03-12,Metrobús,674650
2023-03-12,RTP,215695
2023-03-12,Tren Ligero,32706
2023-03-12,Cablebús,76490
2023-03-12,Trolebús,137690
2023-03-13,Metro,3404276
2023-03-13,Ecobici,27315
2023-03-13,Metrobús,1565477
2023-03-13,RTP,465291
2023-03-13,Tren Ligero,88165
2023-03-13,Cablebús,128390
2023-03-13,Trolebús,262809
2023-03-14,Metro,3528559
2023-03-14,Ecobici,28826
2023-03-14,Metrobús,1587857
2023-03-14,RTP,458527
2023-03-14,Tren Ligero,87524
2023-03-14,Cablebús,126121
2023-03-14,Trolebús,270201
2023-03-15,Metro,3567611
2023-03-15,Ecobici,25522
2023-03-15,Metrobús,1639543
2023-03-15,RTP,463117
2023-03-15,Tren Ligero,84719
2023-03-15,Cablebús,128360
2023-03-15,Trolebús,272018
2023-03-16,Metro,3646797
2023-03-16,Ecobici,29518
2023-03-16,Metrobús,1654109
2023-03-16,RTP,455850
2023-03-16,Tren Ligero,87977
2023-03-16,Cablebús,129165
2023-03-16,Trolebús,269499
2023-03-17,Metro,3676693
2023-03-17,Ecobici,29163
2023-03-17,Metrobús,1649522
2023-03-17,RTP,458079
2023-03-17,Tren Ligero,85561
2023-03-17,Cablebús,132070
2023-03-17,Trolebús,269592
2023-03-18,Metro,3028826
2023-03-18,Ecobici,18337
2023-03-18,Metrobús,1026226
2023-03-18,RTP,285298
2023-03-18,Tren Ligero,66533
2023-03-18,Cablebús,113737
2023-03-18,Trolebús,194118
2023-03-19,Metro,1789208
2023-03-19,Ecobici,17403
2023-03-19,Metrobús,710188
2023-03-19,RTP,225316
2023-03-19,Tren Ligero,35394
2023-03-19,Cablebús,82578
2023-03-19,Trolebús,150676
2023-03-20,Metro,1844079
2023-03-20,Ecobici,16024
2023-03-20,Metrobús,759857
2023-03-20,RTP,273211
2023-03-20,Tren Ligero,37760
2023-03-20,Cablebús,80373
2023-03-20,Trolebús,152839
2023-03-21,Metro,3405734
2023-03-21,Ecobici,30169
2023-03-21,Metrobús,1583337
2023-03-21,RTP,451296
2023-03-21,Tren Ligero,88475
2023-03-21,Cablebús,129484
2023-03-21,Trolebús,273611
2023-03-22,Metro,3564987
2023-03-22,Ecobici,31267
2023-03-22,Metrobús,1597864
2023-03-22,RTP,447467
2023-03-22,Tren Ligero,87996
2023-03-22,Cablebús,128971
2023-03-22,Trolebús,248820
2023-03-23,Metro,3565143
2023-03-23,Ecobici,31609
2023-03-23,Metrobús,1613798
2023-03-23,RTP,455656
2023-03-23,Tren Ligero,88194
2023-03-23,Cablebús,127734
2023-03-23,Trolebús,270460
2023-03-24,Metro,3622687
2023-03-24,Ecobici,30059
2023-03-24,Metrobús,1639068
2023-03-24,RTP,456135
2023-03-24,Tren Ligero,90738
2023-03-24,Cablebús,131487
2023-03-24,Trolebús,279426
2023-03-25,Metro,2899828
2023-03-25,Ecobici,23877
2023-03-25,Metrobús,1100292
2023-03-25,RTP,308557
2023-03-25,Tren Ligero,55791
2023-03-25,Cablebús,110672
2023-03-25,Trolebús,200331
2023-03-26,Metro,1853238
2023-03-26,Ecobici,19167
2023-03-26,Metrobús,749058
2023-03-26,RTP,224915
2023-03-26,Tren Ligero,52762
2023-03-26,Cablebús,81855
2023-03-26,Trolebús,154978
2023-03-27,Metro,3461399
2023-03-27,Ecobici,30777
2023-03-27,Metrobús,1622486
2023-03-27,RTP,482524
2023-03-27,Tren Ligero,87537
2023-03-27,Cablebús,130711
2023-03-27,Trolebús,275222
2023-03-28,Metro,3564213
2023-03-28,Ecobici,27535
2023-03-28,Metrobús,1590935
2023-03-28,RTP,444401
2023-03-28,Tren Ligero,86433
2023-03-28,Cablebús,127332
2023-03-28,Trolebús,272314
2023-03-29,Metro,3603969
2023-03-29,Ecobici,28642
2023-03-29,Metrobús,1629815
2023-03-29,RTP,442041
2023-03-29,Tren Ligero,87264
2023-03-29,Cablebús,127191
2023-03-29,Trolebús,271206
2023-03-30,Metro,3648183
2023-03-30,Ecobici,32096
2023-03-30,Metrobús,1626766
2023-03-30,RTP,450814
2023-03-30,Tren Ligero,85535
2023-03-30,Cablebús,130776
2023-03-30,Trolebús,270008
2023-03-31,Metro,3676935
2023-03-31,Ecobici,30974
2023-03-31,Metrobús,1716275
2023-03-31,RTP,460293
2023-03-31,Tren Ligero,63983
2023-03-31,Cablebús,133425
2023-03-31,Trolebús,274777
2023-04-01,Metro,2883364
2023-04-01,Ecobici,19725
2023-04-01,Metrobús,1087511
2023-04-01,RTP,290068
2023-04-01,Tren Ligero,60571
2023-04-01,Cablebús,112880
2023-04-01,Trolebús,211108
2023-04-02,Metro,1814266
2023-04-02,Ecobici,20855
2023-04-02,Metrobús,693704
2023-04-02,RTP,204921
2023-04-02,Tren Ligero,33568
2023-04-02,Cablebús,82359
2023-04-02,Trolebús,160358
2023-04-03,Metro,2966193
2023-04-03,Ecobici,27894
2023-04-03,Metrobús,1350477
2023-04-03,RTP,376667
2023-04-03,Tren Ligero,66792
2023-04-03,Cablebús,110864
2023-04-03,Trolebús,242415
2023-04-04,Metro,3096001
2023-04-04,Ecobici,29657
2023-04-04,Metrobús,1362841
2023-04-04,RTP,370638
2023-04-04,Tren Ligero,66243
2023-04-04,Cablebús,110818
2023-04-04,Trolebús,244206
2023-04-05,Metro,3076740
2023-04-05,Ecobici,28142
2023-04-05,Metrobús,1377001
2023-04-05,RTP,375836
2023-04-05,Tren Ligero,65990
2023-04-05,Cablebús,111947
2023-04-05,Trolebús,249328
2023-04-06,Metro,2282900
2023-04-06,Ecobici,19875
2023-04-06,Metrobús,909089
2023-04-06,RTP,265936
2023-04-06,Tren Ligero,42421
2023-04-06,Cablebús,94560
2023-04-06,Trolebús,195102
2023-04-07,Metro,1560613
2023-04-07,Ecobici,17629
2023-04-07,Metrobús,704077
2023-04-07,RTP,183324
2023-04-07,Tren Ligero,31097
2023-04-07,Cablebús,79646
2023-04-07,Trolebús,153062
2023-04-08,Metro,1723930
2023-04-08,Ecobici,16260
2023-04-08,Metrobús,729352
2023-04-08,RTP,218396
2023-04-08,Tren Ligero,42040
2023-04-08,Cablebús,81760
2023-04-08,Trolebús,156019
2023-04-09,Metro,1519563
2023-04-09,Ecobici,19463
2023-04-09,Metrobús,621338
2023-04-09,RTP,189907
2023-04-09,Tren Ligero,28934
2023-04-09,Cablebús,73837
2023-04-09,Trolebús,146288
2023-04-10,Metro,3023291
2023-04-10,Ecobici,25188
2023-04-10,Metrobús,1349946
2023-04-10,RTP,369682
2023-04-10,Tren Ligero,70679
2023-04-10,Cablebús,107744
2023-04-10,Trolebús,234744
2023-04-11,Metro,3218423
2023-04-11,Ecobici,30212
2023-04-11,Metrobús,1392293
2023-04-11,RTP,366341
2023-04-11,Tren Ligero,71732
2023-04-11,Cablebús,112088
2023-04-11,Trolebús,248038
2023-04-12,Metro,3308774
2023-04-12,Ecobici,31957
2023-04-12,Metrobús,1442489
2023-04-12,RTP,378744
2023-04-12,Tren Ligero,74830
2023-04-12,Cablebús,113832
2023-04-12,Trolebús,249067
2023-04-13,Metro,3306481
2023-04-13,Ecobici,32012
2023-04-13,Metrobús,1449194
2023-04-13,RTP,372875
2023-04-13,Tren Ligero,74818
2023-04-13,Cablebús,113633
2023-04-13,Trolebús,256908
2023-04-14,Metro,3410687
2023-04-14,Ecobici,31506
2023-04-14,Metrobús,1554344
2023-04-14,RTP,383366
2023-04-14,Tren Ligero,76792
2023-04-14,Cablebús,118826
2023-04-14,Trolebús,258824
2023-04-15,Metro,2851420
2023-04-15,Ecobici,20106
2023-04-15,Metrobús,1114529
2023-04-15,RTP,279799
2023-04-15,Tren Ligero,66193
2023-04-15,Cablebús,112430
2023-04-15,Trolebús,213942
2023-04-16,Metro,1805581
2023-04-16,Ecobici,21545
2023-04-16,Metrobús,713575
2023-04-16,RTP,215459
2023-04-16,Tren Ligero,33968
2023-04-16,Cablebús,84123
2023-04-16,Trolebús,165466
2023-04-17,Metro,3337461
2023-04-17,Ecobici,29258
2023-04-17,Metrobús,1538179
2023-04-17,RTP,405901
2023-04-17,Tren Ligero,84238
2023-04-17,Cablebús,127600
2023-04-17,Trolebús,270472
2023-04-18,Metro,3489265
2023-04-18,Ecobici,34895
2023-04-18,Metrobús,1587832
2023-04-18,RTP,409956
2023-04-18,Tren Ligero,83576
2023-04-18,Cablebús,127530
2023-04-18,Trolebús,270935
2023-04-19,Metro,3542093
2023-04-19,Ecobici,34240
2023-04-19,Metrobús,1594034
2023-04-19,RTP,403702
2023-04-19,Tren Ligero,85305
2023-04-19,Cablebús,128143
2023-04-19,Trolebús,270656
2023-04-20,Metro,3573468
2023-04-20,Ecobici,34095
2023-04-20,Metrobús,1620329
2023-04-20,RTP,412752
2023-04-20,Tren Ligero,82977
2023-04-20,Cablebús,129759
2023-04-20,Trolebús,278262
2023-04-21,Metro,3611915
2023-04-21,Ecobici,32115
2023-04-21,Metrobús,1674750
2023-04-21,RTP,421466
2023-04-21,Tren Ligero,81737
2023-04-21,Cablebús,131726
2023-04-21,Trolebús,277649
2023-04-22,Metro,2934681
2023-04-22,Ecobici,20353
2023-04-22,Metrobús,1080214
2023-04-22,RTP,293523
2023-04-22,Tren Ligero,62037
2023-04-22,Cablebús,111568
2023-04-22,Trolebús,207966
2023-04-23,Metro,1762990
2023-04-23,Ecobici,22430
2023-04-23,Metrobús,718337
2023-04-23,RTP,214848
2023-04-23,Tren Ligero,32648
2023-04-23,Cablebús,81922
2023-04-23,Trolebús,154531
2023-04-24,Metro,3410171
2023-04-24,Ecobici,32757
2023-04-24,Metrobús,1532304
2023-04-24,RTP,428798
2023-04-24,Tren Ligero,84615
2023-04-24,Cablebús,129387
2023-04-24,Trolebús,268432
2023-04-25,Metro,3545393
2023-04-25,Ecobici,35934
2023-04-25,Metrobús,1623194
2023-04-25,RTP,423498
2023-04-25,Tren Ligero,86072
2023-04-25,Cablebús,129545
2023-04-25,Trolebús,275910
2023-04-26,Metro,3606183
2023-04-26,Ecobici,35766
2023-04-26,Metrobús,1620450
2023-04-26,RTP,425405
2023-04-26,Tren Ligero,84210
2023-04-26,Cablebús,129651
2023-04-26,Trolebús,274595
2023-04-27,Metro,3556620
2023-04-27,Ecobici,35405
2023-04-27,Metrobús,1588729
2023-04-27,RTP,414620
2023-04-27,Tren Ligero,81313
2023-04-27,Cablebús,125761
2023-04-27,Trolebús,269080
2023-04-28,Metro,3612799
2023-04-28,Ecobici,33939
2023-04-28,Metrobús,1698507
2023-04-28,RTP,424594
2023-04-28,Tren Ligero,80971
2023-04-28,Cablebús,133185
2023-04-28,Trolebús,286213
2023-04-29,Metro,2947096
2023-04-29,Ecobici,19301
2023-04-29,Metrobús,1112420
2023-04-29,RTP,296148
2023-04-29,Tren Ligero,56020
2023-04-29,Cablebús,111163
2023-04-29,Trolebús,214748
2023-04-30,Metro,1861395
2023-04-30,Ecobici,21000
2023-04-30,Metrobús,745411
2023-04-30,RTP,223149
2023-04-30,Tren Ligero,33002
2023-04-30,Cablebús,88670
2023-04-30,Trolebús,170746
2023-05-01,Metro,1835653
2023-05-01,Ecobici,18706
2023-05-01,Metrobús,756122
2023-05-01,RTP,264214
2023-05-01,Tren Ligero,35748
2023-05-01,Cablebús,79487
2023-05-01,Trolebús,155035
2023-05-02,Metro,3423073
2023-05-02,Ecobici,34668
2023-05-02,Metrobús,1593881
2023-05-02,RTP,451515
2023-05-02,Tren Ligero,84007
2023-05-02,Cablebús,128313
2023-05-02,Trolebús,275225
2023-05-03,Metro,3568836
2023-05-03,Ecobici,36436
2023-05-03,Metrobús,1620376
2023-05-03,RTP,440210
2023-05-03,Tren Ligero,85752
2023-05-03,Cablebús,131971
2023-05-03,Trolebús,276256
2023-05-04,Metro,3543694
2023-05-04,Ecobici,36071
2023-05-04,Metrobús,1627941
2023-05-04,RTP,440363
2023-05-04,Tren Ligero,80777
2023-05-04,Cablebús,124508
2023-05-04,Trolebús,278699
2023-05-05,Metro,3354642
2023-05-05,Ecobici,31588
2023-05-05,Metrobús,1463283
2023-05-05,RTP,410650
2023-05-05,Tren Ligero,66622
2023-05-05,Cablebús,115994
2023-05-05,Trolebús,249568
2023-05-06,Metro,2840731
2023-05-06,Ecobici,19502
2023-05-06,Metrobús,1098794
2023-05-06,RTP,325390
2023-05-06,Tren Ligero,65868
2023-05-06,Cablebús,102511
2023-05-06,Trolebús,203487
2023-05-07,Metro,1774704
2023-05-07,Ecobici,21606
2023-05-07,Metrobús,712023
2023-05-07,RTP,236126
2023-05-07,Tren Ligero,33137
2023-05-07,Cablebús,79114
2023-05-07,Trolebús,149691
2023-05-08,Metro,3377923
2023-05-08,Ecobici,33642
2023-05-08,Metrobús,1542818
2023-05-08,RTP,455848
2023-05-08,Tren Ligero,78751
2023-05-08,Cablebús,128720
2023-05-08,Trolebús,269437
2023-05-09,Metro,3486417
2023-05-09,Ecobici,35869
2023-05-09,Metrobús,1599049
2023-05-09,RTP,440381
2023-05-09,Tren Ligero,82391
2023-05-09,Cablebús,127342
2023-05-09,Trolebús,285491
2023-05-10,Metro,2911499
2023-05-10,Ecobici,28492
2023-05-10,Metrobús,1231296
2023-05-10,RTP,350860
2023-05-10,Tren Ligero,55975
2023-05-10,Cablebús,107968
2023-05-10,Trolebús,226508
2023-05-11,Metro,3400198
2023-05-11,Ecobici,32906
2023-05-11,Metrobús,1564693
2023-05-11,RTP,433435
2023-05-11,Tren Ligero,80705
2023-05-11,Cablebús,125561
2023-05-11,Trolebús,277502
2023-05-12,Metro,3588598
2023-05-12,Ecobici,33189
2023-05-12,Metrobús,1659045
2023-05-12,RTP,442975
2023-05-12,Tren Ligero,79085
2023-05-12,Cablebús,126818
2023-05-12,Trolebús,284387
2023-05-13,Metro,2862492
2023-05-13,Ecobici,19263
2023-05-13,Metrobús,1081707
2023-05-13,RTP,317760
2023-05-13,Tren Ligero,65985
2023-05-13,Cablebús,110936
2023-05-13,Trolebús,215494
2023-05-14,Metro,1805467
2023-05-14,Ecobici,21173
2023-05-14,Metrobús,733287
2023-05-14,RTP,230804
2023-05-14,Tren Ligero,37536
2023-05-14,Cablebús,83549
2023-05-14,Trolebús,158929
2023-05-15,Metro,3108042
2023-05-15,Ecobici,32416
2023-05-15,Metrobús,1421598
2023-05-15,RTP,424555
2023-05-15,Tren Ligero,71275
2023-05-15,Cablebús,112357
2023-05-15,Trolebús,243067
2023-05-16,Metro,3540592
2023-05-16,Ecobici,36362
2023-05-16,Metrobús,1613710
2023-05-16,RTP,451293
2023-05-16,Tren Ligero,82228
2023-05-16,Cablebús,129019
2023-05-16,Trolebús,295875
2023-05-17,Metro,3612200
2023-05-17,Ecobici,37071
2023-05-17,Metrobús,1645404
2023-05-17,RTP,454762
2023-05-17,Tren Ligero,82543
2023-05-17,Cablebús,129133
2023-05-17,Trolebús,286849
2023-05-18,Metro,3635360
2023-05-18,Ecobici,32116
2023-05-18,Metrobús,1634560
2023-05-18,RTP,439179
2023-05-18,Tren Ligero,84368
2023-05-18,Cablebús,127106
2023-05-18,Trolebús,286522
2023-05-19,Metro,3611687
2023-05-19,Ecobici,32773
2023-05-19,Metrobús,1697962
2023-05-19,RTP,441273
2023-05-19,Tren Ligero,84601
2023-05-19,Cablebús,128215
2023-05-19,Trolebús,285752
2023-05-20,Metro,2957921
2023-05-20,Ecobici,20270
2023-05-20,Metrobús,1145496
2023-05-20,RTP,327608
2023-05-20,Tren Ligero,61331
2023-05-20,Cablebús,116929
2023-05-20,Trolebús,215121
2023-05-21,Metro,1831583
2023-05-21,Ecobici,19484
2023-05-21,Metrobús,722799
2023-05-21,RTP,226407
2023-05-21,Tren Ligero,48669
2023-05-21,Cablebús,83699
2023-05-21,Trolebús,158589
2023-05-22,Metro,3317728
2023-05-22,Ecobici,32306
2023-05-22,Metrobús,1555011
2023-05-22,RTP,434889
2023-05-22,Tren Ligero,84317
2023-05-22,Cablebús,127329
2023-05-22,Trolebús,275802
2023-05-23,Metro,3476314
2023-05-23,Ecobici,35098
2023-05-23,Metrobús,1622709
2023-05-23,RTP,440953
2023-05-23,Tren Ligero,84401
2023-05-23,Cablebús,126156
2023-05-23,Trolebús,281681
2023-05-24,Metro,3525282
2023-05-24,Ecobici,37759
2023-05-24,Metrobús,1660683
2023-05-24,RTP,448318
2023-05-24,Tren Ligero,83977
2023-05-24,Cablebús,128457
2023-05-24,Trolebús,286409
2023-05-25,Metro,3591211
2023-05-25,Ecobici,37923
2023-05-25,Metrobús,1642606
2023-05-25,RTP,444009
2023-05-25,Tren Ligero,83319
2023-05-25,Cablebús,126757
2023-05-25,Trolebús,291950
2023-05-26,Metro,3623112
2023-05-26,Ecobici,35627
2023-05-26,Metrobús,1666474
2023-05-26,RTP,435092
2023-05-26,Tren Ligero,86412
2023-05-26,Cablebús,132771
2023-05-26,Trolebús,279748
2023-05-27,Metro,2871154
2023-05-27,Ecobici,19977
2023-05-27,Metrobús,1113376
2023-05-27,RTP,320118
2023-05-27,Tren Ligero,54402
2023-05-27,Cablebús,109892
2023-05-27,Trolebús,207999
2023-05-28,Metro,1751329
2023-05-28,Ecobici,20394
2023-05-28,Metrobús,705344
2023-05-28,RTP,224230
2023-05-28,Tren Ligero,32472
2023-05-28,Cablebús,80373
2023-05-28,Trolebús,152291
2023-05-29,Metro,3289317
2023-05-29,Ecobici,33913
2023-05-29,Metrobús,1541717
2023-05-29,RTP,436555
2023-05-29,Tren Ligero,78538
2023-05-29,Cablebús,123275
2023-05-29,Trolebús,271137
2023-05-30,Metro,3442017
2023-05-30,Ecobici,39393
2023-05-30,Metrobús,1625976
2023-05-30,RTP,445383
2023-05-30,Tren Ligero,81402
2023-05-30,Cablebús,127822
2023-05-30,Trolebús,284148
2023-05-31,Metro,3526799
2023-05-31,Ecobici,39209
2023-05-31,Metrobús,1664298
2023-05-31,RTP,447320
2023-05-31,Tren Ligero,82063
2023-05-31,Cablebús,127318
2023-05-31,Trolebús,292059
2023-06-01,Metro,3569619
2023-06-01,Ecobici,39383
2023-06-01,Metrobús,1670615
2023-06-01,RTP,434965
2023-06-01,Tren Ligero,82819
2023-06-01,Cablebús,128901
2023-06-01,Trolebús,293830
2023-06-02,Metro,3562435
2023-06-02,Ecobici,36796
2023-06-02,Metrobús,1691444
2023-06-02,RTP,435140
2023-06-02,Tren Ligero,81897
2023-06-02,Cablebús,129247
2023-06-02,Trolebús,290861
2023-06-03,Metro,2966405
2023-06-03,Ecobici,22951
2023-06-03,Metrobús,1217055
2023-06-03,RTP,327096
2023-06-03,Tren Ligero,55537
2023-06-03,Cablebús,115793
2023-06-03,Trolebús,234088
2023-06-04,Metro,1901558
2023-06-04,Ecobici,23698
2023-06-04,Metrobús,739094
2023-06-04,RTP,222936
2023-06-04,Tren Ligero,33147
2023-06-04,Cablebús,84546
2023-06-04,Trolebús,165316
2023-06-05,Metro,3275953
2023-06-05,Ecobici,31959
2023-06-05,Metrobús,1560688
2023-06-05,RTP,417211
2023-06-05,Tren Ligero,90572
2023-06-05,Cablebús,121638
2023-06-05,Trolebús,266769
2023-06-06,Metro,3408477
2023-06-06,Ecobici,38785
2023-06-06,Metrobús,1620479
2023-06-06,RTP,418554
2023-06-06,Tren Ligero,82119
2023-06-06,Cablebús,122748
2023-06-06,Trolebús,283176
2023-06-07,Metro,3426046
2023-06-07,Ecobici,29734
2023-06-07,Metrobús,1574656
2023-06-07,RTP,408507
2023-06-07,Tren Ligero,77441
2023-06-07,Cablebús,120848
2023-06-07,Trolebús,274395
2023-06-08,Metro,3448493
2023-06-08,Ecobici,40186
2023-06-08,Metrobús,1629348
2023-06-08,RTP,415842
2023-06-08,Tren Ligero,81429
2023-06-08,Cablebús,120788
2023-06-08,Trolebús,283193
2023-06-09,Metro,3483573
2023-06-09,Ecobici,37613
2023-06-09,Metrobús,1658404
2023-06-09,RTP,427524
2023-06-09,Tren Ligero,62392
2023-06-09,Cablebús,126589
2023-06-09,Trolebús,275033
2023-06-10,Metro,2779316
2023-06-10,Ecobici,23358
2023-06-10,Metrobús,1122230
2023-06-10,RTP,316248
2023-06-10,Tren Ligero,50377
2023-06-10,Cablebús,109287
2023-06-10,Trolebús,207936
2023-06-11,Metro,1717544
2023-06-11,Ecobici,22580
2023-06-11,Metrobús,706351
2023-06-11,RTP,216232
2023-06-11,Tren Ligero,30839
2023-06-11,Cablebús,77679
2023-06-11,Trolebús,150167
2023-06-12,Metro,3260565
2023-06-12,Ecobici,36642
2023-06-12,Metrobús,1572175
2023-06-12,RTP,423371
2023-06-12,Tren Ligero,78270
2023-06-12,Cablebús,120634
2023-06-12,Trolebús,273224
2023-06-13,Metro,3332697
2023-06-13,Ecobici,36065
2023-06-13,Metrobús,1603733
2023-06-13,RTP,409107
2023-06-13,Tren Ligero,78285
2023-06-13,Cablebús,120573
2023-06-13,Trolebús,279241
2023-06-14,Metro,3399532
2023-06-14,Ecobici,38721
2023-06-14,Metrobús,1577065
2023-06-14,RTP,381552
2023-06-14,Tren Ligero,73571
2023-06-14,Cablebús,116547
2023-06-14,Trolebús,272697
2023-06-15,Metro,3478170
2023-06-15,Ecobici,40010
2023-06-15,Metrobús,1595716
2023-06-15,RTP,405633
2023-06-15,Tren Ligero,79932
2023-06-15,Cablebús,122700
2023-06-15,Trolebús,284197
2023-06-16,Metro,3503877
2023-06-16,Ecobici,37624
2023-06-16,Metrobús,1711067
2023-06-16,RTP,407666
2023-06-16,Tren Ligero,65439
2023-06-16,Cablebús,124244
2023-06-16,Trolebús,279039
2023-06-17,Metro,2835179
2023-06-17,Ecobici,23081
2023-06-17,Metrobús,1090569
2023-06-17,RTP,293522
2023-06-17,Tren Ligero,59331
2023-06-17,Cablebús,111195
2023-06-17,Trolebús,210285
2023-06-18,Metro,1728234
2023-06-18,Ecobici,21079
2023-06-18,Metrobús,701470
2023-06-18,RTP,208986
2023-06-18,Tren Ligero,37161
2023-06-18,Cablebús,81640
2023-06-18,Trolebús,148837
2023-06-19,Metro,3168038
2023-06-19,Ecobici,37933
2023-06-19,Metrobús,1491493
2023-06-19,RTP,400306
2023-06-19,Tren Ligero,74089
2023-06-19,Cablebús,117591
2023-06-19,Trolebús,271176
2023-06-20,Metro,3283014
2023-06-20,Ecobici,36017
2023-06-20,Metrobús,1560446
2023-06-20,RTP,404207
2023-06-20,Tren Ligero,76562
2023-06-20,Cablebús,119096
2023-06-20,Trolebús,279556
2023-06-21,Metro,3365397
2023-06-21,Ecobici,41139
2023-06-21,Metrobús,1581606
2023-06-21,RTP,402953
2023-06-21,Tren Ligero,75762
2023-06-21,Cablebús,118654
2023-06-21,Trolebús,280093
2023-06-22,Metro,3364739
2023-06-22,Ecobici,41488
2023-06-22,Metrobús,1556700
2023-06-22,RTP,399590
2023-06-22,Tren Ligero,74691
2023-06-22,Cablebús,117343
2023-06-22,Trolebús,283777
2023-06-23,Metro,3441342
2023-06-23,Ecobici,39471
2023-06-23,Metrobús,1585906
2023-06-23,RTP,397440
2023-06-23,Tren Ligero,76097
2023-06-23,Cablebús,119896
2023-06-23,Trolebús,277365
2023-06-24,Metro,3034076
2023-06-24,Ecobici,25315
2023-06-24,Metrobús,1061556
2023-06-24,RTP,301113
2023-06-24,Tren Ligero,59098
2023-06-24,Cablebús,112067
2023-06-24,Trolebús,201702
2023-06-25,Metro,1870961
2023-06-25,Ecobici,22601
2023-06-25,Metrobús,733839
2023-06-25,RTP,213154
2023-06-25,Tren Ligero,38653
2023-06-25,Cablebús,81529
2023-06-25,Trolebús,155248
2023-06-26,Metro,3156862
2023-06-26,Ecobici,33092
2023-06-26,Metrobús,1463292
2023-06-26,RTP,386376
2023-06-26,Tren Ligero,72467
2023-06-26,Cablebús,114131
2023-06-26,Trolebús,258944
2023-06-27,Metro,3295740
2023-06-27,Ecobici,36652
2023-06-27,Metrobús,1551325
2023-06-27,RTP,393192
2023-06-27,Tren Ligero,73050
2023-06-27,Cablebús,116521
2023-06-27,Trolebús,275644
2023-06-28,Metro,3306577
2023-06-28,Ecobici,41711
2023-06-28,Metrobús,1512240
2023-06-28,RTP,397973
2023-06-28,Tren Ligero,73504
2023-06-28,Cablebús,117387
2023-06-28,Trolebús,274517
2023-06-29,Metro,3329056
2023-06-29,Ecobici,36523
2023-06-29,Metrobús,1543434
2023-06-29,RTP,384712
2023-06-29,Tren Ligero,69943
2023-06-29,Cablebús,113663
2023-06-29,Trolebús,276123
2023-06-30,Metro,3395460
2023-06-30,Ecobici,37908
2023-06-30,Metrobús,1602644
2023-06-30,RTP,390254
2023-06-30,Tren Ligero,76549
2023-06-30,Cablebús,119833
2023-06-30,Trolebús,282062
2023-07-01,Metro,2915078
2023-07-01,Ecobici,24262
2023-07-01,Metrobús,1010679
2023-07-01,RTP,303712
2023-07-01,Tren Ligero,54464
2023-07-01,Cablebús,112293
2023-07-01,Trolebús,201291
2023-07-02,Metro,1814313
2023-07-02,Ecobici,25529
2023-07-02,Metrobús,698252
2023-07-02,RTP,218581
2023-07-02,Tren Ligero,31363
2023-07-02,Cablebús,77040
2023-07-02,Trolebús,157979
2023-07-03,Metro,3135748
2023-07-03,Ecobici,37938
2023-07-03,Metrobús,1491976
2023-07-03,RTP,406090
2023-07-03,Tren Ligero,70239
2023-07-03,Cablebús,114187
2023-07-03,Trolebús,261413
2023-07-04,Metro,3229698
2023-07-04,Ecobici,38008
2023-07-04,Metrobús,1528520
2023-07-04,RTP,400718
2023-07-04,Tren Ligero,72883
2023-07-04,Cablebús,114410
2023-07-04,Trolebús,262513
2023-07-05,Metro,3323454
2023-07-05,Ecobici,40812
2023-07-05,Metrobús,1547691
2023-07-05,RTP,402210
2023-07-05,Tren Ligero,68752
2023-07-05,Cablebús,115465
2023-07-05,Trolebús,269581
2023-07-06,Metro,3319315
2023-07-06,Ecobici,28411
2023-07-06,Metrobús,1529970
2023-07-06,RTP,389312
2023-07-06,Tren Ligero,71239
2023-07-06,Cablebús,111497
2023-07-06,Trolebús,259902
2023-07-07,Metro,3297886
2023-07-07,Ecobici,37183
2023-07-07,Metrobús,1600402
2023-07-07,RTP,397407
2023-07-07,Tren Ligero,71972
2023-07-07,Cablebús,116536
2023-07-07,Trolebús,266961
2023-07-08,Metro,2770069
2023-07-08,Ecobici,21806
2023-07-08,Metrobús,1058528
2023-07-08,RTP,304693
2023-07-08,Tren Ligero,55518
2023-07-08,Cablebús,108249
2023-07-08,Trolebús,201108
2023-07-09,Metro,1766213
2023-07-09,Ecobici,24275
2023-07-09,Metrobús,779754
2023-07-09,RTP,223068
2023-07-09,Tren Ligero,32017
2023-07-09,Cablebús,78986
2023-07-09,Trolebús,149945
2023-07-10,Metro,3086459
2023-07-10,Ecobici,33199
2023-07-10,Metrobús,1436560
2023-07-10,RTP,384799
2023-07-10,Tren Ligero,68175
2023-07-10,Cablebús,109772
2023-07-10,Trolebús,253623
2023-07-11,Metro,3166714
2023-07-11,Ecobici,35674
2023-07-11,Metrobús,1462908
2023-07-11,RTP,378886
2023-07-11,Tren Ligero,68205
2023-07-11,Cablebús,112839
2023-07-11,Trolebús,250481
2023-07-12,Metro,3273272
2023-07-12,Ecobici,40441
2023-07-12,Metrobús,1508433
2023-07-12,RTP,377605
2023-07-12,Tren Ligero,69521
2023-07-12,Cablebús,115979
2023-07-12,Trolebús,262290
2023-07-13,Metro,3320249
2023-07-13,Ecobici,39537
2023-07-13,Metrobús,1515198
2023-07-13,RTP,385549
2023-07-13,Tren Ligero,69470
2023-07-13,Cablebús,104043
2023-07-13,Trolebús,252560
2023-07-14,Metro,3327918
2023-07-14,Ecobici,38475
2023-07-14,Metrobús,1543620
2023-07-14,RTP,388923
2023-07-14,Tren Ligero,72141
2023-07-14,Cablebús,115312
2023-07-14,Trolebús,264539
2023-07-15,Metro,2828449
2023-07-15,Ecobici,24985
2023-07-15,Metrobús,1083038
2023-07-15,RTP,304730
2023-07-15,Tren Ligero,58107
2023-07-15,Cablebús,111251
2023-07-15,Trolebús,212349
2023-07-16,Metro,1871275
2023-07-16,Ecobici,24245
2023-07-16,Metrobús,736747
2023-07-16,RTP,219376
2023-07-16,Tren Ligero,33234
2023-07-16,Cablebús,81605
2023-07-16,Trolebús,159879
2023-07-17,Metro,3101478
2023-07-17,Ecobici,37192
2023-07-17,Metrobús,1360807
2023-07-17,RTP,356080
2023-07-17,Tren Ligero,64544
2023-07-17,Cablebús,109823
2023-07-17,Trolebús,257005
2023-07-18,Metro,3218754
2023-07-18,Ecobici,36883
2023-07-18,Metrobús,1457644
2023-07-18,RTP,368059
2023-07-18,Tren Ligero,67260
2023-07-18,Cablebús,112699
2023-07-18,Trolebús,262495
2023-07-19,Metro,3191472
2023-07-19,Ecobici,37938
2023-07-19,Metrobús,1397813
2023-07-19,RTP,356510
2023-07-19,Tren Ligero,64479
2023-07-19,Cablebús,111501
2023-07-19,Trolebús,252098
2023-07-20,Metro,3279021
2023-07-20,Ecobici,40789
2023-07-20,Metrobús,1470489
2023-07-20,RTP,365505
2023-07-20,Tren Ligero,67457
2023-07-20,Cablebús,113412
2023-07-20,Trolebús,258853
2023-07-21,Metro,3279634
2023-07-21,Ecobici,33319
2023-07-21,Metrobús,1458822
2023-07-21,RTP,353064
2023-07-21,Tren Ligero,65982
2023-07-21,Cablebús,114042
2023-07-21,Trolebús,251402
2023-07-22,Metro,2719864
2023-07-22,Ecobici,22059
2023-07-22,Metrobús,1042848
2023-07-22,RTP,279263
2023-07-22,Tren Ligero,50039
2023-07-22,Cablebús,107239
2023-07-22,Trolebús,203028
2023-07-23,Metro,1756446
2023-07-23,Ecobici,23834
2023-07-23,Metrobús,712023
2023-07-23,RTP,201549
2023-07-23,Tren Ligero,32237
2023-07-23,Cablebús,78425
2023-07-23,Trolebús,143692
2023-07-24,Metro,3098692
2023-07-24,Ecobici,35379
2023-07-24,Metrobús,1381373
2023-07-24,RTP,348412
2023-07-24,Tren Ligero,66615
2023-07-24,Cablebús,81688
2023-07-24,Trolebús,252965
2023-07-25,Metro,3185615
2023-07-25,Ecobici,37314
2023-07-25,Metrobús,1437944
2023-07-25,RTP,344436
2023-07-25,Tren Ligero,67714
2023-07-25,Cablebús,79594
2023-07-25,Trolebús,257914
2023-07-26,Metro,3300261
2023-07-26,Ecobici,30920
2023-07-26,Metrobús,1440653
2023-07-26,RTP,352454
2023-07-26,Tren Ligero,66742
2023-07-26,Cablebús,85261
2023-07-26,Trolebús,268521
2023-07-27,Metro,3140701
2023-07-27,Ecobici,33377
2023-07-27,Metrobús,1419762
2023-07-27,RTP,340421
2023-07-27,Tren Ligero,65591
2023-07-27,Cablebús,75873
2023-07-27,Trolebús,261576
2023-07-28,Metro,3299203
2023-07-28,Ecobici,35997
2023-07-28,Metrobús,1457273
2023-07-28,RTP,353206
2023-07-28,Tren Ligero,64799
2023-07-28,Cablebús,82424
2023-07-28,Trolebús,271917
2023-07-29,Metro,2737344
2023-07-29,Ecobici,20320
2023-07-29,Metrobús,1042917
2023-07-29,RTP,272877
2023-07-29,Tren Ligero,49759
2023-07-29,Cablebús,72930
2023-07-29,Trolebús,210401
2023-07-30,Metro,1780962
2023-07-30,Ecobici,23977
2023-07-30,Metrobús,718977
2023-07-30,RTP,202164
2023-07-30,Tren Ligero,31134
2023-07-30,Cablebús,56149
2023-07-30,Trolebús,157749
2023-07-31,Metro,3078563
2023-07-31,Ecobici,35468
2023-07-31,Metrobús,1421483
2023-07-31,RTP,340613
2023-07-31,Tren Ligero,64021
2023-07-31,Cablebús,64642
2023-07-31,Trolebús,268072
2023-08-01,Metro,3293832
2023-08-01,Ecobici,36384
2023-08-01,Metrobús,1474835
2023-08-01,RTP,358530
2023-08-01,Tren Ligero,67538
2023-08-01,Cablebús,66316
2023-08-01,Trolebús,263719
2023-08-02,Metro,3321304
2023-08-02,Ecobici,40375
2023-08-02,Metrobús,1476022
2023-08-02,RTP,363268
2023-08-02,Tren Ligero,68600
2023-08-02,Cablebús,66322
2023-08-02,Trolebús,273833
2023-08-03,Metro,3274335
2023-08-03,Ecobici,38506
2023-08-03,Metrobús,1479060
2023-08-03,RTP,352682
2023-08-03,Tren Ligero,67127
2023-08-03,Cablebús,65649
2023-08-03,Trolebús,272038
2023-08-04,Metro,3344183
2023-08-04,Ecobici,37606
2023-08-04,Metrobús,1496605
2023-08-04,RTP,350384
2023-08-04,Tren Ligero,70861
2023-08-04,Cablebús,66673
2023-08-04,Trolebús,268359
2023-08-05,Metro,2789432
2023-08-05,Ecobici,24457
2023-08-05,Metrobús,1102137
2023-08-05,RTP,286079
2023-08-05,Tren Ligero,51337
2023-08-05,Cablebús,63785
2023-08-05,Trolebús,212348
2023-08-06,Metro,1827596
2023-08-06,Ecobici,26228
2023-08-06,Metrobús,799118
2023-08-06,RTP,213336
2023-08-06,Tren Ligero,32321
2023-08-06,Cablebús,51354
2023-08-06,Trolebús,156779
2023-08-07,Metro,3202865
2023-08-07,Ecobici,39224
2023-08-07,Metrobús,1454790
2023-08-07,RTP,363346
2023-08-07,Tren Ligero,64923
2023-08-07,Cablebús,57231
2023-08-07,Trolebús,242294
2023-08-08,Metro,3340539
2023-08-08,Ecobici,42525
2023-08-08,Metrobús,1462936
2023-08-08,RTP,369752
2023-08-08,Tren Ligero,73287
2023-08-08,Cablebús,59465
2023-08-08,Trolebús,249219
2023-08-09,Metro,3421048
2023-08-09,Ecobici,43929
2023-08-09,Metrobús,1500794
2023-08-09,RTP,372225
2023-08-09,Tren Ligero,73770
2023-08-09,Cablebús,61861
2023-08-09,Trolebús,255013
2023-08-10,Metro,3377956
2023-08-10,Ecobici,39408
2023-08-10,Metrobús,1487769
2023-08-10,RTP,360134
2023-08-10,Tren Ligero,73579
2023-08-10,Cablebús,60169
2023-08-10,Trolebús,251605
2023-08-11,Metro,3362885
2023-08-11,Ecobici,40823
2023-08-11,Metrobús,1537712
2023-08-11,RTP,360301
2023-08-11,Tren Ligero,73287
2023-08-11,Cablebús,62307
2023-08-11,Trolebús,253244
2023-08-12,Metro,2841781
2023-08-12,Ecobici,22071
2023-08-12,Metrobús,1069792
2023-08-12,RTP,286071
2023-08-12,Tren Ligero,53708
2023-08-12,Cablebús,58474
2023-08-12,Trolebús,200309
2023-08-13,Metro,1801466
2023-08-13,Ecobici,26073
2023-08-13,Metrobús,762443
2023-08-13,RTP,219513
2023-08-13,Tren Ligero,33802
2023-08-13,Cablebús,46515
2023-08-13,Trolebús,150171
2023-08-14,Metro,3255692
2023-08-14,Ecobici,38029
2023-08-14,Metrobús,1484757
2023-08-14,RTP,368916
2023-08-14,Tren Ligero,71497
2023-08-14,Cablebús,61682
2023-08-14,Trolebús,244917
2023-08-15,Metro,3409603
2023-08-15,Ecobici,41151
2023-08-15,Metrobús,1573369
2023-08-15,RTP,365850
2023-08-15,Tren Ligero,74196
2023-08-15,Cablebús,63446
2023-08-15,Trolebús,263445
2023-08-16,Metro,3569705
2023-08-16,Ecobici,38472
2023-08-16,Metrobús,1558687
2023-08-16,RTP,373540
2023-08-16,Tren Ligero,70734
2023-08-16,Cablebús,63226
2023-08-16,Trolebús,255406
2023-08-17,Metro,3421806
2023-08-17,Ecobici,38105
2023-08-17,Metrobús,1523741
2023-08-17,RTP,362275
2023-08-17,Tren Ligero,71065
2023-08-17,Cablebús,63314
2023-08-17,Trolebús,255780
2023-08-18,Metro,3470597
2023-08-18,Ecobici,34099
2023-08-18,Metrobús,1502934
2023-08-18,RTP,360231
2023-08-18,Tren Ligero,74919
2023-08-18,Cablebús,62679
2023-08-18,Trolebús,254725
2023-08-19,Metro,2875147
2023-08-19,Ecobici,20631
2023-08-19,Metrobús,1038941
2023-08-19,RTP,269007
2023-08-19,Tren Ligero,40630
2023-08-19,Cablebús,61165
2023-08-19,Trolebús,197678
2023-08-20,Metro,1907986
2023-08-20,Ecobici,25959
2023-08-20,Metrobús,769047
2023-08-20,RTP,230463
2023-08-20,Tren Ligero,31914
2023-08-20,Cablebús,47770
2023-08-20,Trolebús,143188
2023-08-21,Metro,3367326
2023-08-21,Ecobici,33380
2023-08-21,Metrobús,1541134
2023-08-21,RTP,397928
2023-08-21,Tren Ligero,71293
2023-08-21,Cablebús,111208
2023-08-21,Trolebús,256178
2023-08-22,Metro,3461002
2023-08-22,Ecobici,38207
2023-08-22,Metrobús,1561833
2023-08-22,RTP,404369
2023-08-22,Tren Ligero,71267
2023-08-22,Cablebús,114116
2023-08-22,Trolebús,264830
2023-08-23,Metro,3458024
2023-08-23,Ecobici,42802
2023-08-23,Metrobús,1583604
2023-08-23,RTP,417929
2023-08-23,Tren Ligero,77380
2023-08-23,Cablebús,116930
2023-08-23,Trolebús,261415
2023-08-24,Metro,3553651
2023-08-24,Ecobici,43385
2023-08-24,Metrobús,1577861
2023-08-24,RTP,417842
2023-08-24,Tren Ligero,72290
2023-08-24,Cablebús,114659
2023-08-24,Trolebús,260798
2023-08-25,Metro,3563122
2023-08-25,Ecobici,40815
2023-08-25,Metrobús,1618832
2023-08-25,RTP,418359
2023-08-25,Tren Ligero,73782
2023-08-25,Cablebús,118964
2023-08-25,Trolebús,264358
2023-08-26,Metro,3063961
2023-08-26,Ecobici,26040
2023-08-26,Metrobús,1097778
2023-08-26,RTP,314033
2023-08-26,Tren Ligero,61395
2023-08-26,Cablebús,107296
2023-08-26,Trolebús,212476
2023-08-27,Metro,2029590
2023-08-27,Ecobici,27088
2023-08-27,Metrobús,792335
2023-08-27,RTP,234795
2023-08-27,Tren Ligero,33443
2023-08-27,Cablebús,82016
2023-08-27,Trolebús,146107
2023-08-28,Metro,3410926
2023-08-28,Ecobici,38766
2023-08-28,Metrobús,1616515
2023-08-28,RTP,417625
2023-08-28,Tren Ligero,81982
2023-08-28,Cablebús,124230
2023-08-28,Trolebús,275218
2023-08-29,Metro,3557538
2023-08-29,Ecobici,45438
2023-08-29,Metrobús,1652621
2023-08-29,RTP,431373
2023-08-29,Tren Ligero,86816
2023-08-29,Cablebús,126196
2023-08-29,Trolebús,284855
2023-08-30,Metro,3562154
2023-08-30,Ecobici,46139
2023-08-30,Metrobús,1671743
2023-08-30,RTP,445874
2023-08-30,Tren Ligero,83216
2023-08-30,Cablebús,127260
2023-08-30,Trolebús,283997
2023-08-31,Metro,3466496
2023-08-31,Ecobici,33106
2023-08-31,Metrobús,1647273
2023-08-31,RTP,424016
2023-08-31,Tren Ligero,82733
2023-08-31,Cablebús,125672
2023-08-31,Trolebús,283633
2023-09-01,Metro,3591155
2023-09-01,Ecobici,42175
2023-09-01,Metrobús,1643413
2023-09-01,RTP,412480
2023-09-01,Tren Ligero,80611
2023-09-01,Cablebús,124769
2023-09-01,Trolebús,295555
2023-09-02,Metro,2970518
2023-09-02,Ecobici,23519
2023-09-02,Metrobús,1123409
2023-09-02,RTP,310299
2023-09-02,Tren Ligero,59245
2023-09-02,Cablebús,109635
2023-09-02,Trolebús,217915
2023-09-03,Metro,1858888
2023-09-03,Ecobici,24327
2023-09-03,Metrobús,828180
2023-09-03,RTP,220135
2023-09-03,Tren Ligero,38590
2023-09-03,Cablebús,78018
2023-09-03,Trolebús,152065
2023-09-04,Metro,3492703
2023-09-04,Ecobici,43315
2023-09-04,Metrobús,1680620
2023-09-04,RTP,430365
2023-09-04,Tren Ligero,89030
2023-09-04,Cablebús,136169
2023-09-04,Trolebús,300263
2023-09-05,Metro,3635730
2023-09-05,Ecobici,44325
2023-09-05,Metrobús,1719775
2023-09-05,RTP,419196
2023-09-05,Tren Ligero,90993
2023-09-05,Cablebús,132116
2023-09-05,Trolebús,304202
2023-09-06,Metro,3705274
2023-09-06,Ecobici,41689
2023-09-06,Metrobús,1732037
2023-09-06,RTP,423374
2023-09-06,Tren Ligero,89807
2023-09-06,Cablebús,131821
2023-09-06,Trolebús,300841
2023-09-07,Metro,3626459
2023-09-07,Ecobici,45116
2023-09-07,Metrobús,1738143
2023-09-07,RTP,422956
2023-09-07,Tren Ligero,89245
2023-09-07,Cablebús,130781
2023-09-07,Trolebús,303330
2023-09-08,Metro,3710312
2023-09-08,Ecobici,45287
2023-09-08,Metrobús,1684642
2023-09-08,RTP,428651
2023-09-08,Tren Ligero,90736
2023-09-08,Cablebús,135167
2023-09-08,Trolebús,304242
2023-09-09,Metro,2868092
2023-09-09,Ecobici,27456
2023-09-09,Metrobús,1154059
2023-09-09,RTP,306042
2023-09-09,Tren Ligero,54944
2023-09-09,Cablebús,109890
2023-09-09,Trolebús,226575
2023-09-10,Metro,1790854
2023-09-10,Ecobici,27678
2023-09-10,Metrobús,819491
2023-09-10,RTP,220623
2023-09-10,Tren Ligero,32270
2023-09-10,Cablebús,82375
2023-09-10,Trolebús,166208
2023-09-11,Metro,3486439
2023-09-11,Ecobici,44849
2023-09-11,Metrobús,1676897
2023-09-11,RTP,428179
2023-09-11,Tren Ligero,91340
2023-09-11,Cablebús,134870
2023-09-11,Trolebús,304203
2023-09-12,Metro,3626347
2023-09-12,Ecobici,48402
2023-09-12,Metrobús,1699509
2023-09-12,RTP,427203
2023-09-12,Tren Ligero,90859
2023-09-12,Cablebús,135672
2023-09-12,Trolebús,317470
2023-09-13,Metro,3674334
2023-09-13,Ecobici,47611
2023-09-13,Metrobús,1746773
2023-09-13,RTP,427085
2023-09-13,Tren Ligero,82439
2023-09-13,Cablebús,135176
2023-09-13,Trolebús,317417
2023-09-14,Metro,3666792
2023-09-14,Ecobici,46787
2023-09-14,Metrobús,1733548
2023-09-14,RTP,431022
2023-09-14,Tren Ligero,86926
2023-09-14,Cablebús,135901
2023-09-14,Trolebús,318989
2023-09-15,Metro,3140947
2023-09-15,Ecobici,30034
2023-09-15,Metrobús,1273189
2023-09-15,RTP,358375
2023-09-15,Tren Ligero,66371
2023-09-15,Cablebús,115670
2023-09-15,Trolebús,245294
2023-09-16,Metro,1667392
2023-09-16,Ecobici,17801
2023-09-16,Metrobús,614389
2023-09-16,RTP,188866
2023-09-16,Tren Ligero,38670
2023-09-16,Cablebús,67541
2023-09-16,Trolebús,141801
2023-09-17,Metro,1547414
2023-09-17,Ecobici,24536
2023-09-17,Metrobús,750763
2023-09-17,RTP,201294
2023-09-17,Tren Ligero,34971
2023-09-17,Cablebús,75480
2023-09-17,Trolebús,154532
2023-09-18,Metro,3413571
2023-09-18,Ecobici,42376
2023-09-18,Metrobús,1674472
2023-09-18,RTP,421411
2023-09-18,Tren Ligero,88120
2023-09-18,Cablebús,132840
2023-09-18,Trolebús,307141
2023-09-19,Metro,3441886
2023-09-19,Ecobici,42132
2023-09-19,Metrobús,1691216
2023-09-19,RTP,412577
2023-09-19,Tren Ligero,86931
2023-09-19,Cablebús,129082
2023-09-19,Trolebús,306850
2023-09-20,Metro,3624914
2023-09-20,Ecobici,49684
2023-09-20,Metrobús,1735056
2023-09-20,RTP,423584
2023-09-20,Tren Ligero,86867
2023-09-20,Cablebús,136930
2023-09-20,Trolebús,322553
2023-09-21,Metro,3667790
2023-09-21,Ecobici,47671
2023-09-21,Metrobús,1801758
2023-09-21,RTP,428414
2023-09-21,Tren Ligero,88309
2023-09-21,Cablebús,133578
2023-09-21,Trolebús,316817
2023-09-22,Metro,3719735
2023-09-22,Ecobici,46714
2023-09-22,Metrobús,1700117
2023-09-22,RTP,429185
2023-09-22,Tren Ligero,87779
2023-09-22,Cablebús,137238
2023-09-22,Trolebús,319030
2023-09-23,Metro,2856695
2023-09-23,Ecobici,29316
2023-09-23,Metrobús,1155630
2023-09-23,RTP,292285
2023-09-23,Tren Ligero,55615
2023-09-23,Cablebús,110794
2023-09-23,Trolebús,229307
2023-09-24,Metro,1797255
2023-09-24,Ecobici,29656
2023-09-24,Metrobús,818714
2023-09-24,RTP,218013
2023-09-24,Tren Ligero,42771
2023-09-24,Cablebús,83319
2023-09-24,Trolebús,163684
2023-09-25,Metro,3392328
2023-09-25,Ecobici,47013
2023-09-25,Metrobús,1645543
2023-09-25,RTP,436301
2023-09-25,Tren Ligero,84076
2023-09-25,Cablebús,133511
2023-09-25,Trolebús,302042
2023-09-26,Metro,3541813
2023-09-26,Ecobici,50372
2023-09-26,Metrobús,1720036
2023-09-26,RTP,434186
2023-09-26,Tren Ligero,87350
2023-09-26,Cablebús,134208
2023-09-26,Trolebús,309916
2023-09-27,Metro,3605677
2023-09-27,Ecobici,50636
2023-09-27,Metrobús,1730807
2023-09-27,RTP,438651
2023-09-27,Tren Ligero,86114
2023-09-27,Cablebús,136146
2023-09-27,Trolebús,320599
2023-09-28,Metro,3643488
2023-09-28,Ecobici,50818
2023-09-28,Metrobús,1702199
2023-09-28,RTP,444504
2023-09-28,Tren Ligero,87561
2023-09-28,Cablebús,134501
2023-09-28,Trolebús,318377
2023-09-29,Metro,3759308
2023-09-29,Ecobici,48317
2023-09-29,Metrobús,1741144
2023-09-29,RTP,440758
2023-09-29,Tren Ligero,88448
2023-09-29,Cablebús,138823
2023-09-29,Trolebús,314815
2023-09-30,Metro,2934801
2023-09-30,Ecobici,30143
2023-09-30,Metrobús,1155331
2023-09-30,RTP,297409
2023-09-30,Tren Ligero,68219
2023-09-30,Cablebús,111379
2023-09-30,Trolebús,218426
2023-10-01,Metro,1784765
2023-10-01,Ecobici,31269
2023-10-01,Metrobús,815156
2023-10-01,RTP,216236
2023-10-01,Tren Ligero,34289
2023-10-01,Cablebús,84109
2023-10-01,Trolebús,159873
2023-10-02,Metro,3290437
2023-10-02,Ecobici,42060
2023-10-02,Metrobús,1579720
2023-10-02,RTP,423941
2023-10-02,Tren Ligero,84565
2023-10-02,Cablebús,127706
2023-10-02,Trolebús,278346
2023-10-03,Metro,3446154
2023-10-03,Ecobici,48210
2023-10-03,Metrobús,1710483
2023-10-03,RTP,432646
2023-10-03,Tren Ligero,94258
2023-10-03,Cablebús,133238
2023-10-03,Trolebús,301855
2023-10-04,Metro,3500043
2023-10-04,Ecobici,52776
2023-10-04,Metrobús,1721607
2023-10-04,RTP,437915
2023-10-04,Tren Ligero,86054
2023-10-04,Cablebús,133744
2023-10-04,Trolebús,299306
2023-10-05,Metro,3512336
2023-10-05,Ecobici,51749
2023-10-05,Metrobús,1715363
2023-10-05,RTP,443234
2023-10-05,Tren Ligero,87513
2023-10-05,Cablebús,131377
2023-10-05,Trolebús,303703
2023-10-06,Metro,3525879
2023-10-06,Ecobici,50028
2023-10-06,Metrobús,1717176
2023-10-06,RTP,434316
2023-10-06,Tren Ligero,84765
2023-10-06,Cablebús,134173
2023-10-06,Trolebús,296169
2023-10-07,Metro,2692316
2023-10-07,Ecobici,29355
2023-10-07,Metrobús,1165105
2023-10-07,RTP,296202
2023-10-07,Tren Ligero,54736
2023-10-07,Cablebús,109831
2023-10-07,Trolebús,209817
2023-10-08,Metro,1698747
2023-10-08,Ecobici,27474
2023-10-08,Metrobús,803109
2023-10-08,RTP,215665
2023-10-08,Tren Ligero,32788
2023-10-08,Cablebús,78647
2023-10-08,Trolebús,147275
2023-10-09,Metro,3365874
2023-10-09,Ecobici,46017
2023-10-09,Metrobús,1657098
2023-10-09,RTP,443726
2023-10-09,Tren Ligero,84604
2023-10-09,Cablebús,129925
2023-10-09,Trolebús,289037
2023-10-10,Metro,3492212
2023-10-10,Ecobici,52802
2023-10-10,Metrobús,1663161
2023-10-10,RTP,442298
2023-10-10,Tren Ligero,92401
2023-10-10,Cablebús,132535
2023-10-10,Trolebús,307302
2023-10-11,Metro,3537684
2023-10-11,Ecobici,52762
2023-10-11,Metrobús,1712094
2023-10-11,RTP,449801
2023-10-11,Tren Ligero,89436
2023-10-11,Cablebús,130789
2023-10-11,Trolebús,309658
2023-10-12,Metro,3488834
2023-10-12,Ecobici,53829
2023-10-12,Metrobús,1683782
2023-10-12,RTP,441976
2023-10-12,Tren Ligero,84993
2023-10-12,Cablebús,130804
2023-10-12,Trolebús,306045
2023-10-13,Metro,3648287
2023-10-13,Ecobici,47410
2023-10-13,Metrobús,1779824
2023-10-13,RTP,451687
2023-10-13,Tren Ligero,87311
2023-10-13,Cablebús,130774
2023-10-13,Trolebús,306815
2023-10-14,Metro,2740943
2023-10-14,Ecobici,31820
2023-10-14,Metrobús,1153109
2023-10-14,RTP,311655
2023-10-14,Tren Ligero,55065
2023-10-14,Cablebús,112620
2023-10-14,Trolebús,218857
2023-10-15,Metro,1795922
2023-10-15,Ecobici,27226
2023-10-15,Metrobús,823163
2023-10-15,RTP,225162
2023-10-15,Tren Ligero,35010
2023-10-15,Cablebús,80282
2023-10-15,Trolebús,159057
2023-10-16,Metro,3358477
2023-10-16,Ecobici,47251
2023-10-16,Metrobús,1667748
2023-10-16,RTP,447229
2023-10-16,Tren Ligero,85554
2023-10-16,Cablebús,132371
2023-10-16,Trolebús,314206
2023-10-17,Metro,3438928
2023-10-17,Ecobici,52588
2023-10-17,Metrobús,1683842
2023-10-17,RTP,415226
2023-10-17,Tren Ligero,88418
2023-10-17,Cablebús,130880
2023-10-17,Trolebús,306055
2023-10-18,Metro,3491026
2023-10-18,Ecobici,53865
2023-10-18,Metrobús,1695724
2023-10-18,RTP,453391
2023-10-18,Tren Ligero,87864
2023-10-18,Cablebús,132924
2023-10-18,Trolebús,311834
2023-10-19,Metro,3558239
2023-10-19,Ecobici,53904
2023-10-19,Metrobús,1687442
2023-10-19,RTP,488305
2023-10-19,Tren Ligero,88270
2023-10-19,Cablebús,131544
2023-10-19,Trolebús,307646
2023-10-20,Metro,3574271
2023-10-20,Ecobici,51167
2023-10-20,Metrobús,1730368
2023-10-20,RTP,447220
2023-10-20,Tren Ligero,88713
2023-10-20,Cablebús,135383
2023-10-20,Trolebús,309102
2023-10-21,Metro,2883466
2023-10-21,Ecobici,33766
2023-10-21,Metrobús,1196874
2023-10-21,RTP,310957
2023-10-21,Tren Ligero,70229
2023-10-21,Cablebús,117522
2023-10-21,Trolebús,229122
2023-10-22,Metro,1975967
2023-10-22,Ecobici,34014
2023-10-22,Metrobús,837273
2023-10-22,RTP,241878
2023-10-22,Tren Ligero,40315
2023-10-22,Cablebús,88508
2023-10-22,Trolebús,170866
2023-10-23,Metro,3415601
2023-10-23,Ecobici,50984
2023-10-23,Metrobús,1665576
2023-10-23,RTP,445415
2023-10-23,Tren Ligero,86777
2023-10-23,Cablebús,129278
2023-10-23,Trolebús,292095
2023-10-24,Metro,3491867
2023-10-24,Ecobici,45078
2023-10-24,Metrobús,1653335
2023-10-24,RTP,442855
2023-10-24,Tren Ligero,83588
2023-10-24,Cablebús,130358
2023-10-24,Trolebús,301863
2023-10-25,Metro,3455796
2023-10-25,Ecobici,43852
2023-10-25,Metrobús,1705527
2023-10-25,RTP,425271
2023-10-25,Tren Ligero,84644
2023-10-25,Cablebús,129343
2023-10-25,Trolebús,295787
2023-10-26,Metro,3532080
2023-10-26,Ecobici,54724
2023-10-26,Metrobús,1690372
2023-10-26,RTP,442278
2023-10-26,Tren Ligero,88306
2023-10-26,Cablebús,129146
2023-10-26,Trolebús,301262
2023-10-27,Metro,3705956
2023-10-27,Ecobici,50839
2023-10-27,Metrobús,1741851
2023-10-27,RTP,423099
2023-10-27,Tren Ligero,89521
2023-10-27,Cablebús,140258
2023-10-27,Trolebús,293811
2023-10-28,Metro,3007788
2023-10-28,Ecobici,45983
2023-10-28,Metrobús,1192868
2023-10-28,RTP,300642
2023-10-28,Tren Ligero,62099
2023-10-28,Cablebús,118017
2023-10-28,Trolebús,216600
2023-10-29,Metro,1998488
2023-10-29,Ecobici,30602
2023-10-29,Metrobús,834269
2023-10-29,RTP,201252
2023-10-29,Tren Ligero,40002
2023-10-29,Cablebús,84482
2023-10-29,Trolebús,157950
2023-10-30,Metro,3520838
2023-10-30,Ecobici,52111
2023-10-30,Metrobús,1653789
2023-10-30,RTP,402898
2023-10-30,Tren Ligero,83120
2023-10-30,Cablebús,133964
2023-10-30,Trolebús,296973
2023-10-31,Metro,3639679
2023-10-31,Ecobici,56239
2023-10-31,Metrobús,1675496
2023-10-31,RTP,391726
2023-10-31,Tren Ligero,87191
2023-10-31,Cablebús,137411
2023-10-31,Trolebús,299251
2023-11-01,Metro,3239924
2023-11-01,Ecobici,50332
2023-11-01,Metrobús,1449711
2023-11-01,RTP,305810
2023-11-01,Tren Ligero,73286
2023-11-01,Cablebús,132416
2023-11-01,Trolebús,273709
2023-11-02,Metro,2352122
2023-11-02,Ecobici,37505
2023-11-02,Metrobús,976963
2023-11-02,RTP,216185
2023-11-02,Tren Ligero,44146
2023-11-02,Cablebús,90171
2023-11-02,Trolebús,192823
2023-11-03,Metro,3108635
2023-11-03,Ecobici,46201
2023-11-03,Metrobús,1421825
2023-11-03,RTP,318611
2023-11-03,Tren Ligero,71012
2023-11-03,Cablebús,115244
2023-11-03,Trolebús,250347
2023-11-04,Metro,2963955
2023-11-04,Ecobici,35427
2023-11-04,Metrobús,1037294
2023-11-04,RTP,211729
2023-11-04,Tren Ligero,66428
2023-11-04,Cablebús,115218
2023-11-04,Trolebús,191498
2023-11-05,Metro,1839333
2023-11-05,Ecobici,32304
2023-11-05,Metrobús,798172
2023-11-05,RTP,164254
2023-11-05,Tren Ligero,34378
2023-11-05,Cablebús,82438
2023-11-05,Trolebús,149593
2023-11-06,Metro,3564132
2023-11-06,Ecobici,52581
2023-11-06,Metrobús,1646394
2023-11-06,RTP,342559
2023-11-06,Tren Ligero,87095
2023-11-06,Cablebús,136513
2023-11-06,Trolebús,286440
2023-11-07,Metro,3614653
2023-11-07,Ecobici,57460
2023-11-07,Metrobús,1686853
2023-11-07,RTP,347089
2023-11-07,Tren Ligero,87200
2023-11-07,Cablebús,134459
2023-11-07,Trolebús,298621
2023-11-08,Metro,3687659
2023-11-08,Ecobici,56713
2023-11-08,Metrobús,1704383
2023-11-08,RTP,356650
2023-11-08,Tren Ligero,86911
2023-11-08,Cablebús,140265
2023-11-08,Trolebús,295199
2023-11-09,Metro,3688130
2023-11-09,Ecobici,51452
2023-11-09,Metrobús,1673884
2023-11-09,RTP,356829
2023-11-09,Tren Ligero,85405
2023-11-09,Cablebús,133978
2023-11-09,Trolebús,294181
2023-11-10,Metro,3604674
2023-11-10,Ecobici,54085
2023-11-10,Metrobús,1731307
2023-11-10,RTP,388439
2023-11-10,Tren Ligero,85845
2023-11-10,Cablebús,140449
2023-11-10,Trolebús,294770
2023-11-11,Metro,2810453
2023-11-11,Ecobici,34211
2023-11-11,Metrobús,1179382
2023-11-11,RTP,243613
2023-11-11,Tren Ligero,58066
2023-11-11,Cablebús,114634
2023-11-11,Trolebús,204058
2023-11-12,Metro,1774603
2023-11-12,Ecobici,33226
2023-11-12,Metrobús,837713
2023-11-12,RTP,179537
2023-11-12,Tren Ligero,42857
2023-11-12,Cablebús,85718
2023-11-12,Trolebús,146149
2023-11-13,Metro,3414797
2023-11-13,Ecobici,55306
2023-11-13,Metrobús,1674336
2023-11-13,RTP,387657
2023-11-13,Tren Ligero,84897
2023-11-13,Cablebús,133618
2023-11-13,Trolebús,288866
2023-11-14,Metro,3541290
2023-11-14,Ecobici,57022
2023-11-14,Metrobús,1726078
2023-11-14,RTP,378789
2023-11-14,Tren Ligero,86832
2023-11-14,Cablebús,137404
2023-11-14,Trolebús,307528
2023-11-15,Metro,3672925
2023-11-15,Ecobici,58306
2023-11-15,Metrobús,1709334
2023-11-15,RTP,378387
2023-11-15,Tren Ligero,88136
2023-11-15,Cablebús,138181
2023-11-15,Trolebús,312728
2023-11-16,Metro,3635876
2023-11-16,Ecobici,56913
2023-11-16,Metrobús,1742778
2023-11-16,RTP,389534
2023-11-16,Tren Ligero,84794
2023-11-16,Cablebús,135337
2023-11-16,Trolebús,308485
2023-11-17,Metro,3714458
2023-11-17,Ecobici,53618
2023-11-17,Metrobús,1776653
2023-11-17,RTP,380485
2023-11-17,Tren Ligero,84255
2023-11-17,Cablebús,134472
2023-11-17,Trolebús,296951
2023-11-18,Metro,2891108
2023-11-18,Ecobici,32259
2023-11-18,Metrobús,1196989
2023-11-18,RTP,243534
2023-11-18,Tren Ligero,56907
2023-11-18,Cablebús,118973
2023-11-18,Trolebús,216595
2023-11-19,Metro,1881074
2023-11-19,Ecobici,31120
2023-11-19,Metrobús,801746
2023-11-19,RTP,191119
2023-11-19,Tren Ligero,39755
2023-11-19,Cablebús,87940
2023-11-19,Trolebús,163361
2023-11-20,Metro,1939114
2023-11-20,Ecobici,30497
2023-11-20,Metrobús,886613
2023-11-20,RTP,209308
2023-11-20,Tren Ligero,38305
2023-11-20,Cablebús,85989
2023-11-20,Trolebús,161432
2023-11-21,Metro,3443937
2023-11-21,Ecobici,54595
2023-11-21,Metrobús,1666273
2023-11-21,RTP,373952
2023-11-21,Tren Ligero,92874
2023-11-21,Cablebús,131444
2023-11-21,Trolebús,296861
2023-11-22,Metro,3498385
2023-11-22,Ecobici,47805
2023-11-22,Metrobús,1647509
2023-11-22,RTP,356500
2023-11-22,Tren Ligero,84116
2023-11-22,Cablebús,131108
2023-11-22,Trolebús,291575
2023-11-23,Metro,3491772
2023-11-23,Ecobici,53462
2023-11-23,Metrobús,1713445
2023-11-23,RTP,350866
2023-11-23,Tren Ligero,81324
2023-11-23,Cablebús,127962
2023-11-23,Trolebús,293396
2023-11-24,Metro,3612482
2023-11-24,Ecobici,54179
2023-11-24,Metrobús,1660615
2023-11-24,RTP,361589
2023-11-24,Tren Ligero,80861
2023-11-24,Cablebús,136301
2023-11-24,Trolebús,296320
2023-11-25,Metro,2817076
2023-11-25,Ecobici,32725
2023-11-25,Metrobús,1139801
2023-11-25,RTP,240107
2023-11-25,Tren Ligero,55598
2023-11-25,Cablebús,114765
2023-11-25,Trolebús,197382
2023-11-26,Metro,1859274
2023-11-26,Ecobici,29885
2023-11-26,Metrobús,851555
2023-11-26,RTP,184731
2023-11-26,Tren Ligero,34562
2023-11-26,Cablebús,85196
2023-11-26,Trolebús,159329
2023-11-27,Metro,3403271
2023-11-27,Ecobici,52775
2023-11-27,Metrobús,1646267
2023-11-27,RTP,372082
2023-11-27,Tren Ligero,82825
2023-11-27,Cablebús,130142
2023-11-27,Trolebús,289689
2023-11-28,Metro,3511237
2023-11-28,Ecobici,56027
2023-11-28,Metrobús,1710604
2023-11-28,RTP,374288
2023-11-28,Tren Ligero,85254
2023-11-28,Cablebús,133407
2023-11-28,Trolebús,296414
2023-11-29,Metro,3574043
2023-11-29,Ecobici,54921
2023-11-29,Metrobús,1743610
2023-11-29,RTP,380431
2023-11-29,Tren Ligero,83385
2023-11-29,Cablebús,132194
2023-11-29,Trolebús,292537
2023-11-30,Metro,3568292
2023-11-30,Ecobici,57830
2023-11-30,Metrobús,1762960
2023-11-30,RTP,390639
2023-11-30,Tren Ligero,84387
2023-11-30,Cablebús,134577
2023-11-30,Trolebús,292910
2023-12-01,Metro,3645362
2023-12-01,Ecobici,55344
2023-12-01,Metrobús,1768372
2023-12-01,RTP,392281
2023-12-01,Tren Ligero,88214
2023-12-01,Cablebús,137476
2023-12-01,Trolebús,302418
2023-12-02,Metro,3065194
2023-12-02,Ecobici,36539
2023-12-02,Metrobús,1172937
2023-12-02,RTP,266519
2023-12-02,Tren Ligero,72732
2023-12-02,Cablebús,120662
2023-12-02,Trolebús,220948
2023-12-03,Metro,2005758
2023-12-03,Ecobici,31880
2023-12-03,Metrobús,886995
2023-12-03,RTP,195195
2023-12-03,Tren Ligero,36812
2023-12-03,Cablebús,89767
2023-12-03,Trolebús,164080
2023-12-04,Metro,3540000
2023-12-04,Ecobici,53415
2023-12-04,Metrobús,1662797
2023-12-04,RTP,399744
2023-12-04,Tren Ligero,80204
2023-12-04,Cablebús,134024
2023-12-04,Trolebús,283104
2023-12-05,Metro,3665089
2023-12-05,Ecobici,58402
2023-12-05,Metrobús,1689879
2023-12-05,RTP,384368
2023-12-05,Tren Ligero,83232
2023-12-05,Cablebús,131050
2023-12-05,Trolebús,293981
2023-12-06,Metro,3607244
2023-12-06,Ecobici,55101
2023-12-06,Metrobús,1709449
2023-12-06,RTP,382769
2023-12-06,Tren Ligero,82486
2023-12-06,Cablebús,132850
2023-12-06,Trolebús,290196
2023-12-07,Metro,3636009
2023-12-07,Ecobici,49538
2023-12-07,Metrobús,1773294
2023-12-07,RTP,377730
2023-12-07,Tren Ligero,81963
2023-12-07,Cablebús,129410
2023-12-07,Trolebús,287907
2023-12-08,Metro,3703929
2023-12-08,Ecobici,53047
2023-12-08,Metrobús,1806056
2023-12-08,RTP,384312
2023-12-08,Tren Ligero,83883
2023-12-08,Cablebús,138281
2023-12-08,Trolebús,289254
2023-12-09,Metro,2978039
2023-12-09,Ecobici,32926
2023-12-09,Metrobús,1238687
2023-12-09,RTP,240102
2023-12-09,Tren Ligero,72997
2023-12-09,Cablebús,121901
2023-12-09,Trolebús,211650
2023-12-10,Metro,2058296
2023-12-10,Ecobici,30807
2023-12-10,Metrobús,867842
2023-12-10,RTP,188824
2023-12-10,Tren Ligero,37299
2023-12-10,Cablebús,94271
2023-12-10,Trolebús,154814
2023-12-11,Metro,3432041
2023-12-11,Ecobici,43308
2023-12-11,Metrobús,1512556
2023-12-11,RTP,369055
2023-12-11,Tren Ligero,76422
2023-12-11,Cablebús,126145
2023-12-11,Trolebús,256011
2023-12-12,Metro,3033228
2023-12-12,Ecobici,43691
2023-12-12,Metrobús,1397628
2023-12-12,RTP,331263
2023-12-12,Tren Ligero,61228
2023-12-12,Cablebús,112089
2023-12-12,Trolebús,232759
2023-12-13,Metro,3451789
2023-12-13,Ecobici,54000
2023-12-13,Metrobús,1704592
2023-12-13,RTP,365533
2023-12-13,Tren Ligero,72781
2023-12-13,Cablebús,129961
2023-12-13,Trolebús,267194
2023-12-14,Metro,3473768
2023-12-14,Ecobici,54162
2023-12-14,Metrobús,1720262
2023-12-14,RTP,351975
2023-12-14,Tren Ligero,83281
2023-12-14,Cablebús,130060
2023-12-14,Trolebús,279562
2023-12-15,Metro,3544220
2023-12-15,Ecobici,49527
2023-12-15,Metrobús,1718068
2023-12-15,RTP,347816
2023-12-15,Tren Ligero,79545
2023-12-15,Cablebús,129346
2023-12-15,Trolebús,276015
2023-12-16,Metro,2985515
2023-12-16,Ecobici,31340
2023-12-16,Metrobús,1238727
2023-12-16,RTP,230461
2023-12-16,Tren Ligero,56679
2023-12-16,Cablebús,121105
2023-12-16,Trolebús,209702
2023-12-17,Metro,2240951
2023-12-17,Ecobici,29889
2023-12-17,Metrobús,907501
2023-12-17,RTP,193553
2023-12-17,Tren Ligero,54411
2023-12-17,Cablebús,108051
2023-12-17,Trolebús,179361
2023-12-18,Metro,3346300
2023-12-18,Ecobici,47500
2023-12-18,Metrobús,1485251
2023-12-18,RTP,328363
2023-12-18,Tren Ligero,69212
2023-12-18,Cablebús,126403
2023-12-18,Trolebús,276563
2023-12-19,Metro,3364297
2023-12-19,Ecobici,48684
2023-12-19,Metrobús,1565527
2023-12-19,RTP,308482
2023-12-19,Tren Ligero,67807
2023-12-19,Cablebús,123267
2023-12-19,Trolebús,278832
2023-12-20,Metro,3455312
2023-12-20,Ecobici,48667
2023-12-20,Metrobús,1567577
2023-12-20,RTP,308190
2023-12-20,Tren Ligero,67898
2023-12-20,Cablebús,128314
2023-12-20,Trolebús,282221
2023-12-21,Metro,3373105
2023-12-21,Ecobici,45702
2023-12-21,Metrobús,1556806
2023-12-21,RTP,303241
2023-12-21,Tren Ligero,75299
2023-12-21,Cablebús,123619
2023-12-21,Trolebús,274776
2023-12-22,Metro,3305002
2023-12-22,Ecobici,41187
2023-12-22,Metrobús,1484025
2023-12-22,RTP,290823
2023-12-22,Tren Ligero,65157
2023-12-22,Cablebús,123788
2023-12-22,Trolebús,259268
2023-12-23,Metro,2716231
2023-12-23,Ecobici,30246
2023-12-23,Metrobús,1073309
2023-12-23,RTP,209096
2023-12-23,Tren Ligero,45396
2023-12-23,Cablebús,114272
2023-12-23,Trolebús,200053
2023-12-24,Metro,1486898
2023-12-24,Ecobici,17493
2023-12-24,Metrobús,557098
2023-12-24,RTP,126121
2023-12-24,Tren Ligero,23654
2023-12-24,Cablebús,78848
2023-12-24,Trolebús,114057
2023-12-25,Metro,1052493
2023-12-25,Ecobici,11242
2023-12-25,Metrobús,472640
2023-12-25,RTP,108294
2023-12-25,Tren Ligero,18126
2023-12-25,Cablebús,70274
2023-12-25,Trolebús,89108
2023-12-26,Metro,2519952
2023-12-26,Ecobici,29956
2023-12-26,Metrobús,1145714
2023-12-26,RTP,241824
2023-12-26,Tren Ligero,47228
2023-12-26,Cablebús,100050
2023-12-26,Trolebús,212053
2023-12-27,Metro,2755686
2023-12-27,Ecobici,33993
2023-12-27,Metrobús,1222656
2023-12-27,RTP,238711
2023-12-27,Tren Ligero,50541
2023-12-27,Cablebús,103656
2023-12-27,Trolebús,225316
2023-12-28,Metro,2829770
2023-12-28,Ecobici,34653
2023-12-28,Metrobús,1283335
2023-12-28,RTP,243610
2023-12-28,Tren Ligero,50173
2023-12-28,Cablebús,107929
2023-12-28,Trolebús,231537
2023-12-29,Metro,2826431
2023-12-29,Ecobici,33254
2023-12-29,Metrobús,1260798
2023-12-29,RTP,246711
2023-12-29,Tren Ligero,53388
2023-12-29,Cablebús,111185
2023-12-29,Trolebús,232591
2023-12-30,Metro,2377940
2023-12-30,Ecobici,23513
2023-12-30,Metrobús,962187
2023-12-30,RTP,185336
2023-12-30,Tren Ligero,41198
2023-12-30,Cablebús,104331
2023-12-30,Trolebús,185194
2023-12-31,Metro,1283768
2023-12-31,Ecobici,19130
2023-12-31,Metrobús,572969
2023-12-31,RTP,122792
2023-12-31,Tren Ligero,22396
2023-12-31,Cablebús,74994
2023-12-31,Trolebús,108855
2024-01-01,Metro,987685
2024-01-01,Ecobici,12953
2024-01-01,Metrobús,467242
2024-01-01,RTP,96232
2024-01-01,Tren Ligero,18485
2024-01-01,Cablebús,70309
2024-01-01,Trolebús,89164
2024-01-02,Metro,2642690
2024-01-02,Ecobici,36665
2024-01-02,Metrobús,1244718
2024-01-02,RTP,261522
2024-01-02,Tren Ligero,41046
2024-01-02,Cablebús,105240
2024-01-02,Trolebús,224571
2024-01-03,Metro,2980536
2024-01-03,Ecobici,43762
2024-01-03,Metrobús,1415278
2024-01-03,RTP,269797
2024-01-03,Tren Ligero,43233
2024-01-03,Cablebús,113516
2024-01-03,Trolebús,248898
2024-01-04,Metro,3065296
2024-01-04,Ecobici,45784
2024-01-04,Metrobús,1482251
2024-01-04,RTP,272846
2024-01-04,Tren Ligero,46946
2024-01-04,Cablebús,116684
2024-01-04,Trolebús,263155
2024-01-05,Metro,3123693
2024-01-05,Ecobici,46362
2024-01-05,Metrobús,1513206
2024-01-05,RTP,270354
2024-01-05,Tren Ligero,61134
2024-01-05,Cablebús,126944
2024-01-05,Trolebús,260050
2024-01-06,Metro,2256105
2024-01-06,Ecobici,30576
2024-01-06,Metrobús,1008172
2024-01-06,RTP,181058
2024-01-06,Tren Ligero,44522
2024-01-06,Cablebús,102718
2024-01-06,Trolebús,186514
2024-01-07,Metro,1536902
2024-01-07,Ecobici,29514
2024-01-07,Metrobús,737271
2024-01-07,RTP,141131
2024-01-07,Tren Ligero,29109
2024-01-07,Cablebús,79730
2024-01-07,Trolebús,136502
2024-01-08,Metro,3047580
2024-01-08,Ecobici,53621
2024-01-08,Metrobús,1581374
2024-01-08,RTP,301251
2024-01-08,Tren Ligero,70893
2024-01-08,Cablebús,120743
2024-01-08,Trolebús,280283
2024-01-09,Metro,3178209
2024-01-09,Ecobici,57544
2024-01-09,Metrobús,1632626
2024-01-09,RTP,305188
2024-01-09,Tren Ligero,74474
2024-01-09,Cablebús,125310
2024-01-09,Trolebús,280672
2024-01-10,Metro,3260227
2024-01-10,Ecobici,58574
2024-01-10,Metrobús,1645538
2024-01-10,RTP,310121
2024-01-10,Tren Ligero,72407
2024-01-10,Cablebús,124518
2024-01-10,Trolebús,284149
2024-01-11,Metro,3264062
2024-01-11,Ecobici,58606
2024-01-11,Metrobús,1642057
2024-01-11,RTP,307287
2024-01-11,Tren Ligero,74324
2024-01-11,Cablebús,124791
2024-01-11,Trolebús,282520
2024-01-12,Metro,3342612
2024-01-12,Ecobici,56649
2024-01-12,Metrobús,1673850
2024-01-12,RTP,319906
2024-01-12,Tren Ligero,73541
2024-01-12,Cablebús,127009
2024-01-12,Trolebús,280570
2024-01-13,Metro,2603241
2024-01-13,Ecobici,35273
2024-01-13,Metrobús,1156051
2024-01-13,RTP,214440
2024-01-13,Tren Ligero,51538
2024-01-13,Cablebús,110289
2024-01-13,Trolebús,198934
2024-01-14,Metro,1617833
2024-01-14,Ecobici,35798
2024-01-14,Metrobús,788465
2024-01-14,RTP,156061
2024-01-14,Tren Ligero,31846
2024-01-14,Cablebús,80672
2024-01-14,Trolebús,138795
2024-01-15,Metro,3258183
2024-01-15,Ecobici,58512
2024-01-15,Metrobús,1666457
2024-01-15,RTP,335160
2024-01-15,Tren Ligero,75516
2024-01-15,Cablebús,127946
2024-01-15,Trolebús,286062
2024-01-16,Metro,3279691
2024-01-16,Ecobici,62494
2024-01-16,Metrobús,1653129
2024-01-16,RTP,325629
2024-01-16,Tren Ligero,74198
2024-01-16,Cablebús,124826
2024-01-16,Trolebús,290560
2024-01-17,Metro,3302497
2024-01-17,Ecobici,63219
2024-01-17,Metrobús,1670637
2024-01-17,RTP,324481
2024-01-17,Tren Ligero,74910
2024-01-17,Cablebús,130449
2024-01-17,Trolebús,292358
2024-01-18,Metro,3306763
2024-01-18,Ecobici,62627
2024-01-18,Metrobús,1655095
2024-01-18,RTP,331085
2024-01-18,Tren Ligero,76670
2024-01-18,Cablebús,128922
2024-01-18,Trolebús,288416
2024-01-19,Metro,3314276
2024-01-19,Ecobici,60082
2024-01-19,Metrobús,1680360
2024-01-19,RTP,327168
2024-01-19,Tren Ligero,75946
2024-01-19,Cablebús,128276
2024-01-19,Trolebús,287092
2024-01-20,Metro,2604067
2024-01-20,Ecobici,36205
2024-01-20,Metrobús,1145736
2024-01-20,RTP,217580
2024-01-20,Tren Ligero,60187
2024-01-20,Cablebús,112046
2024-01-20,Trolebús,206931
2024-01-21,Metro,1588806
2024-01-21,Ecobici,32550
2024-01-21,Metrobús,752383
2024-01-21,RTP,153857
2024-01-21,Tren Ligero,29281
2024-01-21,Cablebús,79700
2024-01-21,Trolebús,139118
2024-01-22,Metro,3181588
2024-01-22,Ecobici,60167
2024-01-22,Metrobús,1627590
2024-01-22,RTP,337974
2024-01-22,Tren Ligero,72385
2024-01-22,Cablebús,126154
2024-01-22,Trolebús,281527
2024-01-23,Metro,3226778
2024-01-23,Ecobici,64058
2024-01-23,Metrobús,1646301
2024-01-23,RTP,321516
2024-01-23,Tren Ligero,74517
2024-01-23,Cablebús,126794
2024-01-23,Trolebús,288947
2024-01-24,Metro,3277911
2024-01-24,Ecobici,64538
2024-01-24,Metrobús,1677982
2024-01-24,RTP,329733
2024-01-24,Tren Ligero,75168
2024-01-24,Cablebús,127131
2024-01-24,Trolebús,291132
2024-01-25,Metro,3307144
2024-01-25,Ecobici,64662
2024-01-25,Metrobús,1645950
2024-01-25,RTP,327556
2024-01-25,Tren Ligero,74843
2024-01-25,Cablebús,127151
2024-01-25,Trolebús,286952
2024-01-26,Metro,3428979
2024-01-26,Ecobici,61267
2024-01-26,Metrobús,1698725
2024-01-26,RTP,331597
2024-01-26,Tren Ligero,78001
2024-01-26,Cablebús,128028
2024-01-26,Trolebús,282845
2024-01-27,Metro,2644017
2024-01-27,Ecobici,37833
2024-01-27,Metrobús,1101142
2024-01-27,RTP,223316
2024-01-27,Tren Ligero,53040
2024-01-27,Cablebús,114757
2024-01-27,Trolebús,206280
2024-01-28,Metro,1663652
2024-01-28,Ecobici,36189
2024-01-28,Metrobús,817643
2024-01-28,RTP,159753
2024-01-28,Tren Ligero,33125
2024-01-28,Cablebús,83663
2024-01-28,Trolebús,146069
2024-01-29,Metro,3250358
2024-01-29,Ecobici,59939
2024-01-29,Metrobús,1615589
2024-01-29,RTP,350812
2024-01-29,Tren Ligero,75321
2024-01-29,Cablebús,124985
2024-01-29,Trolebús,286980
2024-01-30,Metro,3376264
2024-01-30,Ecobici,65685
2024-01-30,Metrobús,1651530
2024-01-30,RTP,348223
2024-01-30,Tren Ligero,74694
2024-01-30,Cablebús,125542
2024-01-30,Trolebús,289937
2024-01-31,Metro,3466193
2024-01-31,Ecobici,66527
2024-01-31,Metrobús,1657983
2024-01-31,RTP,358207
2024-01-31,Tren Ligero,73046
2024-01-31,Cablebús,127427
2024-01-31,Trolebús,289633
2024-02-01,Metro,3494757
2024-02-01,Ecobici,62597
2024-02-01,Metrobús,1716982
2024-02-01,RTP,348503
2024-02-01,Tren Ligero,74851
2024-02-01,Cablebús,128330
2024-02-01,Trolebús,290138
2024-02-02,Metro,3559247
2024-02-02,Ecobici,61644
2024-02-02,Metrobús,1650173
2024-02-02,RTP,346602
2024-02-02,Tren Ligero,72871
2024-02-02,Cablebús,135104
2024-02-02,Trolebús,290022
2024-02-03,Metro,2777804
2024-02-03,Ecobici,37010
2024-02-03,Metrobús,1168678
2024-02-03,RTP,237180
2024-02-03,Tren Ligero,58162
2024-02-03,Cablebús,116013
2024-02-03,Trolebús,206602
2024-02-04,Metro,1774388
2024-02-04,Ecobici,38677
2024-02-04,Metrobús,774024
2024-02-04,RTP,171956
2024-02-04,Tren Ligero,32031
2024-02-04,Cablebús,87052
2024-02-04,Trolebús,150995
2024-02-05,Metro,1852827
2024-02-05,Ecobici,33929
2024-02-05,Metrobús,859831
2024-02-05,RTP,191633
2024-02-05,Tren Ligero,35472
2024-02-05,Cablebús,83848
2024-02-05,Trolebús,157298
2024-02-06,Metro,3476083
2024-02-06,Ecobici,65233
2024-02-06,Metrobús,1700202
2024-02-06,RTP,361856
2024-02-06,Tren Ligero,74722
2024-02-06,Cablebús,130684
2024-02-06,Trolebús,299186
2024-02-07,Metro,3519721
2024-02-07,Ecobici,67546
2024-02-07,Metrobús,1698862
2024-02-07,RTP,358213
2024-02-07,Tren Ligero,73264
2024-02-07,Cablebús,130618
2024-02-07,Trolebús,292510
2024-02-08,Metro,3526864
2024-02-08,Ecobici,67471
2024-02-08,Metrobús,1703901
2024-02-08,RTP,358694
2024-02-08,Tren Ligero,85258
2024-02-08,Cablebús,129358
2024-02-08,Trolebús,296698
2024-02-09,Metro,3621113
2024-02-09,Ecobici,65825
2024-02-09,Metrobús,1736594
2024-02-09,RTP,364525
2024-02-09,Tren Ligero,89737
2024-02-09,Cablebús,131653
2024-02-09,Trolebús,300835
2024-02-10,Metro,2858814
2024-02-10,Ecobici,41877
2024-02-10,Metrobús,1176174
2024-02-10,RTP,248424
2024-02-10,Tren Ligero,65751
2024-02-10,Cablebús,115338
2024-02-10,Trolebús,210322
2024-02-11,Metro,1784250
2024-02-11,Ecobici,39112
2024-02-11,Metrobús,809205
2024-02-11,RTP,179850
2024-02-11,Tren Ligero,33839
2024-02-11,Cablebús,83663
2024-02-11,Trolebús,151434
2024-02-12,Metro,3511497
2024-02-12,Ecobici,63936
2024-02-12,Metrobús,1622683
2024-02-12,RTP,360210
2024-02-12,Tren Ligero,71689
2024-02-12,Cablebús,129287
2024-02-12,Trolebús,287489
2024-02-13,Metro,3669617
2024-02-13,Ecobici,70319
2024-02-13,Metrobús,1707467
2024-02-13,RTP,354063
2024-02-13,Tren Ligero,81139
2024-02-13,Cablebús,136710
2024-02-13,Trolebús,302961
2024-02-14,Metro,3703593
2024-02-14,Ecobici,69029
2024-02-14,Metrobús,1783963
2024-02-14,RTP,358972
2024-02-14,Tren Ligero,80994
2024-02-14,Cablebús,135528
2024-02-14,Trolebús,305560
2024-02-15,Metro,3608612
2024-02-15,Ecobici,67927
2024-02-15,Metrobús,1720528
2024-02-15,RTP,359641
2024-02-15,Tren Ligero,80375
2024-02-15,Cablebús,130069
2024-02-15,Trolebús,297887
2024-02-16,Metro,3721087
2024-02-16,Ecobici,64866
2024-02-16,Metrobús,1739210
2024-02-16,RTP,360956
2024-02-16,Tren Ligero,82479
2024-02-16,Cablebús,133412
2024-02-16,Trolebús,301875
2024-02-17,Metro,2591064
2024-02-17,Ecobici,30097
2024-02-17,Metrobús,1111914
2024-02-17,RTP,220131
2024-02-17,Tren Ligero,48137
2024-02-17,Cablebús,100867
2024-02-17,Trolebús,188879
2024-02-18,Metro,1783137
2024-02-18,Ecobici,39736
2024-02-18,Metrobús,888030
2024-02-18,RTP,186957
2024-02-18,Tren Ligero,34670
2024-02-18,Cablebús,84116
2024-02-18,Trolebús,154095
2024-02-19,Metro,3572075
2024-02-19,Ecobici,64425
2024-02-19,Metrobús,1615787
2024-02-19,RTP,362415
2024-02-19,Tren Ligero,83574
2024-02-19,Cablebús,132030
2024-02-19,Trolebús,297229
2024-02-20,Metro,3590259
2024-02-20,Ecobici,69402
2024-02-20,Metrobús,1723577
2024-02-20,RTP,365256
2024-02-20,Tren Ligero,83375
2024-02-20,Cablebús,134200
2024-02-20,Trolebús,302559
2024-02-21,Metro,3664177
2024-02-21,Ecobici,69165
2024-02-21,Metrobús,1729480
2024-02-21,RTP,364625
2024-02-21,Tren Ligero,87284
2024-02-21,Cablebús,132672
2024-02-21,Trolebús,305913
2024-02-22,Metro,3674508
2024-02-22,Ecobici,69496
2024-02-22,Metrobús,1726800
2024-02-22,RTP,362275
2024-02-22,Tren Ligero,83848
2024-02-22,Cablebús,130869
2024-02-22,Trolebús,298318
2024-02-23,Metro,3861289
2024-02-23,Ecobici,67114
2024-02-23,Metrobús,1810142
2024-02-23,RTP,381429
2024-02-23,Tren Ligero,90654
2024-02-23,Cablebús,139376
2024-02-23,Trolebús,303678
2024-02-24,Metro,2873486
2024-02-24,Ecobici,51546
2024-02-24,Metrobús,1247274
2024-02-24,RTP,261024
2024-02-24,Tren Ligero,65184
2024-02-24,Cablebús,118982
2024-02-24,Trolebús,226425
2024-02-25,Metro,1811795
2024-02-25,Ecobici,40289
2024-02-25,Metrobús,849954
2024-02-25,RTP,193143
2024-02-25,Tren Ligero,35915
2024-02-25,Cablebús,91205
2024-02-25,Trolebús,158808
2024-02-26,Metro,3557312
2024-02-26,Ecobici,65872
2024-02-26,Metrobús,1668271
2024-02-26,RTP,377182
2024-02-26,Tren Ligero,83957
2024-02-26,Cablebús,133827
2024-02-26,Trolebús,295335
2024-02-27,Metro,3584341
2024-02-27,Ecobici,71244
2024-02-27,Metrobús,1730018
2024-02-27,RTP,374983
2024-02-27,Tren Ligero,86460
2024-02-27,Cablebús,133767
2024-02-27,Trolebús,304352
2024-02-28,Metro,3676024
2024-02-28,Ecobici,72220
2024-02-28,Metrobús,1728784
2024-02-28,RTP,375869
2024-02-28,Tren Ligero,86092
2024-02-28,Cablebús,134984
2024-02-28,Trolebús,306318
2024-02-29,Metro,3668950
2024-02-29,Ecobici,71557
2024-02-29,Metrobús,1763517
2024-02-29,RTP,378796
2024-02-29,Tren Ligero,85054
2024-02-29,Cablebús,135046
2024-02-29,Trolebús,301909
2024-03-01,Metro,3931964
2024-03-01,Ecobici,70694
2024-03-01,Metrobús,1720560
2024-03-01,RTP,379360
2024-03-01,Tren Ligero,89778
2024-03-01,Cablebús,141115
2024-03-01,Trolebús,301818
2024-03-02,Metro,2866467
2024-03-02,Ecobici,43130
2024-03-02,Metrobús,1199570
2024-03-02,RTP,260509
2024-03-02,Tren Ligero,73027
2024-03-02,Cablebús,116235
2024-03-02,Trolebús,208733
2024-03-03,Metro,1785846
2024-03-03,Ecobici,42982
2024-03-03,Metrobús,847156
2024-03-03,RTP,194337
2024-03-03,Tren Ligero,34454
2024-03-03,Cablebús,88826
2024-03-03,Trolebús,147632
2024-03-04,Metro,3603374
2024-03-04,Ecobici,68551
2024-03-04,Metrobús,1676092
2024-03-04,RTP,374412
2024-03-04,Tren Ligero,85703
2024-03-04,Cablebús,134319
2024-03-04,Trolebús,296353
2024-03-05,Metro,3643182
2024-03-05,Ecobici,73703
2024-03-05,Metrobús,1744157
2024-03-05,RTP,370953
2024-03-05,Tren Ligero,87107
2024-03-05,Cablebús,134845
2024-03-05,Trolebús,309174
2024-03-06,Metro,3674483
2024-03-06,Ecobici,73299
2024-03-06,Metrobús,1794703
2024-03-06,RTP,367659
2024-03-06,Tren Ligero,88066
2024-03-06,Cablebús,136529
2024-03-06,Trolebús,303303
2024-03-07,Metro,3768468
2024-03-07,Ecobici,75380
2024-03-07,Metrobús,1838267
2024-03-07,RTP,385694
2024-03-07,Tren Ligero,92415
2024-03-07,Cablebús,139999
2024-03-07,Trolebús,314422
2024-03-08,Metro,3350197
2024-03-08,Ecobici,66428
2024-03-08,Metrobús,1489134
2024-03-08,RTP,332260
2024-03-08,Tren Ligero,79944
2024-03-08,Cablebús,125458
2024-03-08,Trolebús,261226
2024-03-09,Metro,2665705
2024-03-09,Ecobici,43394
2024-03-09,Metrobús,1161647
2024-03-09,RTP,243208
2024-03-09,Tren Ligero,63422
2024-03-09,Cablebús,113616
2024-03-09,Trolebús,203310
2024-03-10,Metro,1719196
2024-03-10,Ecobici,43896
2024-03-10,Metrobús,844603
2024-03-10,RTP,183346
2024-03-10,Tren Ligero,34927
2024-03-10,Cablebús,86798
2024-03-10,Trolebús,147380
2024-03-11,Metro,3582020
2024-03-11,Ecobici,69769
2024-03-11,Metrobús,1658054
2024-03-11,RTP,374048
2024-03-11,Tren Ligero,85374
2024-03-11,Cablebús,127503
2024-03-11,Trolebús,287986
2024-03-12,Metro,3617175
2024-03-12,Ecobici,75620
2024-03-12,Metrobús,1729063
2024-03-12,RTP,361597
2024-03-12,Tren Ligero,88229
2024-03-12,Cablebús,133073
2024-03-12,Trolebús,299388
2024-03-13,Metro,3640811
2024-03-13,Ecobici,74439
2024-03-13,Metrobús,1761292
2024-03-13,RTP,353493
2024-03-13,Tren Ligero,98613
2024-03-13,Cablebús,133391
2024-03-13,Trolebús,297040
2024-03-14,Metro,3610598
2024-03-14,Ecobici,74391
2024-03-14,Metrobús,1765982
2024-03-14,RTP,351822
2024-03-14,Tren Ligero,87330
2024-03-14,Cablebús,133076
2024-03-14,Trolebús,301154
2024-03-15,Metro,3728309
2024-03-15,Ecobici,68908
2024-03-15,Metrobús,1786490
2024-03-15,RTP,353147
2024-03-15,Tren Ligero,90031
2024-03-15,Cablebús,135195
2024-03-15,Trolebús,294895
2024-03-16,Metro,2767942
2024-03-16,Ecobici,42668
2024-03-16,Metrobús,1237116
2024-03-16,RTP,247506
2024-03-16,Tren Ligero,55177
2024-03-16,Cablebús,115045
2024-03-16,Trolebús,202827
2024-03-17,Metro,1721343
2024-03-17,Ecobici,40886
2024-03-17,Metrobús,781842
2024-03-17,RTP,177286
2024-03-17,Tren Ligero,35212
2024-03-17,Cablebús,85684
2024-03-17,Trolebús,146663
2024-03-18,Metro,1807749
2024-03-18,Ecobici,37656
2024-03-18,Metrobús,878041
2024-03-18,RTP,191062
2024-03-18,Tren Ligero,37620
2024-03-18,Cablebús,81205
2024-03-18,Trolebús,146638
2024-03-19,Metro,3610180
2024-03-19,Ecobici,72590
2024-03-19,Metrobús,1746831
2024-03-19,RTP,353949
2024-03-19,Tren Ligero,90349
2024-03-19,Cablebús,134404
2024-03-19,Trolebús,299959
2024-03-20,Metro,3632529
2024-03-20,Ecobici,75770
2024-03-20,Metrobús,1766083
2024-03-20,RTP,351906
2024-03-20,Tren Ligero,90777
2024-03-20,Cablebús,133486
2024-03-20,Trolebús,299629
2024-03-21,Metro,3572473
2024-03-21,Ecobici,76267
2024-03-21,Metrobús,1765716
2024-03-21,RTP,348811
2024-03-21,Tren Ligero,89692
2024-03-21,Cablebús,135289
2024-03-21,Trolebús,302790
2024-03-22,Metro,3645536
2024-03-22,Ecobici,71474
2024-03-22,Metrobús,1748686
2024-03-22,RTP,341337
2024-03-22,Tren Ligero,88299
2024-03-22,Cablebús,136881
2024-03-22,Trolebús,291597
2024-03-23,Metro,2735282
2024-03-23,Ecobici,44601
2024-03-23,Metrobús,1161201
2024-03-23,RTP,227302
2024-03-23,Tren Ligero,54853
2024-03-23,Cablebús,113888
2024-03-23,Trolebús,203239
2024-03-24,Metro,1748616
2024-03-24,Ecobici,43249
2024-03-24,Metrobús,847223
2024-03-24,RTP,175662
2024-03-24,Tren Ligero,34869
2024-03-24,Cablebús,86657
2024-03-24,Trolebús,149358
2024-03-25,Metro,3109222
2024-03-25,Ecobici,63543
2024-03-25,Metrobús,1418177
2024-03-25,RTP,293819
2024-03-25,Tren Ligero,70190
2024-03-25,Cablebús,115411
2024-03-25,Trolebús,254279
2024-03-26,Metro,3079930
2024-03-26,Ecobici,66461
2024-03-26,Metrobús,1491521
2024-03-26,RTP,291290
2024-03-26,Tren Ligero,68788
2024-03-26,Cablebús,113992
2024-03-26,Trolebús,264010
2024-03-27,Metro,3111836
2024-03-27,Ecobici,64524
2024-03-27,Metrobús,1498323
2024-03-27,RTP,298527
2024-03-27,Tren Ligero,68573
2024-03-27,Cablebús,118588
2024-03-27,Trolebús,258597
2024-03-28,Metro,2188121
2024-03-28,Ecobici,43269
2024-03-28,Metrobús,1022220
2024-03-28,RTP,207900
2024-03-28,Tren Ligero,44536
2024-03-28,Cablebús,97124
2024-03-28,Trolebús,188572
2024-03-29,Metro,1536809
2024-03-29,Ecobici,37020
2024-03-29,Metrobús,779807
2024-03-29,RTP,160804
2024-03-29,Tren Ligero,41135
2024-03-29,Cablebús,80105
2024-03-29,Trolebús,146270
2024-03-30,Metro,1762493
2024-03-30,Ecobici,45845
2024-03-30,Metrobús,810657
2024-03-30,RTP,176259
2024-03-30,Tren Ligero,33891
2024-03-30,Cablebús,84659
2024-03-30,Trolebús,146445
2024-03-31,Metro,1449311
2024-03-31,Ecobici,39356
2024-03-31,Metrobús,731559
2024-03-31,RTP,158241
2024-03-31,Tren Ligero,29655
2024-03-31,Cablebús,77539
2024-03-31,Trolebús,129884
2024-04-01,Metro,3257645
2024-04-01,Ecobici,65044
2024-04-01,Metrobús,1468273
2024-04-01,RTP,299310
2024-04-01,Tren Ligero,71509
2024-04-01,Cablebús,128661
2024-04-01,Trolebús,255402
2024-04-02,Metro,3241281
2024-04-02,Ecobici,70428
2024-04-02,Metrobús,1585549
2024-04-02,RTP,268519
2024-04-02,Tren Ligero,74442
2024-04-02,Cablebús,120116
2024-04-02,Trolebús,274992
2024-04-03,Metro,3333902
2024-04-03,Ecobici,70361
2024-04-03,Metrobús,1593717
2024-04-03,RTP,298837
2024-04-03,Tren Ligero,73502
2024-04-03,Cablebús,104659
2024-04-03,Trolebús,274076
2024-04-04,Metro,3368920
2024-04-04,Ecobici,70775
2024-04-04,Metrobús,1596845
2024-04-04,RTP,301279
2024-04-04,Tren Ligero,75756
2024-04-04,Cablebús,125002
2024-04-04,Trolebús,274532
2024-04-05,Metro,3443721
2024-04-05,Ecobici,68677
2024-04-05,Metrobús,1561139
2024-04-05,RTP,303597
2024-04-05,Tren Ligero,77261
2024-04-05,Cablebús,126082
2024-04-05,Trolebús,274077
2024-04-06,Metro,2658492
2024-04-06,Ecobici,44156
2024-04-06,Metrobús,1237219
2024-04-06,RTP,227442
2024-04-06,Tren Ligero,53590
2024-04-06,Cablebús,122289
2024-04-06,Trolebús,205579
2024-04-07,Metro,1681090
2024-04-07,Ecobici,43952
2024-04-07,Metrobús,787237
2024-04-07,RTP,169261
2024-04-07,Tren Ligero,32801
2024-04-07,Cablebús,109668
2024-04-07,Trolebús,140048
2024-04-08,Metro,3355067
2024-04-08,Ecobici,67611
2024-04-08,Metrobús,1565486
2024-04-08,RTP,310907
2024-04-08,Tren Ligero,80449
2024-04-08,Cablebús,126924
2024-04-08,Trolebús,266100
2024-04-09,Metro,3601888
2024-04-09,Ecobici,75876
2024-04-09,Metrobús,1691559
2024-04-09,RTP,347655
2024-04-09,Tren Ligero,92554
2024-04-09,Cablebús,128776
2024-04-09,Trolebús,297672
2024-04-10,Metro,3639380
2024-04-10,Ecobici,77309
2024-04-10,Metrobús,1631195
2024-04-10,RTP,346663
2024-04-10,Tren Ligero,87198
2024-04-10,Cablebús,115306
2024-04-10,Trolebús,302232
2024-04-11,Metro,3655809
2024-04-11,Ecobici,77210
2024-04-11,Metrobús,1687681
2024-04-11,RTP,354416
2024-04-11,Tren Ligero,86686
2024-04-11,Cablebús,134738
2024-04-11,Trolebús,299881
2024-04-12,Metro,3726309
2024-04-12,Ecobici,75043
2024-04-12,Metrobús,1711383
2024-04-12,RTP,353853
2024-04-12,Tren Ligero,90264
2024-04-12,Cablebús,136451
2024-04-12,Trolebús,299979
2024-04-13,Metro,2781236
2024-04-13,Ecobici,45719
2024-04-13,Metrobús,1153308
2024-04-13,RTP,238893
2024-04-13,Tren Ligero,68649
2024-04-13,Cablebús,122560
2024-04-13,Trolebús,199709
2024-04-14,Metro,1697181
2024-04-14,Ecobici,44905
2024-04-14,Metrobús,784788
2024-04-14,RTP,172326
2024-04-14,Tren Ligero,34537
2024-04-14,Cablebús,107483
2024-04-14,Trolebús,136222
2024-04-15,Metro,3546754
2024-04-15,Ecobici,71406
2024-04-15,Metrobús,1645657
2024-04-15,RTP,360444
2024-04-15,Tren Ligero,86914
2024-04-15,Cablebús,138416
2024-04-15,Trolebús,289570
2024-04-16,Metro,3646682
2024-04-16,Ecobici,76363
2024-04-16,Metrobús,1682723
2024-04-16,RTP,350284
2024-04-16,Tren Ligero,89076
2024-04-16,Cablebús,131356
2024-04-16,Trolebús,303909
2024-04-17,Metro,3660021
2024-04-17,Ecobici,76757
2024-04-17,Metrobús,1750029
2024-04-17,RTP,349253
2024-04-17,Tren Ligero,89589
2024-04-17,Cablebús,113978
2024-04-17,Trolebús,303439
2024-04-18,Metro,3664715
2024-04-18,Ecobici,77447
2024-04-18,Metrobús,1699230
2024-04-18,RTP,347164
2024-04-18,Tren Ligero,84611
2024-04-18,Cablebús,110598
2024-04-18,Trolebús,299627
2024-04-19,Metro,3693503
2024-04-19,Ecobici,68330
2024-04-19,Metrobús,1719275
2024-04-19,RTP,340729
2024-04-19,Tren Ligero,86168
2024-04-19,Cablebús,134771
2024-04-19,Trolebús,293257
2024-04-20,Metro,2964239
2024-04-20,Ecobici,44261
2024-04-20,Metrobús,1209660
2024-04-20,RTP,241093
2024-04-20,Tren Ligero,58534
2024-04-20,Cablebús,122053
2024-04-20,Trolebús,207220
2024-04-21,Metro,1796764
2024-04-21,Ecobici,42029
2024-04-21,Metrobús,849341
2024-04-21,RTP,178655
2024-04-21,Tren Ligero,33240
2024-04-21,Cablebús,107182
2024-04-21,Trolebús,142412
2024-04-22,Metro,3605386
2024-04-22,Ecobici,65346
2024-04-22,Metrobús,1643439
2024-04-22,RTP,343528
2024-04-22,Tren Ligero,87601
2024-04-22,Cablebús,134264
2024-04-22,Trolebús,287617
2024-04-23,Metro,3672078
2024-04-23,Ecobici,77003
2024-04-23,Metrobús,1717613
2024-04-23,RTP,353386
2024-04-23,Tren Ligero,97864
2024-04-23,Cablebús,127752
2024-04-23,Trolebús,297175
2024-04-24,Metro,3736255
2024-04-24,Ecobici,78973
2024-04-24,Metrobús,1765445
2024-04-24,RTP,340649
2024-04-24,Tren Ligero,88860
2024-04-24,Cablebús,112479
2024-04-24,Trolebús,301365
2024-04-25,Metro,3709249
2024-04-25,Ecobici,77544
2024-04-25,Metrobús,1714641
2024-04-25,RTP,348747
2024-04-25,Tren Ligero,89104
2024-04-25,Cablebús,121649
2024-04-25,Trolebús,296863
2024-04-26,Metro,3792068
2024-04-26,Ecobici,69003
2024-04-26,Metrobús,1720386
2024-04-26,RTP,345571
2024-04-26,Tren Ligero,89648
2024-04-26,Cablebús,123744
2024-04-26,Trolebús,286043
2024-04-27,Metro,2848532
2024-04-27,Ecobici,46225
2024-04-27,Metrobús,1210162
2024-04-27,RTP,247213
2024-04-27,Tren Ligero,55811
2024-04-27,Cablebús,116332
2024-04-27,Trolebús,205833
2024-04-28,Metro,1856290
2024-04-28,Ecobici,43924
2024-04-28,Metrobús,845685
2024-04-28,RTP,183573
2024-04-28,Tren Ligero,34845
2024-04-28,Cablebús,92269
2024-04-28,Trolebús,147059
2024-04-29,Metro,3617448
2024-04-29,Ecobici,72367
2024-04-29,Metrobús,1662048
2024-04-29,RTP,345134
2024-04-29,Tren Ligero,85967
2024-04-29,Cablebús,112822
2024-04-29,Trolebús,287440
2024-04-30,Metro,3626831
2024-04-30,Ecobici,77589
2024-04-30,Metrobús,1677498
2024-04-30,RTP,346018
2024-04-30,Tren Ligero,85721
2024-04-30,Cablebús,109092
2024-04-30,Trolebús,294197
2024-05-01,Metro,2124062
2024-05-01,Ecobici,48277
2024-05-01,Metrobús,954905
2024-05-01,RTP,195693
2024-05-01,Tren Ligero,41557
2024-05-01,Cablebús,89806
2024-05-01,Trolebús,175024
2024-05-02,Metro,3770149
2024-05-02,Ecobici,76149
2024-05-02,Metrobús,1722172
2024-05-02,RTP,322778
2024-05-02,Tren Ligero,89160
2024-05-02,Cablebús,134164
2024-05-02,Trolebús,304556
2024-05-03,Metro,3780879
2024-05-03,Ecobici,69497
2024-05-03,Metrobús,1699430
2024-05-03,RTP,306685
2024-05-03,Tren Ligero,86814
2024-05-03,Cablebús,135256
2024-05-03,Trolebús,300605
2024-05-04,Metro,2912010
2024-05-04,Ecobici,48077
2024-05-04,Metrobús,1211181
2024-05-04,RTP,213544
2024-05-04,Tren Ligero,76141
2024-05-04,Cablebús,115214
2024-05-04,Trolebús,220868
2024-05-05,Metro,1813525
2024-05-05,Ecobici,44215
2024-05-05,Metrobús,840501
2024-05-05,RTP,156481
2024-05-05,Tren Ligero,30697
2024-05-05,Cablebús,83929
2024-05-05,Trolebús,148300
2024-05-06,Metro,3660101
2024-05-06,Ecobici,72486
2024-05-06,Metrobús,1644928
2024-05-06,RTP,325657
2024-05-06,Tren Ligero,78105
2024-05-06,Cablebús,133084
2024-05-06,Trolebús,294431
2024-05-07,Metro,3720230
2024-05-07,Ecobici,78806
2024-05-07,Metrobús,1717094
2024-05-07,RTP,317007
2024-05-07,Tren Ligero,77309
2024-05-07,Cablebús,134888
2024-05-07,Trolebús,305026
2024-05-08,Metro,3721717
2024-05-08,Ecobici,76298
2024-05-08,Metrobús,1742817
2024-05-08,RTP,308669
2024-05-08,Tren Ligero,80802
2024-05-08,Cablebús,131838
2024-05-08,Trolebús,300010
2024-05-09,Metro,3753061
2024-05-09,Ecobici,78275
2024-05-09,Metrobús,1666556
2024-05-09,RTP,312655
2024-05-09,Tren Ligero,80245
2024-05-09,Cablebús,132758
2024-05-09,Trolebús,300141
2024-05-10,Metro,2930689
2024-05-10,Ecobici,62754
2024-05-10,Metrobús,1296361
2024-05-10,RTP,263306
2024-05-10,Tren Ligero,55797
2024-05-10,Cablebús,114356
2024-05-10,Trolebús,234187
2024-05-11,Metro,2573811
2024-05-11,Ecobici,43374
2024-05-11,Metrobús,1096364
2024-05-11,RTP,198472
2024-05-11,Tren Ligero,58409
2024-05-11,Cablebús,108158
2024-05-11,Trolebús,194899
2024-05-12,Metro,1703666
2024-05-12,Ecobici,42344
2024-05-12,Metrobús,802508
2024-05-12,RTP,158474
2024-05-12,Tren Ligero,32128
2024-05-12,Cablebús,82891
2024-05-12,Trolebús,140946
2024-05-13,Metro,3452036
2024-05-13,Ecobici,71436
2024-05-13,Metrobús,1634035
2024-05-13,RTP,321572
2024-05-13,Tren Ligero,78875
2024-05-13,Cablebús,129347
2024-05-13,Trolebús,287090
2024-05-14,Metro,3672490
2024-05-14,Ecobici,82595
2024-05-14,Metrobús,1732544
2024-05-14,RTP,333296
2024-05-14,Tren Ligero,80167
2024-05-14,Cablebús,134913
2024-05-14,Trolebús,302404
2024-05-15,Metro,3400467
2024-05-15,Ecobici,77012
2024-05-15,Metrobús,1591466
2024-05-15,RTP,295864
2024-05-15,Tren Ligero,72583
2024-05-15,Cablebús,117832
2024-05-15,Trolebús,274712
2024-05-16,Metro,3805203
2024-05-16,Ecobici,81985
2024-05-16,Metrobús,1741798
2024-05-16,RTP,332348
2024-05-16,Tren Ligero,88883
2024-05-16,Cablebús,135086
2024-05-16,Trolebús,306240
2024-05-17,Metro,3789392
2024-05-17,Ecobici,69562
2024-05-17,Metrobús,1743460
2024-05-17,RTP,308881
2024-05-17,Tren Ligero,88749
2024-05-17,Cablebús,132280
2024-05-17,Trolebús,296485
2024-05-18,Metro,2859713
2024-05-18,Ecobici,46200
2024-05-18,Metrobús,1385330
2024-05-18,RTP,204501
2024-05-18,Tren Ligero,73479
2024-05-18,Cablebús,113759
2024-05-18,Trolebús,209553
2024-05-19,Metro,1970217
2024-05-19,Ecobici,46768
2024-05-19,Metrobús,906798
2024-05-19,RTP,171723
2024-05-19,Tren Ligero,39954
2024-05-19,Cablebús,90409
2024-05-19,Trolebús,157380
2024-05-20,Metro,3629001
2024-05-20,Ecobici,76230
2024-05-20,Metrobús,1432121
2024-05-20,RTP,321226
2024-05-20,Tren Ligero,85985
2024-05-20,Cablebús,133300
2024-05-20,Trolebús,289562
2024-05-21,Metro,3647185
2024-05-21,Ecobici,79951
2024-05-21,Metrobús,1615253
2024-05-21,RTP,306736
2024-05-21,Tren Ligero,87020
2024-05-21,Cablebús,130345
2024-05-21,Trolebús,358279
2024-05-22,Metro,3579011
2024-05-22,Ecobici,74786
2024-05-22,Metrobús,1696913
2024-05-22,RTP,309187
2024-05-22,Tren Ligero,87815
2024-05-22,Cablebús,125621
2024-05-22,Trolebús,296464
2024-05-23,Metro,3750059
2024-05-23,Ecobici,75433
2024-05-23,Metrobús,1726031
2024-05-23,RTP,322106
2024-05-23,Tren Ligero,88595
2024-05-23,Cablebús,132831
2024-05-23,Trolebús,291790
2024-05-24,Metro,3898960
2024-05-24,Ecobici,60431
2024-05-24,Metrobús,1687212
2024-05-24,RTP,318224
2024-05-24,Tren Ligero,94536
2024-05-24,Cablebús,138127
2024-05-24,Trolebús,276962
2024-05-25,Metro,2833703
2024-05-25,Ecobici,45171
2024-05-25,Metrobús,1372942
2024-05-25,RTP,207483
2024-05-25,Tren Ligero,58095
2024-05-25,Cablebús,115969
2024-05-25,Trolebús,192366
2024-05-26,Metro,1854829
2024-05-26,Ecobici,37367
2024-05-26,Metrobús,850321
2024-05-26,RTP,157876
2024-05-26,Tren Ligero,53497
2024-05-26,Cablebús,85599
2024-05-26,Trolebús,131139
2024-05-27,Metro,3454207
2024-05-27,Ecobici,73841
2024-05-27,Metrobús,1438749
2024-05-27,RTP,305618
2024-05-27,Tren Ligero,86414
2024-05-27,Cablebús,124335
2024-05-27,Trolebús,262382
2024-05-28,Metro,3610854
2024-05-28,Ecobici,80343
2024-05-28,Metrobús,1581399
2024-05-28,RTP,309295
2024-05-28,Tren Ligero,98705
2024-05-28,Cablebús,130132
2024-05-28,Trolebús,270914
2024-05-29,Metro,3736741
2024-05-29,Ecobici,78370
2024-05-29,Metrobús,1567084
2024-05-29,RTP,304258
2024-05-29,Tren Ligero,91450
2024-05-29,Cablebús,121103
2024-05-29,Trolebús,269763
2024-05-30,Metro,3596541
2024-05-30,Ecobici,79078
2024-05-30,Metrobús,1671443
2024-05-30,RTP,305912
2024-05-30,Tren Ligero,89465
2024-05-30,Cablebús,127795
2024-05-30,Trolebús,285660
2024-05-31,Metro,4011953
2024-05-31,Ecobici,76452
2024-05-31,Metrobús,1707659
2024-05-31,RTP,303034
2024-05-31,Tren Ligero,84736
2024-05-31,Cablebús,129841
2024-05-31,Trolebús,279149
2024-06-01,Metro,2835585
2024-06-01,Ecobici,47115
2024-06-01,Metrobús,1192758
2024-06-01,RTP,219872
2024-06-01,Tren Ligero,55075
2024-06-01,Cablebús,114629
2024-06-01,Trolebús,213688
2024-06-02,Metro,1684371
2024-06-02,Ecobici,43384
2024-06-02,Metrobús,876330
2024-06-02,RTP,166837
2024-06-02,Tren Ligero,32145
2024-06-02,Cablebús,84495
2024-06-02,Trolebús,149631
2024-06-03,Metro,3442154
2024-06-03,Ecobici,71597
2024-06-03,Metrobús,1397593
2024-06-03,RTP,325622
2024-06-03,Tren Ligero,83685
2024-06-03,Cablebús,124469
2024-06-03,Trolebús,290109
2024-06-04,Metro,3588300
2024-06-04,Ecobici,79345
2024-06-04,Metrobús,1630993
2024-06-04,RTP,318421
2024-06-04,Tren Ligero,88942
2024-06-04,Cablebús,125531
2024-06-04,Trolebús,306944
2024-06-05,Metro,3685058
2024-06-05,Ecobici,77699
2024-06-05,Metrobús,1672064
2024-06-05,RTP,317500
2024-06-05,Tren Ligero,89468
2024-06-05,Cablebús,129500
2024-06-05,Trolebús,309347
2024-06-06,Metro,3641395
2024-06-06,Ecobici,77596
2024-06-06,Metrobús,1615167
2024-06-06,RTP,315624
2024-06-06,Tren Ligero,88637
2024-06-06,Cablebús,126213
2024-06-06,Trolebús,307337
2024-06-07,Metro,3729107
2024-06-07,Ecobici,77424
2024-06-07,Metrobús,1682116
2024-06-07,RTP,315352
2024-06-07,Tren Ligero,91074
2024-06-07,Cablebús,130596
2024-06-07,Trolebús,311023
2024-06-08,Metro,2822682
2024-06-08,Ecobici,44893
2024-06-08,Metrobús,1300943
2024-06-08,RTP,206290
2024-06-08,Tren Ligero,54865
2024-06-08,Cablebús,109651
2024-06-08,Trolebús,201173
2024-06-09,Metro,1787879
2024-06-09,Ecobici,35004
2024-06-09,Metrobús,818149
2024-06-09,RTP,159657
2024-06-09,Tren Ligero,34085
2024-06-09,Cablebús,81915
2024-06-09,Trolebús,139465
2024-06-10,Metro,3544122
2024-06-10,Ecobici,74856
2024-06-10,Metrobús,1473363
2024-06-10,RTP,324493
2024-06-10,Tren Ligero,85207
2024-06-10,Cablebús,125370
2024-06-10,Trolebús,297632
2024-06-11,Metro,3606458
2024-06-11,Ecobici,81703
2024-06-11,Metrobús,1589886
2024-06-11,RTP,320639
2024-06-11,Tren Ligero,90200
2024-06-11,Cablebús,128767
2024-06-11,Trolebús,306403
2024-06-12,Metro,3608828
2024-06-12,Ecobici,79945
2024-06-12,Metrobús,1641394
2024-06-12,RTP,311349
2024-06-12,Tren Ligero,84307
2024-06-12,Cablebús,124745
2024-06-12,Trolebús,307752
2024-06-13,Metro,3627968
2024-06-13,Ecobici,79890
2024-06-13,Metrobús,1630963
2024-06-13,RTP,318986
2024-06-13,Tren Ligero,87424
2024-06-13,Cablebús,128356
2024-06-13,Trolebús,305177
2024-06-14,Metro,3690010
2024-06-14,Ecobici,76766
2024-06-14,Metrobús,1653854
2024-06-14,RTP,317787
2024-06-14,Tren Ligero,87805
2024-06-14,Cablebús,129804
2024-06-14,Trolebús,302858
2024-06-15,Metro,2953695
2024-06-15,Ecobici,45672
2024-06-15,Metrobús,1680570
2024-06-15,RTP,221631
2024-06-15,Tren Ligero,65331
2024-06-15,Cablebús,119159
2024-06-15,Trolebús,222593
2024-06-16,Metro,1772546
2024-06-16,Ecobici,39164
2024-06-16,Metrobús,859226
2024-06-16,RTP,161852
2024-06-16,Tren Ligero,40942
2024-06-16,Cablebús,88179
2024-06-16,Trolebús,152975
2024-06-17,Metro,3447147
2024-06-17,Ecobici,74596
2024-06-17,Metrobús,1497098
2024-06-17,RTP,320075
2024-06-17,Tren Ligero,86255
2024-06-17,Cablebús,126302
2024-06-17,Trolebús,295901
2024-06-18,Metro,3500664
2024-06-18,Ecobici,80837
2024-06-18,Metrobús,1623010
2024-06-18,RTP,323449
2024-06-18,Tren Ligero,88946
2024-06-18,Cablebús,126234
2024-06-18,Trolebús,312056
2024-06-19,Metro,3547849
2024-06-19,Ecobici,78922
2024-06-19,Metrobús,1658116
2024-06-19,RTP,312531
2024-06-19,Tren Ligero,88670
2024-06-19,Cablebús,128714
2024-06-19,Trolebús,305599
2024-06-20,Metro,3542683
2024-06-20,Ecobici,75902
2024-06-20,Metrobús,1633137
2024-06-20,RTP,302709
2024-06-20,Tren Ligero,88796
2024-06-20,Cablebús,124311
2024-06-20,Trolebús,302367
2024-06-21,Metro,3557668
2024-06-21,Ecobici,69259
2024-06-21,Metrobús,1564170
2024-06-21,RTP,294294
2024-06-21,Tren Ligero,85725
2024-06-21,Cablebús,125669
2024-06-21,Trolebús,301060
2024-06-22,Metro,2831256
2024-06-22,Ecobici,38547
2024-06-22,Metrobús,1180844
2024-06-22,RTP,200185
2024-06-22,Tren Ligero,62959
2024-06-22,Cablebús,109992
2024-06-22,Trolebús,211560
2024-06-23,Metro,1794104
2024-06-23,Ecobici,32332
2024-06-23,Metrobús,828350
2024-06-23,RTP,143540
2024-06-23,Tren Ligero,41293
2024-06-23,Cablebús,82348
2024-06-23,Trolebús,141688
2024-06-24,Metro,3403972
2024-06-24,Ecobici,61941
2024-06-24,Metrobús,1562563
2024-06-24,RTP,279673
2024-06-24,Tren Ligero,80353
2024-06-24,Cablebús,121700
2024-06-24,Trolebús,318083
2024-06-25,Metro,3433444
2024-06-25,Ecobici,66669
2024-06-25,Metrobús,1579919
2024-06-25,RTP,279355
2024-06-25,Tren Ligero,85438
2024-06-25,Cablebús,121011
2024-06-25,Trolebús,317452
2024-06-26,Metro,3494752
2024-06-26,Ecobici,71961
2024-06-26,Metrobús,1660319
2024-06-26,RTP,285009
2024-06-26,Tren Ligero,84058
2024-06-26,Cablebús,121069
2024-06-26,Trolebús,323150
2024-06-27,Metro,3367280
2024-06-27,Ecobici,66792
2024-06-27,Metrobús,1599059
2024-06-27,RTP,274418
2024-06-27,Tren Ligero,84974
2024-06-27,Cablebús,120374
2024-06-27,Trolebús,314362
2024-06-28,Metro,3541014
2024-06-28,Ecobici,64883
2024-06-28,Metrobús,1580626
2024-06-28,RTP,283268
2024-06-28,Tren Ligero,82943
2024-06-28,Cablebús,122560
2024-06-28,Trolebús,318701
2024-06-29,Metro,3034966
2024-06-29,Ecobici,47151
2024-06-29,Metrobús,1116626
2024-06-29,RTP,211495
2024-06-29,Tren Ligero,58671
2024-06-29,Cablebús,113430
2024-06-29,Trolebús,231883
2024-06-30,Metro,1731107
2024-06-30,Ecobici,31675
2024-06-30,Metrobús,816428
2024-06-30,RTP,143389
2024-06-30,Tren Ligero,34077
2024-06-30,Cablebús,78410
2024-06-30,Trolebús,157303
2024-07-01,Metro,3220346
2024-07-01,Ecobici,56945
2024-07-01,Metrobús,1489822
2024-07-01,RTP,274158
2024-07-01,Tren Ligero,81427
2024-07-01,Cablebús,112293
2024-07-01,Trolebús,301792
2024-07-02,Metro,3410991
2024-07-02,Ecobici,74425
2024-07-02,Metrobús,1642148
2024-07-02,RTP,297901
2024-07-02,Tren Ligero,88254
2024-07-02,Cablebús,77040
2024-07-02,Trolebús,323347
2024-07-03,Metro,3490198
2024-07-03,Ecobici,75006
2024-07-03,Metrobús,1585269
2024-07-03,RTP,299420
2024-07-03,Tren Ligero,87133
2024-07-03,Cablebús,114187
2024-07-03,Trolebús,325413
2024-07-04,Metro,3444699
2024-07-04,Ecobici,66516
2024-07-04,Metrobús,1620027
2024-07-04,RTP,300846
2024-07-04,Tren Ligero,85693
2024-07-04,Cablebús,114410
2024-07-04,Trolebús,310100
2024-07-05,Metro,3482871
2024-07-05,Ecobici,73255
2024-07-05,Metrobús,1585353
2024-07-05,RTP,307124
2024-07-05,Tren Ligero,87553
2024-07-05,Cablebús,115465
2024-07-05,Trolebús,315452
2024-07-06,Metro,2837355
2024-07-06,Ecobici,46494
2024-07-06,Metrobús,1171897
2024-07-06,RTP,219481
2024-07-06,Tren Ligero,61450
2024-07-06,Cablebús,111497
2024-07-06,Trolebús,235673
2024-07-07,Metro,1789904
2024-07-07,Ecobici,45189
2024-07-07,Metrobús,830174
2024-07-07,RTP,167267
2024-07-07,Tren Ligero,36708
2024-07-07,Cablebús,116536
2024-07-07,Trolebús,166467
2024-07-08,Metro,3314887
2024-07-08,Ecobici,71368
2024-07-08,Metrobús,1549621
2024-07-08,RTP,308833
2024-07-08,Tren Ligero,83600
2024-07-08,Cablebús,108249
2024-07-08,Trolebús,302121
2024-07-09,Metro,3263125
2024-07-09,Ecobici,62961
2024-07-09,Metrobús,1597893
2024-07-09,RTP,292004
2024-07-09,Tren Ligero,81430
2024-07-09,Cablebús,78986
2024-07-09,Trolebús,305695
2024-07-10,Metro,3388377
2024-07-10,Ecobici,60883
2024-07-10,Metrobús,1503640
2024-07-10,RTP,285064
2024-07-10,Tren Ligero,82378
2024-07-10,Cablebús,109772
2024-07-10,Trolebús,303910
2024-07-11,Metro,3361388
2024-07-11,Ecobici,71183
2024-07-11,Metrobús,1559526
2024-07-11,RTP,291833
2024-07-11,Tren Ligero,82996
2024-07-11,Cablebús,112839
2024-07-11,Trolebús,304349
2024-07-12,Metro,3481668
2024-07-12,Ecobici,71078
2024-07-12,Metrobús,1597971
2024-07-12,RTP,288497
2024-07-12,Tren Ligero,86118
2024-07-12,Cablebús,115979
2024-07-12,Trolebús,308100
2024-07-13,Metro,2844528
2024-07-13,Ecobici,46335
2024-07-13,Metrobús,1182263
2024-07-13,RTP,214837
2024-07-13,Tren Ligero,60589
2024-07-13,Cablebús,104043
2024-07-13,Trolebús,237193
2024-07-14,Metro,1790611
2024-07-14,Ecobici,35047
2024-07-14,Metrobús,821053
2024-07-14,RTP,154150
2024-07-14,Tren Ligero,36948
2024-07-14,Cablebús,115312
2024-07-14,Trolebús,160070
2024-07-15,Metro,3305682
2024-07-15,Ecobici,66673
2024-07-15,Metrobús,1523861
2024-07-15,RTP,291686
2024-07-15,Tren Ligero,80902
2024-07-15,Cablebús,111251
2024-07-15,Trolebús,299452
2024-07-16,Metro,3258266
2024-07-16,Ecobici,72654
2024-07-16,Metrobús,1574715
2024-07-16,RTP,287706
2024-07-16,Tren Ligero,81961
2024-07-16,Cablebús,81605
2024-07-16,Trolebús,298991
2024-07-17,Metro,3474079
2024-07-17,Ecobici,66694
2024-07-17,Metrobús,1582100
2024-07-17,RTP,286916
2024-07-17,Tren Ligero,82917
2024-07-17,Cablebús,109823
2024-07-17,Trolebús,303098
2024-07-18,Metro,3412911
2024-07-18,Ecobici,53211
2024-07-18,Metrobús,1520694
2024-07-18,RTP,276736
2024-07-18,Tren Ligero,82685
2024-07-18,Cablebús,112699
2024-07-18,Trolebús,302001
2024-07-19,Metro,3383758
2024-07-19,Ecobici,51712
2024-07-19,Metrobús,1544839
2024-07-19,RTP,262228
2024-07-19,Tren Ligero,81784
2024-07-19,Cablebús,111501
2024-07-19,Trolebús,298566
2024-07-20,Metro,2830185
2024-07-20,Ecobici,38640
2024-07-20,Metrobús,1192023
2024-07-20,RTP,197928
2024-07-20,Tren Ligero,59858
2024-07-20,Cablebús,113412
2024-07-20,Trolebús,236318
2024-07-21,Metro,1912107
2024-07-21,Ecobici,41914
2024-07-21,Metrobús,833886
2024-07-21,RTP,148030
2024-07-21,Tren Ligero,38266
2024-07-21,Cablebús,114042
2024-07-21,Trolebús,171292
2024-07-22,Metro,3195880
2024-07-22,Ecobici,56787
2024-07-22,Metrobús,1485814
2024-07-22,RTP,257321
2024-07-22,Tren Ligero,77905
2024-07-22,Cablebús,107239
2024-07-22,Trolebús,279996
2024-07-23,Metro,3290238
2024-07-23,Ecobici,65385
2024-07-23,Metrobús,1486694
2024-07-23,RTP,267639
2024-07-23,Tren Ligero,81628
2024-07-23,Cablebús,78425
2024-07-23,Trolebús,298428
2024-07-24,Metro,3341934
2024-07-24,Ecobici,67738
2024-07-24,Metrobús,1545599
2024-07-24,RTP,267527
2024-07-24,Tren Ligero,81356
2024-07-24,Cablebús,81688
2024-07-24,Trolebús,302502
2024-07-25,Metro,3284717
2024-07-25,Ecobici,64676
2024-07-25,Metrobús,1550590
2024-07-25,RTP,269911
2024-07-25,Tren Ligero,82436
2024-07-25,Cablebús,79594
2024-07-25,Trolebús,298749
2024-07-26,Metro,3326130
2024-07-26,Ecobici,58041
2024-07-26,Metrobús,1524252
2024-07-26,RTP,263537
2024-07-26,Tren Ligero,81933
2024-07-26,Cablebús,85261
2024-07-26,Trolebús,295370
2024-07-27,Metro,2682507
2024-07-27,Ecobici,35030
2024-07-27,Metrobús,1147492
2024-07-27,RTP,191648
2024-07-27,Tren Ligero,59344
2024-07-27,Cablebús,75873
2024-07-27,Trolebús,221921
2024-07-28,Metro,1794535
2024-07-28,Ecobici,38047
2024-07-28,Metrobús,785333
2024-07-28,RTP,142176
2024-07-28,Tren Ligero,36607
2024-07-28,Cablebús,82424
2024-07-28,Trolebús,160930
2024-07-29,Metro,3205649
2024-07-29,Ecobici,57426
2024-07-29,Metrobús,1489850
2024-07-29,RTP,260177
2024-07-29,Tren Ligero,80018
2024-07-29,Cablebús,72930
2024-07-29,Trolebús,302328
2024-07-30,Metro,3288489
2024-07-30,Ecobici,65405
2024-07-30,Metrobús,1505703
2024-07-30,RTP,259117
2024-07-30,Tren Ligero,82497
2024-07-30,Cablebús,56149
2024-07-30,Trolebús,311266
2024-07-31,Metro,3385308
2024-07-31,Ecobici,68932
2024-07-31,Metrobús,1587405
2024-07-31,RTP,257259
2024-07-31,Tren Ligero,83604
2024-07-31,Cablebús,64642
2024-07-31,Trolebús,314436
2024-08-01,Metro,3487836
2024-08-01,Metrobús,1578300
2024-08-01,RTP,261906
2024-08-01,Tren Ligero,84591
2024-08-01,Cablebús,70998
2024-08-01,Trolebús,316795
2024-08-02,Metro,3486703
2024-08-02,Metrobús,1559697
2024-08-02,RTP,262407
2024-08-02,Tren Ligero,85309
2024-08-02,Cablebús,69507
2024-08-02,Trolebús,312832
2024-08-03,Metro,2847450
2024-08-03,Metrobús,1225311
2024-08-03,RTP,185634
2024-08-03,Tren Ligero,61863
2024-08-03,Cablebús,67517
2024-08-03,Trolebús,245039
2024-08-04,Metro,1873041
2024-08-04,Metrobús,822408
2024-08-04,RTP,140432
2024-08-04,Tren Ligero,38747
2024-08-04,Cablebús,53805
2024-08-04,Trolebús,171652
2024-08-05,Metro,3430205
2024-08-05,Metrobús,1558565
2024-08-05,RTP,268081
2024-08-05,Tren Ligero,86964
2024-08-05,Cablebús,79916
2024-08-05,Trolebús,310432
2024-08-06,Metro,3480185
2024-08-06,Metrobús,1604110
2024-08-06,RTP,260780
2024-08-06,Tren Ligero,86776
2024-08-06,Cablebús,83084
2024-08-06,Trolebús,325092
2024-08-07,Metro,3502065
2024-08-07,Metrobús,1617050
2024-08-07,RTP,258691
2024-08-07,Tren Ligero,89424
2024-08-07,Cablebús,83509
2024-08-07,Trolebús,323021
2024-08-08,Metro,3529375
2024-08-08,Metrobús,1583742
2024-08-08,RTP,261574
2024-08-08,Tren Ligero,79239
2024-08-08,Cablebús,84244
2024-08-08,Trolebús,318536
2024-08-09,Metro,3548334
2024-08-09,Metrobús,1591283
2024-08-09,RTP,252371
2024-08-09,Tren Ligero,87972
2024-08-09,Cablebús,83649
2024-08-09,Trolebús,317555
2024-08-10,Metro,2774878
2024-08-10,Metrobús,1184169
2024-08-10,RTP,169549
2024-08-10,Tren Ligero,62834
2024-08-10,Cablebús,78224
2024-08-10,Trolebús,251951
2024-08-11,Metro,1795593
2024-08-11,Metrobús,811437
2024-08-11,RTP,131389
2024-08-11,Tren Ligero,33502
2024-08-11,Cablebús,58489
2024-08-11,Trolebús,172647
2024-08-12,Metro,3400127
2024-08-12,Metrobús,1579158
2024-08-12,RTP,282960
2024-08-12,Tren Ligero,89796
2024-08-12,Cablebús,110891
2024-08-12,Trolebús,311018
2024-08-13,Metro,3470454
2024-08-13,Metrobús,1637000
2024-08-13,RTP,284073
2024-08-13,Tren Ligero,93391
2024-08-13,Cablebús,112077
2024-08-13,Trolebús,326482
2024-08-14,Metro,3584875
2024-08-14,Metrobús,1614998
2024-08-14,RTP,269374
2024-08-14,Tren Ligero,92860
2024-08-14,Cablebús,115401
2024-08-14,Trolebús,322991
2024-08-15,Metro,3534887
2024-08-15,Metrobús,1668707
2024-08-15,RTP,260194
2024-08-15,Tren Ligero,90852
2024-08-15,Cablebús,113338
2024-08-15,Trolebús,323470
2024-08-16,Metro,3616957
2024-08-16,Metrobús,1618647
2024-08-16,RTP,267341
2024-08-16,Tren Ligero,95262
2024-08-16,Cablebús,116170
2024-08-16,Trolebús,323589
2024-08-17,Metro,2918795
2024-08-17,Metrobús,1226288
2024-08-17,RTP,195072
2024-08-17,Tren Ligero,66097
2024-08-17,Cablebús,107098
2024-08-17,Trolebús,238513
2024-08-18,Metro,1931440
2024-08-18,Metrobús,900541
2024-08-18,RTP,154536
2024-08-18,Tren Ligero,42322
2024-08-18,Cablebús,86363
2024-08-18,Trolebús,173454
2024-08-19,Metro,3542851
2024-08-19,Metrobús,1610122
2024-08-19,RTP,279350
2024-08-19,Tren Ligero,97297
2024-08-19,Cablebús,117488
2024-08-19,Trolebús,319158
2024-08-20,Metro,3614467
2024-08-20,Metrobús,1702371
2024-08-20,RTP,277829
2024-08-20,Tren Ligero,100900
2024-08-20,Cablebús,122724
2024-08-20,Trolebús,334563
2024-08-21,Metro,3682634
2024-08-21,Metrobús,1688646
2024-08-21,RTP,281268
2024-08-21,Tren Ligero,101839
2024-08-21,Cablebús,122377
2024-08-21,Trolebús,340615
2024-08-22,Metro,3672405
2024-08-22,Metrobús,1690092
2024-08-22,RTP,290028
2024-08-22,Tren Ligero,101725
2024-08-22,Cablebús,123815
2024-08-22,Trolebús,333582
2024-08-23,Metro,3685861
2024-08-23,Metrobús,1670928
2024-08-23,RTP,288984
2024-08-23,Tren Ligero,101307
2024-08-23,Cablebús,129085
2024-08-23,Trolebús,325598
2024-08-24,Metro,2912709
2024-08-24,Metrobús,1273424
2024-08-24,RTP,209420
2024-08-24,Tren Ligero,67655
2024-08-24,Cablebús,110237
2024-08-24,Trolebús,239608
2024-08-25,Metro,1967713
2024-08-25,Metrobús,769602
2024-08-25,RTP,153097
2024-08-25,Tren Ligero,41562
2024-08-25,Cablebús,83090
2024-08-25,Trolebús,161817
2024-08-26,Metro,3606912
2024-08-26,Metrobús,1691399
2024-08-26,RTP,303616
2024-08-26,Tren Ligero,111242
2024-08-26,Cablebús,133228
2024-08-26,Trolebús,341163
2024-08-27,Metro,3655124
2024-08-27,Metrobús,1759986
2024-08-27,RTP,300570
2024-08-27,Tren Ligero,113350
2024-08-27,Cablebús,132835
2024-08-27,Trolebús,352262
2024-08-28,Metro,3749079
2024-08-28,Metrobús,1776593
2024-08-28,RTP,295101
2024-08-28,Tren Ligero,113210
2024-08-28,Cablebús,133094
2024-08-28,Trolebús,357807
2024-08-29,Metro,3749982
2024-08-29,Metrobús,1754652
2024-08-29,RTP,287728
2024-08-29,Tren Ligero,114320
2024-08-29,Cablebús,131886
2024-08-29,Trolebús,355593
2024-08-30,Metro,3885511
2024-08-30,Metrobús,1690906
2024-08-30,RTP,287830
2024-08-30,Tren Ligero,117576
2024-08-30,Cablebús,134855
2024-08-30,Trolebús,358329
2024-08-31,Metro,2933306
2024-08-31,Metrobús,1254857
2024-08-31,RTP,195280
2024-08-31,Tren Ligero,69022
2024-08-31,Cablebús,109687
2024-08-31,Trolebús,250164
2024-09-01,Metro,1936914
2024-09-01,Metrobús,866830
2024-09-01,RTP,176978
2024-09-01,Tren Ligero,41904
2024-09-01,Cablebús,84324
2024-09-01,Trolebús,162681
2024-09-02,Metro,3791254
2024-09-02,Metrobús,1779180
2024-09-02,RTP,268886
2024-09-02,Tren Ligero,113899
2024-09-02,Cablebús,135436
2024-09-02,Trolebús,347623
2024-09-03,Metro,3874329
2024-09-03,Metrobús,1792301
2024-09-03,RTP,294849
2024-09-03,Tren Ligero,117712
2024-09-03,Cablebús,142133
2024-09-03,Trolebús,354464
2024-09-04,Metro,3877604
2024-09-04,Metrobús,1792271
2024-09-04,RTP,311748
2024-09-04,Tren Ligero,117199
2024-09-04,Cablebús,136384
2024-09-04,Trolebús,365310
2024-09-05,Metro,3892376
2024-09-05,Metrobús,1752368
2024-09-05,RTP,289679
2024-09-05,Tren Ligero,116933
2024-09-05,Cablebús,135203
2024-09-05,Trolebús,370086
2024-09-06,Metro,3918477
2024-09-06,Metrobús,1757494
2024-09-06,RTP,306449
2024-09-06,Tren Ligero,117671
2024-09-06,Cablebús,140168
2024-09-06,Trolebús,350857
2024-09-07,Metro,2916934
2024-09-07,Metrobús,1228557
2024-09-07,RTP,225560
2024-09-07,Tren Ligero,63455
2024-09-07,Cablebús,108787
2024-09-07,Trolebús,239144
2024-09-08,Metro,1870256
2024-09-08,Metrobús,883975
2024-09-08,RTP,174724
2024-09-08,Tren Ligero,40335
2024-09-08,Cablebús,81806
2024-09-08,Trolebús,166666
2024-09-09,Metro,3794405
2024-09-09,Metrobús,1722895
2024-09-09,RTP,305125
2024-09-09,Tren Ligero,114372
2024-09-09,Cablebús,134738
2024-09-09,Trolebús,346367
2024-09-10,Metro,3841740
2024-09-10,Metrobús,1738621
2024-09-10,RTP,327943
2024-09-10,Tren Ligero,118871
2024-09-10,Cablebús,135600
2024-09-10,Trolebús,343700
2024-09-11,Metro,3888361
2024-09-11,Metrobús,1720121
2024-09-11,RTP,355246
2024-09-11,Tren Ligero,118949
2024-09-11,Cablebús,138640
2024-09-11,Trolebús,347584
2024-09-12,Metro,3925761
2024-09-12,Metrobús,1729325
2024-09-12,RTP,298604
2024-09-12,Tren Ligero,119524
2024-09-12,Cablebús,135600
2024-09-12,Trolebús,344128
2024-09-13,Metro,3931857
2024-09-13,Metrobús,1665088
2024-09-13,RTP,285675
2024-09-13,Tren Ligero,114241
2024-09-13,Cablebús,131370
2024-09-13,Trolebús,337550
2024-09-14,Metro,2894110
2024-09-14,Metrobús,1187347
2024-09-14,RTP,183126
2024-09-14,Tren Ligero,67235
2024-09-14,Cablebús,111614
2024-09-14,Trolebús,226447
2024-09-15,Metro,1707601
2024-09-15,Metrobús,698322
2024-09-15,RTP,117090
2024-09-15,Tren Ligero,35470
2024-09-15,Cablebús,76359
2024-09-15,Trolebús,139854
2024-09-16,Metro,1564187
2024-09-16,Metrobús,638454
2024-09-16,RTP,128034
2024-09-16,Tren Ligero,30845
2024-09-16,Cablebús,70174
2024-09-16,Trolebús,136689
2024-09-17,Metro,3849389
2024-09-17,Metrobús,1706800
2024-09-17,RTP,297461
2024-09-17,Tren Ligero,117024
2024-09-17,Cablebús,134796
2024-09-17,Trolebús,345518
2024-09-18,Metro,3932055
2024-09-18,Metrobús,1777011
2024-09-18,RTP,307121
2024-09-18,Tren Ligero,118605
2024-09-18,Cablebús,136711
2024-09-18,Trolebús,349884
2024-09-19,Metro,3855707
2024-09-19,Metrobús,1706695
2024-09-19,RTP,308091
2024-09-19,Tren Ligero,119471
2024-09-19,Cablebús,135192
2024-09-19,Trolebús,345770
2024-09-20,Metro,4069158
2024-09-20,Metrobús,1766650
2024-09-20,RTP,307132
2024-09-20,Tren Ligero,117681
2024-09-20,Cablebús,139376
2024-09-20,Trolebús,351306
2024-09-21,Metro,3018673
2024-09-21,Metrobús,1225158
2024-09-21,RTP,195667
2024-09-21,Tren Ligero,83321
2024-09-21,Cablebús,111099
2024-09-21,Trolebús,228198
2024-09-22,Metro,1925374
2024-09-22,Metrobús,870536
2024-09-22,RTP,135107
2024-09-22,Tren Ligero,51923
2024-09-22,Cablebús,82556
2024-09-22,Trolebús,170197
2024-09-23,Metro,3825358
2024-09-23,Metrobús,1660279
2024-09-23,RTP,299102
2024-09-23,Tren Ligero,123247
2024-09-23,Cablebús,136817
2024-09-23,Trolebús,333120
2024-09-24,Metro,3862629
2024-09-24,Metrobús,1713066
2024-09-24,RTP,305736
2024-09-24,Tren Ligero,122582
2024-09-24,Cablebús,135353
2024-09-24,Trolebús,342259
2024-09-25,Metro,3889596
2024-09-25,Metrobús,1738254
2024-09-25,RTP,305238
2024-09-25,Tren Ligero,121569
2024-09-25,Cablebús,138465
2024-09-25,Trolebús,339689
2024-09-26,Metro,3710287
2024-09-26,Metrobús,1660399
2024-09-26,RTP,283087
2024-09-26,Tren Ligero,115853
2024-09-26,Cablebús,129974
2024-09-26,Trolebús,334612
2024-09-27,Metro,3888127
2024-09-27,Metrobús,1695272
2024-09-27,RTP,278193
2024-09-27,Tren Ligero,105283
2024-09-27,Cablebús,132312
2024-09-27,Trolebús,321927
2024-09-28,Metro,2859663
2024-09-28,Metrobús,1136874
2024-09-28,RTP,188612
2024-09-28,Tren Ligero,68998
2024-09-28,Cablebús,105518
2024-09-28,Trolebús,215359
2024-09-29,Metro,1810441
2024-09-29,Metrobús,835672
2024-09-29,RTP,129234
2024-09-29,Tren Ligero,38624
2024-09-29,Cablebús,78582
2024-09-29,Trolebús,142236
2024-09-30,Metro,3682614
2024-09-30,Metrobús,1659600
2024-09-30,RTP,278626
2024-09-30,Tren Ligero,110734
2024-09-30,Cablebús,129665
2024-09-30,Trolebús,317685
2024-10-01,Metro,2063723
2024-10-01,Metrobús,737324
2024-10-01,RTP,158820
2024-10-01,Tren Ligero,48184
2024-10-01,Cablebús,80693
2024-10-01,Trolebús,162618
2024-10-02,Metro,3437884
2024-10-02,Metrobús,1623659
2024-10-02,RTP,291404
2024-10-02,Tren Ligero,114376
2024-10-02,Cablebús,126404
2024-10-02,Trolebús,302177
2024-10-03,Metro,3964897
2024-10-03,Metrobús,1756125
2024-10-03,RTP,307035
2024-10-03,Tren Ligero,122584
2024-10-03,Cablebús,141585
2024-10-03,Trolebús,340621
2024-10-04,Metro,4039620
2024-10-04,Metrobús,1724828
2024-10-04,RTP,296645
2024-10-04,Tren Ligero,123335
2024-10-04,Cablebús,139165
2024-10-04,Trolebús,339961
2024-10-05,Metro,3074722
2024-10-05,Metrobús,1232660
2024-10-05,RTP,199110
2024-10-05,Tren Ligero,71053
2024-10-05,Cablebús,113113
2024-10-05,Trolebús,224660
2024-10-06,Metro,1840387
2024-10-06,Metrobús,785465
2024-10-06,RTP,137317
2024-10-06,Tren Ligero,38935
2024-10-06,Cablebús,79342
2024-10-06,Trolebús,150879
2024-10-07,Metro,3840348
2024-10-07,Metrobús,1694187
2024-10-07,RTP,301372
2024-10-07,Tren Ligero,120900
2024-10-07,Cablebús,139493
2024-10-07,Trolebús,329983
2024-10-08,Metro,3885615
2024-10-08,Metrobús,1717343
2024-10-08,RTP,300045
2024-10-08,Tren Ligero,124656
2024-10-08,Cablebús,138509
2024-10-08,Trolebús,339652
2024-10-09,Metro,3927025
2024-10-09,Metrobús,1731099
2024-10-09,RTP,305843
2024-10-09,Tren Ligero,121773
2024-10-09,Cablebús,139522
2024-10-09,Trolebús,337165
2024-10-10,Metro,3960309
2024-10-10,Metrobús,1738494
2024-10-10,RTP,309150
2024-10-10,Tren Ligero,123383
2024-10-10,Cablebús,140407
2024-10-10,Trolebús,347987
2024-10-11,Metro,4042064
2024-10-11,Metrobús,1734324
2024-10-11,RTP,300063
2024-10-11,Tren Ligero,124045
2024-10-11,Cablebús,141838
2024-10-11,Trolebús,344875
2024-10-12,Metro,3097260
2024-10-12,Metrobús,1201223
2024-10-12,RTP,201595
2024-10-12,Tren Ligero,72758
2024-10-12,Cablebús,115404
2024-10-12,Trolebús,233259
2024-10-13,Metro,1914499
2024-10-13,Metrobús,821322
2024-10-13,RTP,143391
2024-10-13,Tren Ligero,41645
2024-10-13,Cablebús,83024
2024-10-13,Trolebús,156683
2024-10-14,Metro,3868510
2024-10-14,Metrobús,1704970
2024-10-14,RTP,296672
2024-10-14,Tren Ligero,121870
2024-10-14,Cablebús,138916
2024-10-14,Trolebús,338569
2024-10-15,Metro,3931876
2024-10-15,Metrobús,1763582
2024-10-15,RTP,302621
2024-10-15,Tren Ligero,126074
2024-10-15,Cablebús,140307
2024-10-15,Trolebús,354549
2024-10-16,Metro,4020995
2024-10-16,Metrobús,1784537
2024-10-16,RTP,317584
2024-10-16,Tren Ligero,125336
2024-10-16,Cablebús,141511
2024-10-16,Trolebús,356591
2024-10-17,Metro,3999712
2024-10-17,Metrobús,1738663
2024-10-17,RTP,310031
2024-10-17,Tren Ligero,124085
2024-10-17,Cablebús,140727
2024-10-17,Trolebús,345733
2024-10-18,Metro,4053469
2024-10-18,Metrobús,1757342
2024-10-18,RTP,308351
2024-10-18,Tren Ligero,126704
2024-10-18,Cablebús,142001
2024-10-18,Trolebús,348040
2024-10-19,Metro,3385760
2024-10-19,Metrobús,1214291
2024-10-19,RTP,211995
2024-10-19,Tren Ligero,78251
2024-10-19,Cablebús,124670
2024-10-19,Trolebús,242777
2024-10-20,Metro,2002205
2024-10-20,Metrobús,867928
2024-10-20,RTP,143124
2024-10-20,Tren Ligero,44037
2024-10-20,Cablebús,84499
2024-10-20,Trolebús,165836
2024-10-21,Metro,3695198
2024-10-21,Metrobús,1642075
2024-10-21,RTP,283906
2024-10-21,Tren Ligero,118752
2024-10-21,Cablebús,129367
2024-10-21,Trolebús,323300
2024-10-22,Metro,3916281
2024-10-22,Metrobús,1728619
2024-10-22,RTP,305034
2024-10-22,Tren Ligero,122620
2024-10-22,Cablebús,136203
2024-10-22,Trolebús,343817
2024-10-23,Metro,4024636
2024-10-23,Metrobús,1822451
2024-10-23,RTP,303359
2024-10-23,Tren Ligero,121741
2024-10-23,Cablebús,142150
2024-10-23,Trolebús,348817
2024-10-24,Metro,3988722
2024-10-24,Metrobús,1775749
2024-10-24,RTP,305875
2024-10-24,Tren Ligero,124193
2024-10-24,Cablebús,140413
2024-10-24,Trolebús,340936
2024-10-25,Metro,4190895
2024-10-25,Metrobús,1791343
2024-10-25,RTP,292631
2024-10-25,Tren Ligero,127277
2024-10-25,Cablebús,142490
2024-10-25,Trolebús,332740
2024-10-26,Metro,3250091
2024-10-26,Metrobús,1289073
2024-10-26,RTP,188967
2024-10-26,Tren Ligero,82738
2024-10-26,Cablebús,117494
2024-10-26,Trolebús,235411
2024-10-27,Metro,2243810
2024-10-27,Metrobús,849053
2024-10-27,RTP,139929
2024-10-27,Tren Ligero,49911
2024-10-27,Cablebús,90322
2024-10-27,Trolebús,169984
2024-10-28,Metro,3971117
2024-10-28,Metrobús,1727047
2024-10-28,RTP,306705
2024-10-28,Tren Ligero,123406
2024-10-28,Cablebús,138918
2024-10-28,Trolebús,325793
2024-10-29,Metro,3946700
2024-10-29,Metrobús,1757663
2024-10-29,RTP,304239
2024-10-29,Tren Ligero,126073
2024-10-29,Cablebús,141371
2024-10-29,Trolebús,342314
2024-10-30,Metro,4114782
2024-10-30,Metrobús,1787546
2024-10-30,RTP,289068
2024-10-30,Tren Ligero,126562
2024-10-30,Cablebús,143140
2024-10-30,Trolebús,346729
2024-10-31,Metro,4061730
2024-10-31,Metrobús,1742245
2024-10-31,RTP,292000
2024-10-31,Tren Ligero,118408
2024-10-31,Cablebús,142816
2024-10-31,Trolebús,342948
2024-11-01,Metro,3461463
2024-11-01,Metrobús,1575577
2024-11-01,RTP,212768
2024-11-01,Tren Ligero,99566
2024-11-01,Cablebús,135994
2024-11-01,Trolebús,298019
2024-11-02,Metro,2588718
2024-11-02,Metrobús,857595
2024-11-02,RTP,156713
2024-11-02,Tren Ligero,59757
2024-11-02,Cablebús,103403
2024-11-02,Trolebús,207727
2024-11-03,Metro,1843419
2024-11-03,Metrobús,855419
2024-11-03,RTP,139054
2024-11-03,Tren Ligero,41744
2024-11-03,Cablebús,81177
2024-11-03,Trolebús,159115
2024-11-04,Metro,3823406
2024-11-04,Metrobús,1707880
2024-11-04,RTP,301894
2024-11-04,Tren Ligero,122393
2024-11-04,Cablebús,135836
2024-11-04,Trolebús,325046
2024-11-05,Metro,3909720
2024-11-05,Metrobús,1789075
2024-11-05,RTP,305440
2024-11-05,Tren Ligero,126449
2024-11-05,Cablebús,138570
2024-11-05,Trolebús,345347
2024-11-06,Metro,3983520
2024-11-06,Metrobús,1783832
2024-11-06,RTP,290330
2024-11-06,Tren Ligero,126092
2024-11-06,Cablebús,141948
2024-11-06,Trolebús,345413
2024-11-07,Metro,3989769
2024-11-07,Metrobús,1789506
2024-11-07,RTP,301307
2024-11-07,Tren Ligero,123838
2024-11-07,Cablebús,140530
2024-11-07,Trolebús,343668
2024-11-08,Metro,4066787
2024-11-08,Metrobús,1798124
2024-11-08,RTP,292703
2024-11-08,Tren Ligero,138577
2024-11-08,Cablebús,146123
2024-11-08,Trolebús,354502
2024-11-09,Metro,3098334
2024-11-09,Metrobús,1251351
2024-11-09,RTP,200599
2024-11-09,Tren Ligero,76281
2024-11-09,Cablebús,116915
2024-11-09,Trolebús,238026
2024-11-10,Metro,1982766
2024-11-10,Metrobús,889828
2024-11-10,RTP,149166
2024-11-10,Tren Ligero,44198
2024-11-10,Cablebús,89140
2024-11-10,Trolebús,169628
2024-11-11,Metro,3880777
2024-11-11,Metrobús,1712210
2024-11-11,RTP,294153
2024-11-11,Tren Ligero,123551
2024-11-11,Cablebús,136278
2024-11-11,Trolebús,339692
2024-11-12,Metro,3922835
2024-11-12,Metrobús,1781814
2024-11-12,RTP,306142
2024-11-12,Tren Ligero,125110
2024-11-12,Cablebús,139224
2024-11-12,Trolebús,348902
2024-11-13,Metro,3986698
2024-11-13,Metrobús,1758851
2024-11-13,RTP,305490
2024-11-13,Tren Ligero,125246
2024-11-13,Cablebús,139172
2024-11-13,Trolebús,354204
2024-11-14,Metro,4030593
2024-11-14,Metrobús,1800614
2024-11-14,RTP,307600
2024-11-14,Tren Ligero,129180
2024-11-14,Cablebús,142698
2024-11-14,Trolebús,351116
2024-11-15,Metro,4168429
2024-11-15,Metrobús,1863063
2024-11-15,RTP,292429
2024-11-15,Tren Ligero,130359
2024-11-15,Cablebús,144159
2024-11-15,Trolebús,355662
2024-11-16,Metro,3177255
2024-11-16,Metrobús,1264947
2024-11-16,RTP,202748
2024-11-16,Tren Ligero,76008
2024-11-16,Cablebús,119466
2024-11-16,Trolebús,250560
2024-11-17,Metro,2081684
2024-11-17,Metrobús,948564
2024-11-17,RTP,151341
2024-11-17,Tren Ligero,45838
2024-11-17,Cablebús,89276
2024-11-17,Trolebús,176994
2024-11-18,Metro,2164285
2024-11-18,Metrobús,939004
2024-11-18,RTP,166134
2024-11-18,Tren Ligero,48957
2024-11-18,Cablebús,88910
2024-11-18,Trolebús,187043
2024-11-19,Metro,3909423
2024-11-19,Metrobús,1778522
2024-11-19,RTP,313043
2024-11-19,Tren Ligero,126776
2024-11-19,Cablebús,141906
2024-11-19,Trolebús,337386
2024-11-20,Metro,3857352
2024-11-20,Metrobús,1567753
2024-11-20,RTP,290753
2024-11-20,Tren Ligero,122570
2024-11-20,Cablebús,136457
2024-11-20,Trolebús,329209
2024-11-21,Metro,3930157
2024-11-21,Metrobús,1796886
2024-11-21,RTP,304698
2024-11-21,Tren Ligero,127701
2024-11-21,Cablebús,138869
2024-11-21,Trolebús,342572
2024-11-22,Metro,4050606
2024-11-22,Metrobús,1782374
2024-11-22,RTP,294281
2024-11-22,Tren Ligero,127288
2024-11-22,Cablebús,141829
2024-11-22,Trolebús,335943
2024-11-23,Metro,3011144
2024-11-23,Metrobús,1227945
2024-11-23,RTP,185625
2024-11-23,Tren Ligero,75638
2024-11-23,Cablebús,116884
2024-11-23,Trolebús,232757
2024-11-24,Metro,1948213
2024-11-24,Metrobús,814848
2024-11-24,RTP,132429
2024-11-24,Tren Ligero,44591
2024-11-24,Cablebús,87413
2024-11-24,Trolebús,160314
2024-11-25,Metro,3636961
2024-11-25,Metrobús,1655901
2024-11-25,RTP,273673
2024-11-25,Tren Ligero,123755
2024-11-25,Cablebús,137681
2024-11-25,Trolebús,334992
2024-11-26,Metro,3839309
2024-11-26,Metrobús,1787096
2024-11-26,RTP,306576
2024-11-26,Tren Ligero,123925
2024-11-26,Cablebús,139413
2024-11-26,Trolebús,338451
2024-11-27,Metro,3927283
2024-11-27,Metrobús,1676869
2024-11-27,RTP,300462
2024-11-27,Tren Ligero,119745
2024-11-27,Cablebús,138697
2024-11-27,Trolebús,335497
2024-11-28,Metro,3934216
2024-11-28,Metrobús,1749015
2024-11-28,RTP,305517
2024-11-28,Tren Ligero,87109
2024-11-28,Cablebús,139190
2024-11-28,Trolebús,340662
2024-11-29,Metro,4098064
2024-11-29,Metrobús,1751201
2024-11-29,RTP,293370
2024-11-29,Tren Ligero,125038
2024-11-29,Cablebús,144332
2024-11-29,Trolebús,346091
2024-11-30,Metro,3065767
2024-11-30,Metrobús,1283549
2024-11-30,RTP,208560
2024-11-30,Tren Ligero,77339
2024-11-30,Cablebús,120950
2024-11-30,Trolebús,246760
2024-12-01,Metro,2090096
2024-12-01,Metrobús,890100
2024-12-01,RTP,154250
2024-12-01,Tren Ligero,42452
2024-12-01,Cablebús,92656
2024-12-01,Trolebús,175397
2024-12-02,Metro,3827179
2024-12-02,Metrobús,1705079
2024-12-02,RTP,308899
2024-12-02,Tren Ligero,118951
2024-12-02,Cablebús,138007
2024-12-02,Trolebús,336984
2024-12-03,Metro,3889624
2024-12-03,Metrobús,1765192
2024-12-03,RTP,303771
2024-12-03,Tren Ligero,123561
2024-12-03,Cablebús,139541
2024-12-03,Trolebús,339872
2024-12-04,Metro,3981068
2024-12-04,Metrobús,1754973
2024-12-04,RTP,304823
2024-12-04,Tren Ligero,134426
2024-12-04,Cablebús,140940
2024-12-04,Trolebús,324701
2024-12-05,Metro,4033352
2024-12-05,Metrobús,1817646
2024-12-05,RTP,303350
2024-12-05,Tren Ligero,124795
2024-12-05,Cablebús,140269
2024-12-05,Trolebús,345180
2024-12-06,Metro,4042586
2024-12-06,Metrobús,1769923
2024-12-06,RTP,305826
2024-12-06,Tren Ligero,126193
2024-12-06,Cablebús,143218
2024-12-06,Trolebús,335521
2024-12-07,Metro,3246267
2024-12-07,Metrobús,1294832
2024-12-07,RTP,208493
2024-12-07,Tren Ligero,80746
2024-12-07,Cablebús,121876
2024-12-07,Trolebús,245797
2024-12-08,Metro,2152634
2024-12-08,Metrobús,926590
2024-12-08,RTP,149084
2024-12-08,Tren Ligero,47325
2024-12-08,Cablebús,92803
2024-12-08,Trolebús,176796
2024-12-09,Metro,3837480
2024-12-09,Metrobús,1683557
2024-12-09,RTP,303142
2024-12-09,Tren Ligero,118054
2024-12-09,Cablebús,133722
2024-12-09,Trolebús,320251
2024-12-10,Metro,3944966
2024-12-10,Metrobús,1712723
2024-12-10,RTP,298856
2024-12-10,Tren Ligero,122612
2024-12-10,Cablebús,138132
2024-12-10,Trolebús,330599
2024-12-11,Metro,3991210
2024-12-11,Metrobús,1553861
2024-12-11,RTP,291909
2024-12-11,Tren Ligero,118544
2024-12-11,Cablebús,139414
2024-12-11,Trolebús,304433
2024-12-12,Metro,3380820
2024-12-12,Metrobús,1434963
2024-12-12,RTP,263292
2024-12-12,Tren Ligero,94852
2024-12-12,Cablebús,117141
2024-12-12,Trolebús,261055
2024-12-13,Metro,3946615
2024-12-13,Metrobús,1759617
2024-12-13,RTP,249257
2024-12-13,Tren Ligero,119874
2024-12-13,Cablebús,136232
2024-12-13,Trolebús,323104
2024-12-14,Metro,3263297
2024-12-14,Metrobús,1275503
2024-12-14,RTP,198025
2024-12-14,Tren Ligero,86553
2024-12-14,Cablebús,122920
2024-12-14,Trolebús,243304
2024-12-15,Metro,2305720
2024-12-15,Metrobús,916926
2024-12-15,RTP,151675
2024-12-15,Tren Ligero,50181
2024-12-15,Cablebús,95562
2024-12-15,Trolebús,178734
2024-12-16,Metro,3670134
2024-12-16,Metrobús,1659531
2024-12-16,RTP,293027
2024-12-16,Tren Ligero,110921
2024-12-16,Cablebús,131876
2024-12-16,Trolebús,310009
2024-12-17,Metro,3691160
2024-12-17,Metrobús,1664325
2024-12-17,RTP,276328
2024-12-17,Tren Ligero,109105
2024-12-17,Cablebús,129184
2024-12-17,Trolebús,310365
2024-12-18,Metro,3792479
2024-12-18,Metrobús,1605954
2024-12-18,RTP,271072
2024-12-18,Tren Ligero,105540
2024-12-18,Cablebús,128251
2024-12-18,Trolebús,311965
2024-12-19,Metro,3721220
2024-12-19,Metrobús,1636907
2024-12-19,RTP,263638
2024-12-19,Tren Ligero,100755
2024-12-19,Cablebús,124248
2024-12-19,Trolebús,305524
2024-12-20,Metro,3749326
2024-12-20,Metrobús,1570201
2024-12-20,RTP,249291
2024-12-20,Tren Ligero,100045
2024-12-20,Cablebús,127846
2024-12-20,Trolebús,295450
2024-12-21,Metro,3208284
2024-12-21,Metrobús,1244175
2024-12-21,RTP,188483
2024-12-21,Tren Ligero,72896
2024-12-21,Cablebús,119217
2024-12-21,Trolebús,238651
2024-12-22,Metro,2361531
2024-12-22,Metrobús,875583
2024-12-22,RTP,140160
2024-12-22,Tren Ligero,48331
2024-12-22,Cablebús,97852
2024-12-22,Trolebús,183805
2024-12-23,Metro,3378968
2024-12-23,Metrobús,1382861
2024-12-23,RTP,223453
2024-12-23,Tren Ligero,81364
2024-12-23,Cablebús,118826
2024-12-23,Trolebús,265809
2024-12-24,Metro,2308021
2024-12-24,Metrobús,937355
2024-12-24,RTP,174269
2024-12-24,Tren Ligero,57143
2024-12-24,Cablebús,101171
2024-12-24,Trolebús,181798
2024-12-25,Metro,1089114
2024-12-25,Metrobús,478898
2024-12-25,RTP,82541
2024-12-25,Tren Ligero,24253
2024-12-25,Cablebús,68024
2024-12-25,Trolebús,100440
2024-12-26,Metro,2938852
2024-12-26,Metrobús,1249171
2024-12-26,RTP,203831
2024-12-26,Tren Ligero,70409
2024-12-26,Cablebús,106515
2024-12-26,Trolebús,239716
2024-12-27,Metro,3140620
2024-12-27,Metrobús,1277744
2024-12-27,RTP,203768
2024-12-27,Tren Ligero,72987
2024-12-27,Cablebús,111183
2024-12-27,Trolebús,254588
2024-12-28,Metro,2793748
2024-12-28,Metrobús,1090381
2024-12-28,RTP,159948
2024-12-28,Tren Ligero,60518
2024-12-28,Cablebús,109305
2024-12-28,Trolebús,213464
2024-12-29,Metro,2073987
2024-12-29,Metrobús,784758
2024-12-29,RTP,125359
2024-12-29,Tren Ligero,41166
2024-12-29,Cablebús,88206
2024-12-29,Trolebús,170923
2024-12-30,Metro,3006683
2024-12-30,Metrobús,1253750
2024-12-30,RTP,195643
2024-12-30,Tren Ligero,71477
2024-12-30,Cablebús,109840
2024-12-30,Trolebús,245579
2024-12-31,Metro,2145005
2024-12-31,Metrobús,929727
2024-12-31,RTP,158263
2024-12-31,Tren Ligero,51187
2024-12-31,Cablebús,93820
2024-12-31,Trolebús,199718
2025-01-01,Metro,1010058
2025-01-01,Metrobús,480887.00407
2025-01-01,RTP,76375
2025-01-01,Tren Ligero,22969
2025-01-01,Cablebús,66843
2025-01-01,Trolebús,74626
2025-01-02,Metro,2859712
2025-01-02,Metrobús,1246197.4265700001
2025-01-02,RTP,201293
2025-01-02,Tren Ligero,69274
2025-01-02,Cablebús,100212
2025-01-02,Trolebús,225549
2025-01-03,Metro,3151053
2025-01-03,Metrobús,1307222.2782
2025-01-03,RTP,208221
2025-01-03,Tren Ligero,74741
2025-01-03,Cablebús,110766
2025-01-03,Trolebús,289318
2025-01-04,Metro,2828226
2025-01-04,Metrobús,1137495.42296
2025-01-04,RTP,160308
2025-01-04,Tren Ligero,60948
2025-01-04,Cablebús,108790
2025-01-04,Trolebús,227193
2025-01-05,Metro,1995528
2025-01-05,Metrobús,832658.85082
2025-01-05,RTP,115221
2025-01-05,Tren Ligero,41024
2025-01-05,Cablebús,93279
2025-01-05,Trolebús,179583
2025-01-06,Metro,3107901
2025-01-06,Metrobús,1404606.64635
2025-01-06,RTP,221674
2025-01-06,Tren Ligero,86575
2025-01-06,Cablebús,108008
2025-01-06,Trolebús,266957
2025-01-07,Metro,3378442
2025-01-07,Metrobús,1531178.07203
2025-01-07,RTP,233897
2025-01-07,Tren Ligero,97784
2025-01-07,Cablebús,118240
2025-01-07,Trolebús,319242
2025-01-08,Metro,3496293
2025-01-08,Metrobús,1557947.5758
2025-01-08,RTP,245645
2025-01-08,Tren Ligero,99543
2025-01-08,Cablebús,121767
2025-01-08,Trolebús,304517
2025-01-09,Metro,3464987
2025-01-09,Metrobús,1576792.8318
2025-01-09,RTP,250836
2025-01-09,Tren Ligero,102583
2025-01-09,Cablebús,118739
2025-01-09,Trolebús,302994
2025-01-10,Metro,3526874
2025-01-10,Metrobús,1616094.5494
2025-01-10,RTP,249796
2025-01-10,Tren Ligero,101192
2025-01-10,Cablebús,120524
2025-01-10,Trolebús,303470
2025-01-11,Metro,2686856
2025-01-11,Metrobús,1102947.75284
2025-01-11,RTP,165220
2025-01-11,Tren Ligero,66133
2025-01-11,Cablebús,104221
2025-01-11,Trolebús,218521
2025-01-12,Metro,1798578
2025-01-12,Metrobús,760183.69602
2025-01-12,RTP,120608
2025-01-12,Tren Ligero,41630
2025-01-12,Cablebús,77006
2025-01-12,Trolebús,154518
2025-01-13,Metro,3493954
2025-01-13,Metrobús,1608728.8564
2025-01-13,RTP,264424
2025-01-13,Tren Ligero,106760
2025-01-13,Cablebús,122625
2025-01-13,Trolebús,302503
2025-01-14,Metro,3488172
2025-01-14,Metrobús,1599918.9932
2025-01-14,RTP,266120
2025-01-14,Tren Ligero,107633
2025-01-14,Cablebús,119456
2025-01-14,Trolebús,304708
2025-01-15,Metro,3569850
2025-01-15,Metrobús,1670089.2234
2025-01-15,RTP,263941
2025-01-15,Tren Ligero,106982
2025-01-15,Cablebús,125406
2025-01-15,Trolebús,316282
2025-01-16,Metro,3596904
2025-01-16,Metrobús,1658834.9139999999
2025-01-16,RTP,285108
2025-01-16,Tren Ligero,107559
2025-01-16,Cablebús,122453
2025-01-16,Trolebús,309142
2025-01-17,Metro,3579782
2025-01-17,Metrobús,1601946.8923
2025-01-17,RTP,283381
2025-01-17,Tren Ligero,104972
2025-01-17,Cablebús,125840
2025-01-17,Trolebús,303649
2025-01-18,Metro,2869801
2025-01-18,Metrobús,1237132.2401
2025-01-18,RTP,187571
2025-01-18,Tren Ligero,70800
2025-01-18,Cablebús,112073
2025-01-18,Trolebús,227267
2025-01-19,Metro,1797165
2025-01-19,Metrobús,844606.99063
2025-01-19,RTP,132279
2025-01-19,Tren Ligero,50791
2025-01-19,Cablebús,82894
2025-01-19,Trolebús,153694
2025-01-20,Metro,3510534
2025-01-20,Metrobús,1527188.9320999999
2025-01-20,RTP,281812
2025-01-20,Tren Ligero,104270
2025-01-20,Cablebús,122035
2025-01-20,Trolebús,299595
2025-01-21,Metro,3512434
2025-01-21,Metrobús,1629773.1279
2025-01-21,RTP,284694
2025-01-21,Tren Ligero,105821
2025-01-21,Cablebús,124091
2025-01-21,Trolebús,307992
2025-01-22,Metro,3588723
2025-01-22,Metrobús,1661187.4229000001
2025-01-22,RTP,294321
2025-01-22,Tren Ligero,104958
2025-01-22,Cablebús,124121
2025-01-22,Trolebús,313906
2025-01-23,Metro,3605692
2025-01-23,Metrobús,1643000.9738
2025-01-23,RTP,286208
2025-01-23,Tren Ligero,105866
2025-01-23,Cablebús,124669
2025-01-23,Trolebús,307406
2025-01-24,Metro,3656896
2025-01-24,Metrobús,1613912.0625
2025-01-24,RTP,289275
2025-01-24,Tren Ligero,106941
2025-01-24,Cablebús,127111
2025-01-24,Trolebús,310306
2025-01-25,Metro,2884142
2025-01-25,Metrobús,1158814.51315
2025-01-25,RTP,191235
2025-01-25,Tren Ligero,71150
2025-01-25,Cablebús,111591
2025-01-25,Trolebús,225724
2025-01-26,Metro,1819355
2025-01-26,Metrobús,838543.76189
2025-01-26,RTP,135516
2025-01-26,Tren Ligero,43368
2025-01-26,Cablebús,84289
2025-01-26,Trolebús,158699
2025-01-27,Metro,3565091
2025-01-27,Metrobús,1557049.5263999999
2025-01-27,RTP,285012
2025-01-27,Tren Ligero,105813
2025-01-27,Cablebús,124808
2025-01-27,Trolebús,299191
2025-01-28,Metro,3598314
2025-01-28,Metrobús,1654519.2817000002
2025-01-28,RTP,288142
2025-01-28,Tren Ligero,109114
2025-01-28,Cablebús,127580
2025-01-28,Trolebús,306788
2025-01-29,Metro,3653482
2025-01-29,Metrobús,1612211.7367
2025-01-29,RTP,289093
2025-01-29,Tren Ligero,109177
2025-01-29,Cablebús,122745
2025-01-29,Trolebús,311412
2025-01-30,Metro,3638609
2025-01-30,Metrobús,1621863.5152
2025-01-30,RTP,290015
2025-01-30,Tren Ligero,109134
2025-01-30,Cablebús,125105
2025-01-30,Trolebús,308336
2025-01-31,Metro,3820661
2025-01-31,Metrobús,1642148.3636
2025-01-31,RTP,283457
2025-01-31,Tren Ligero,109253
2025-01-31,Cablebús,129995
2025-01-31,Trolebús,301065
2025-02-01,Metro,2835483
2025-02-01,Metrobús,1182689.47955
2025-02-01,RTP,196975
2025-02-01,Tren Ligero,70569.419995
2025-02-01,Cablebús,113723
2025-02-01,Trolebús,218268
2025-02-02,Metro,1698701
2025-02-02,Metrobús,798704.38923
2025-02-02,RTP,125338
2025-02-02,Tren Ligero,40118.279199
2025-02-02,Cablebús,80528
2025-02-02,Trolebús,145778
2025-02-03,Metro,1880787
2025-02-03,Metrobús,767995.40948
2025-02-03,RTP,146713
2025-02-03,Tren Ligero,46581.063822
2025-02-03,Cablebús,82040
2025-02-03,Trolebús,163568
2025-02-04,Metro,3704490
2025-02-04,Metrobús,1661060.2949
2025-02-04,RTP,301454
2025-02-04,Tren Ligero,115647.83174
2025-02-04,Cablebús,131348
2025-02-04,Trolebús,308508
2025-02-05,Metro,3697178
2025-02-05,Metrobús,1671244.4213
2025-02-05,RTP,301719
2025-02-05,Tren Ligero,115914.76534
2025-02-05,Cablebús,129987
2025-02-05,Trolebús,310374
2025-02-06,Metro,3716781
2025-02-06,Metrobús,1673593.8684
2025-02-06,RTP,303770
2025-02-06,Tren Ligero,116042.47926
2025-02-06,Cablebús,129354
2025-02-06,Trolebús,317371
2025-02-07,Metro,3792255
2025-02-07,Metrobús,1673586.9578
2025-02-07,RTP,303199
2025-02-07,Tren Ligero,116859.38812
2025-02-07,Cablebús,133514
2025-02-07,Trolebús,319723
2025-02-08,Metro,2903394
2025-02-08,Metrobús,1203615.02306
2025-02-08,RTP,186361
2025-02-08,Tren Ligero,73299.736518
2025-02-08,Cablebús,112913
2025-02-08,Trolebús,226467
2025-02-09,Metro,1792912
2025-02-09,Metrobús,823064.6955500001
2025-02-09,RTP,136484
2025-02-09,Tren Ligero,41464.452959
2025-02-09,Cablebús,81109
2025-02-09,Trolebús,155911
2025-02-10,Metro,3696434
2025-02-10,Metrobús,1574865.6027000002
2025-02-10,RTP,295289
2025-02-10,Tren Ligero,119745.03239000001
2025-02-10,Cablebús,125247
2025-02-10,Trolebús,306933
2025-02-11,Metro,3794995
2025-02-11,Metrobús,1720612.4426
2025-02-11,RTP,299870
2025-02-11,Tren Ligero,126502.36443
2025-02-11,Cablebús,134972
2025-02-11,Trolebús,329630
2025-02-12,Metro,3888798
2025-02-12,Metrobús,1737944.8805
2025-02-12,RTP,299511
2025-02-12,Tren Ligero,124599.31196
2025-02-12,Cablebús,133354
2025-02-12,Trolebús,331944
2025-02-13,Metro,3872426
2025-02-13,Metrobús,1750108.7825
2025-02-13,RTP,298371
2025-02-13,Tren Ligero,125693.5096
2025-02-13,Cablebús,134239
2025-02-13,Trolebús,335759
2025-02-14,Metro,3938875
2025-02-14,Metrobús,1767480.9923
2025-02-14,RTP,284284
2025-02-14,Tren Ligero,126534.58056
2025-02-14,Cablebús,141747
2025-02-14,Trolebús,334620
2025-02-15,Metro,2858731
2025-02-15,Metrobús,1213228.88186
2025-02-15,RTP,182701
2025-02-15,Tren Ligero,75559.467513
2025-02-15,Cablebús,112497
2025-02-15,Trolebús,230488
2025-02-16,Metro,1847879
2025-02-16,Metrobús,817310.1944500001
2025-02-16,RTP,141612
2025-02-16,Tren Ligero,44470.907689
2025-02-16,Cablebús,83095
2025-02-16,Trolebús,155924
2025-02-17,Metro,3800329
2025-02-17,Metrobús,1615896.4681
2025-02-17,RTP,302442
2025-02-17,Tren Ligero,126313.66999
2025-02-17,Cablebús,135494
2025-02-17,Trolebús,320505
2025-02-18,Metro,3898492
2025-02-18,Metrobús,1703129.7198
2025-02-18,RTP,305690
2025-02-18,Tren Ligero,129748.13894
2025-02-18,Cablebús,136755
2025-02-18,Trolebús,328074
2025-02-19,Metro,3878349
2025-02-19,Metrobús,1691986.5637
2025-02-19,RTP,298215
2025-02-19,Tren Ligero,127270.94911
2025-02-19,Cablebús,129510
2025-02-19,Trolebús,324791
2025-02-20,Metro,3976640
2025-02-20,Metrobús,1768572.6417
2025-02-20,RTP,300226
2025-02-20,Tren Ligero,128946.18757
2025-02-20,Cablebús,134556
2025-02-20,Trolebús,330250
2025-02-21,Metro,4033247
2025-02-21,Metrobús,1740424.0386
2025-02-21,RTP,292850
2025-02-21,Tren Ligero,129042.83594
2025-02-21,Cablebús,139273
2025-02-21,Trolebús,332406
2025-02-22,Metro,2988053
2025-02-22,Metrobús,1269418.3800300001
2025-02-22,RTP,184564
2025-02-22,Tren Ligero,75058.967013
2025-02-22,Cablebús,113455
2025-02-22,Trolebús,230966
2025-02-23,Metro,1896560
2025-02-23,Metrobús,818819.95508
2025-02-23,RTP,134566
2025-02-23,Tren Ligero,43912.878396
2025-02-23,Cablebús,82123
2025-02-23,Trolebús,147019
2025-02-24,Metro,3859506
2025-02-24,Metrobús,1720484.773
2025-02-24,RTP,303658
2025-02-24,Tren Ligero,116869.74331
2025-02-24,Cablebús,135168
2025-02-24,Trolebús,318790
2025-02-25,Metro,3891828
2025-02-25,Metrobús,1740583.1193
2025-02-25,RTP,309169
2025-02-25,Tren Ligero,119665.64265
2025-02-25,Cablebús,137259
2025-02-25,Trolebús,318692
2025-02-26,Metro,3928251
2025-02-26,Metrobús,1750837
2025-02-26,RTP,309658
2025-02-26,Tren Ligero,127338.83309
2025-02-26,Cablebús,136790
2025-02-26,Trolebús,332262
2025-02-27,Metro,4067336
2025-02-27,Metrobús,1857146
2025-02-27,RTP,326806
2025-02-27,Tren Ligero,131225.47835
2025-02-27,Cablebús,140095
2025-02-27,Trolebús,345294
2025-02-28,Metro,4135013
2025-02-28,Metrobús,1767485
2025-02-28,RTP,288546
2025-02-28,Tren Ligero,122734.22848
2025-02-28,Cablebús,137911
2025-02-28,Trolebús,332955
2025-03-01,Metro,3013089
2025-03-01,Metrobús,1244693
2025-03-01,RTP,205182
2025-03-01,Tren Ligero,72802.687745
2025-03-01,Cablebús,114076
2025-03-01,Trolebús,229539
2025-03-02,Metro,1889873
2025-03-02,Metrobús,822873
2025-03-02,RTP,118885
2025-03-02,Tren Ligero,42216.929573
2025-03-02,Cablebús,83632
2025-03-02,Trolebús,158295
2025-03-03,Metro,3855935
2025-03-03,Metrobús,1686798
2025-03-03,RTP,272944
2025-03-03,Tren Ligero,119130.62488
2025-03-03,Cablebús,135835
2025-03-03,Trolebús,336888
2025-03-04,Metro,3856866
2025-03-04,Metrobús,1702347
2025-03-04,RTP,307098
2025-03-04,Tren Ligero,122233.72798
2025-03-04,Cablebús,136326
2025-03-04,Trolebús,305251
2025-03-05,Metro,3888388
2025-03-05,Metrobús,1735121
2025-03-05,RTP,315972
2025-03-05,Tren Ligero,115242.82904
2025-03-05,Cablebús,134461
2025-03-05,Trolebús,320024
2025-03-06,Metro,3905443
2025-03-06,Metrobús,1744054
2025-03-06,RTP,313391
2025-03-06,Tren Ligero,115643.22944
2025-03-06,Cablebús,136774
2025-03-06,Trolebús,329348
2025-03-07,Metro,4013543
2025-03-07,Metrobús,1728340
2025-03-07,RTP,303175
2025-03-07,Tren Ligero,123614.41902
2025-03-07,Cablebús,136403
2025-03-07,Trolebús,326138
2025-03-08,Metro,2555599
2025-03-08,Metrobús,1038571
2025-03-08,RTP,175780
2025-03-08,Tren Ligero,72908.540725
2025-03-08,Cablebús,109055
2025-03-08,Trolebús,207637
2025-03-09,Metro,2032300
2025-03-09,Metrobús,817485
2025-03-09,RTP,149087
2025-03-09,Tren Ligero,45835.490663
2025-03-09,Cablebús,84274
2025-03-09,Trolebús,157948
2025-03-10,Metro,3830593
2025-03-10,Metrobús,1649751
2025-03-10,RTP,315922
2025-03-10,Tren Ligero,125390.90815
2025-03-10,Cablebús,136832
2025-03-10,Trolebús,320197
2025-03-11,Metro,3871076
2025-03-11,Metrobús,1727569
2025-03-11,RTP,309878
2025-03-11,Tren Ligero,130819.32506999999
2025-03-11,Cablebús,136680
2025-03-11,Trolebús,338080
2025-03-12,Metro,3940638
2025-03-12,Metrobús,1739004
2025-03-12,RTP,316089
2025-03-12,Tren Ligero,127571.24941
2025-03-12,Cablebús,137877
2025-03-12,Trolebús,332945
2025-03-13,Metro,3932745
2025-03-13,Metrobús,1746492
2025-03-13,RTP,310796
2025-03-13,Tren Ligero,127814.02092
2025-03-13,Cablebús,136221
2025-03-13,Trolebús,330123
2025-03-14,Metro,4039757
2025-03-14,Metrobús,1758206
2025-03-14,RTP,291655
2025-03-14,Tren Ligero,128607.91826
2025-03-14,Cablebús,138826
2025-03-14,Trolebús,336324
2025-03-15,Metro,3045663
2025-03-15,Metrobús,1201166
2025-03-15,RTP,194371
2025-03-15,Tren Ligero,82414.59851
2025-03-15,Cablebús,114260
2025-03-15,Trolebús,237058
2025-03-16,Metro,1926114
2025-03-16,Metrobús,867212
2025-03-16,RTP,146996
2025-03-16,Tren Ligero,43941.642792
2025-03-16,Cablebús,86593
2025-03-16,Trolebús,170751
2025-03-17,Metro,1972198
2025-03-17,Metrobús,785102
2025-03-17,RTP,164592
2025-03-17,Tren Ligero,49863.65676
2025-03-17,Cablebús,82887
2025-03-17,Trolebús,166945
2025-03-18,Metro,3893606
2025-03-18,Metrobús,1697963
2025-03-18,RTP,305539
2025-03-18,Tren Ligero,127965.89693
2025-03-18,Cablebús,138796
2025-03-18,Trolebús,327595
2025-03-19,Metro,4050660
2025-03-19,Metrobús,1773220
2025-03-19,RTP,326217
2025-03-19,Tren Ligero,131142.63689
2025-03-19,Cablebús,139343
2025-03-19,Trolebús,345630
2025-03-20,Metro,3937733
2025-03-20,Metrobús,1676743
2025-03-20,RTP,302473
2025-03-20,Tren Ligero,129144.08662
2025-03-20,Cablebús,132513
2025-03-20,Trolebús,331056
2025-03-21,Metro,4074166
2025-03-21,Metrobús,1678728
2025-03-21,RTP,291292
2025-03-21,Tren Ligero,139743.19147
2025-03-21,Cablebús,136474
2025-03-21,Trolebús,332621
2025-03-22,Metro,2936312
2025-03-22,Metrobús,1130745
2025-03-22,RTP,193027
2025-03-22,Tren Ligero,88407.94818
2025-03-22,Cablebús,106808
2025-03-22,Trolebús,232284
2025-03-23,Metro,1879769
2025-03-23,Metrobús,820254
2025-03-23,RTP,143402
2025-03-23,Tren Ligero,44016.430223
2025-03-23,Cablebús,80785
2025-03-23,Trolebús,160440
2025-03-24,Metro,3891021
2025-03-24,Metrobús,1606511
2025-03-24,RTP,301820
2025-03-24,Tren Ligero,128204.06614
2025-03-24,Cablebús,135750
2025-03-24,Trolebús,327445
2025-03-25,Metro,3915173
2025-03-25,Metrobús,1740627
2025-03-25,RTP,303129
2025-03-25,Tren Ligero,127952.09002
2025-03-25,Cablebús,134702
2025-03-25,Trolebús,343260
2025-03-26,Metro,3942997
2025-03-26,Metrobús,1698762
2025-03-26,RTP,296075
2025-03-26,Tren Ligero,125326.4759
2025-03-26,Cablebús,135360
2025-03-26,Trolebús,323734
2025-03-27,Metro,3984137
2025-03-27,Metrobús,1736283
2025-03-27,RTP,303754
2025-03-27,Tren Ligero,127321.57445
2025-03-27,Cablebús,137148
2025-03-27,Trolebús,336682
2025-03-28,Metro,4097951
2025-03-28,Metrobús,1707338
2025-03-28,RTP,292215
2025-03-28,Tren Ligero,134397.61601
2025-03-28,Cablebús,139649
2025-03-28,Trolebús,331379
2025-03-29,Metro,2990099
2025-03-29,Metrobús,1184507
2025-03-29,RTP,192265
2025-03-29,Tren Ligero,80206.64343
2025-03-29,Cablebús,115946
2025-03-29,Trolebús,235539
2025-03-30,Metro,1888961
2025-03-30,Metrobús,806508
2025-03-30,RTP,133544
2025-03-30,Tren Ligero,44787.316052
2025-03-30,Cablebús,85553
2025-03-30,Trolebús,163398
2025-03-31,Metro,3810979
2025-03-31,Metrobús,1636906
2025-03-31,RTP,301270
2025-03-31,Tren Ligero,126325.17575
2025-03-31,Cablebús,134939
2025-03-31,Trolebús,322762
2025-04-01,Metro,3891626
2025-04-01,Metrobús,1731258
2025-04-01,RTP,316493
2025-04-01,Tren Ligero,130180.75547
2025-04-01,Cablebús,137374
2025-04-01,Trolebús,338852
2025-04-02,Metro,4033868
2025-04-02,Metrobús,1733752
2025-04-02,RTP,327380
2025-04-02,Tren Ligero,129900.01496
2025-04-02,Cablebús,140006
2025-04-02,Trolebús,348171
2025-04-03,Metro,3976335
2025-04-03,Metrobús,1751470
2025-04-03,RTP,310992
2025-04-03,Tren Ligero,129584.75717
2025-04-03,Cablebús,136597
2025-04-03,Trolebús,341493
2025-04-04,Metro,4007285
2025-04-04,Metrobús,1666199
2025-04-04,RTP,297072
2025-04-04,Tren Ligero,75492.734113
2025-04-04,Cablebús,135672
2025-04-04,Trolebús,339638
2025-04-05,Metro,3038330
2025-04-05,Metrobús,1211574
2025-04-05,RTP,196226
2025-04-05,Tren Ligero,75306.340824
2025-04-05,Cablebús,112754
2025-04-05,Trolebús,236813
2025-04-06,Metro,1913105
2025-04-06,Metrobús,815001
2025-04-06,RTP,138533
2025-04-06,Tren Ligero,44912.728821
2025-04-06,Cablebús,83769
2025-04-06,Trolebús,170945
2025-04-07,Metro,3792584
2025-04-07,Metrobús,1650821
2025-04-07,RTP,298872
2025-04-07,Tren Ligero,121358.13975
2025-04-07,Cablebús,132606
2025-04-07,Trolebús,324893
2025-04-08,Metro,3856183
2025-04-08,Metrobús,1664940
2025-04-08,RTP,300530
2025-04-08,Tren Ligero,127377.95267
2025-04-08,Cablebús,133499
2025-04-08,Trolebús,336370
2025-04-09,Metro,3896811
2025-04-09,Metrobús,1712895
2025-04-09,RTP,300859
2025-04-09,Tren Ligero,127922.17505
2025-04-09,Cablebús,134287
2025-04-09,Trolebús,337133
2025-04-10,Metro,3940029
2025-04-10,Metrobús,1712239
2025-04-10,RTP,288124
2025-04-10,Tren Ligero,128872.55071
2025-04-10,Cablebús,132253
2025-04-10,Trolebús,329921
2025-04-11,Metro,3965352
2025-04-11,Metrobús,1659763
2025-04-11,RTP,284029
2025-04-11,Tren Ligero,129434.03173
2025-04-11,Cablebús,135701
2025-04-11,Trolebús,271945
2025-04-12,Metro,2964741
2025-04-12,Metrobús,1174465
2025-04-12,RTP,186654
2025-04-12,Tren Ligero,67999.033516
2025-04-12,Cablebús,110042
2025-04-12,Trolebús,217900
2025-04-13,Metro,1912460
2025-04-13,Metrobús,788662
2025-04-13,RTP,135744
2025-04-13,Tren Ligero,46171.458815
2025-04-13,Cablebús,84099
2025-04-13,Trolebús,149012
2025-04-14,Metro,3365141
2025-04-14,Metrobús,1422690
2025-04-14,RTP,244141
2025-04-14,Tren Ligero,95814.20501
2025-04-14,Cablebús,113319
2025-04-14,Trolebús,262717
2025-04-15,Metro,3419004
2025-04-15,Metrobús,1489143
2025-04-15,RTP,250886
2025-04-15,Tren Ligero,96519.50801
2025-04-15,Cablebús,111200
2025-04-15,Trolebús,286872
2025-04-16,Metro,3402864
2025-04-16,Metrobús,1548876
2025-04-16,RTP,254738
2025-04-16,Tren Ligero,92547.72013
2025-04-16,Cablebús,113962
2025-04-16,Trolebús,286266
2025-04-17,Metro,2324772
2025-04-17,Metrobús,934428
2025-04-17,RTP,170379
2025-04-17,Tren Ligero,57702.530116
2025-04-17,Cablebús,92564
2025-04-17,Trolebús,207895
2025-04-18,Metro,1619079
2025-04-18,Metrobús,731673
2025-04-18,RTP,126295
2025-04-18,Tren Ligero,39577.508543
2025-04-18,Cablebús,75571
2025-04-18,Trolebús,161507
2025-04-19,Metro,1938910
2025-04-19,Metrobús,817563
2025-04-19,RTP,149768
2025-04-19,Tren Ligero,44879.362121
2025-04-19,Cablebús,80706
2025-04-19,Trolebús,162287
2025-04-20,Metro,1666178
2025-04-20,Metrobús,681673
2025-04-20,RTP,129977
2025-04-20,Tren Ligero,37899.968934000004
2025-04-20,Cablebús,74779
2025-04-20,Trolebús,145574
2025-04-21,Metro,3377341
2025-04-21,Metrobús,1442671
2025-04-21,RTP,253860
2025-04-21,Tren Ligero,101200.05063
2025-04-21,Cablebús,112161
2025-04-21,Trolebús,276846
2025-04-22,Metro,3529254
2025-04-22,Metrobús,1562992
2025-04-22,RTP,260191
2025-04-22,Tren Ligero,105724.11491999999
2025-04-22,Cablebús,118078
2025-04-22,Trolebús,295172
2025-04-23,Metro,3659387
2025-04-23,Metrobús,1487475
2025-04-23,RTP,247831
2025-04-23,Tren Ligero,104853.12899
2025-04-23,Cablebús,119444
2025-04-23,Trolebús,293522
2025-04-24,Metro,3730006
2025-04-24,Metrobús,1557602
2025-04-24,RTP,250488
2025-04-24,Tren Ligero,106975.94146
2025-04-24,Cablebús,120875
2025-04-24,Trolebús,309140
2025-04-25,Metro,3761166
2025-04-25,Metrobús,1477347
2025-04-25,RTP,233979
2025-04-25,Tren Ligero,108561.435
2025-04-25,Cablebús,121883
2025-04-25,Trolebús,297802
2025-04-26,Metro,3019837
2025-04-26,Metrobús,1157160
2025-04-26,RTP,171659
2025-04-26,Tren Ligero,71675.123399
2025-04-26,Cablebús,112368
2025-04-26,Trolebús,207369
2025-04-27,Metro,2031251
2025-04-27,Metrobús,829153
2025-04-27,RTP,130776
2025-04-27,Tren Ligero,46495.921209
2025-04-27,Cablebús,85012
2025-04-27,Trolebús,143641
2025-04-28,Metro,3822042
2025-04-28,Metrobús,1535780
2025-04-28,RTP,264114
2025-04-28,Tren Ligero,122249.83604
2025-04-28,Cablebús,132348
2025-04-28,Trolebús,297793
2025-04-29,Metro,3821607
2025-04-29,Metrobús,1570996
2025-04-29,RTP,259581
2025-04-29,Tren Ligero,121944.93344
2025-04-29,Cablebús,131672
2025-04-29,Trolebús,285820
2025-04-30,Metro,3913370
2025-04-30,Metrobús,1698373
2025-04-30,RTP,246306
2025-04-30,Tren Ligero,120245.53289
2025-04-30,Cablebús,132596
2025-04-30,Trolebús,310342
2025-05-01,Metro,2095217
2025-05-01,Metrobús,839525
2025-05-01,RTP,127835
2025-05-01,Tren Ligero,51143.09712
2025-05-01,Cablebús,95394
2025-05-01,Trolebús,169145
2025-05-02,Metro,3669029
2025-05-02,Metrobús,1501190
2025-05-02,RTP,217199
2025-05-02,Tren Ligero,104564.33445
2025-05-02,Cablebús,137042
2025-05-02,Trolebús,267249
2025-05-03,Metro,2881345
2025-05-03,Metrobús,1163819
2025-05-03,RTP,174350
2025-05-03,Tren Ligero,68398.283341
2025-05-03,Cablebús,125079
2025-05-03,Trolebús,209554
2025-05-04,Metro,1859176
2025-05-04,Metrobús,779374
2025-05-04,RTP,126583
2025-05-04,Tren Ligero,42098.420259
2025-05-04,Cablebús,91281
2025-05-04,Trolebús,143147
2025-05-05,Metro,3247176
2025-05-05,Metrobús,1305216
2025-05-05,RTP,246266
2025-05-05,Tren Ligero,88014.45123
2025-05-05,Cablebús,121498
2025-05-05,Trolebús,220818
2025-05-06,Metro,3874772
2025-05-06,Metrobús,1655110
2025-05-06,RTP,294186
2025-05-06,Tren Ligero,114965.54025
2025-05-06,Cablebús,146554
2025-05-06,Trolebús,272363
2025-05-07,Metro,3918117
2025-05-07,Metrobús,1627273
2025-05-07,RTP,291973
2025-05-07,Tren Ligero,125349.48742
2025-05-07,Cablebús,148122
2025-05-07,Trolebús,271482
2025-05-08,Metro,3861953
2025-05-08,Metrobús,1641702
2025-05-08,RTP,287229
2025-05-08,Tren Ligero,115811.21351
2025-05-08,Cablebús,145136
2025-05-08,Trolebús,273790
2025-05-09,Metro,3901929
2025-05-09,Metrobús,1581577
2025-05-09,RTP,275614
2025-05-09,Tren Ligero,112758.73574999999
2025-05-09,Cablebús,141133
2025-05-09,Trolebús,272423
2025-05-10,Metro,2490909
2025-05-10,Metrobús,938997
2025-05-10,RTP,168139
2025-05-10,Tren Ligero,58319.238779
2025-05-10,Cablebús,114492
2025-05-10,Trolebús,187318
2025-05-11,Metro,1721362
2025-05-11,Metrobús,753316
2025-05-11,RTP,133704
2025-05-11,Tren Ligero,41154.948051
2025-05-11,Cablebús,90784
2025-05-11,Trolebús,142965
2025-05-12,Metro,3800698
2025-05-12,Metrobús,1524121
2025-05-12,RTP,306603
2025-05-12,Tren Ligero,118368.94366
2025-05-12,Cablebús,142413
2025-05-12,Trolebús,299538
2025-05-13,Metro,3824708
2025-05-13,Metrobús,1591406
2025-05-13,RTP,306958
2025-05-13,Tren Ligero,124579.75216999999
2025-05-13,Cablebús,147357
2025-05-13,Trolebús,304776
2025-05-14,Metro,3836505
2025-05-14,Metrobús,1602492
2025-05-14,RTP,294501
2025-05-14,Tren Ligero,119083.45127
2025-05-14,Cablebús,145031
2025-05-14,Trolebús,301568
2025-05-15,Metro,3617703
2025-05-15,Metrobús,1502167
2025-05-15,RTP,260733
2025-05-15,Tren Ligero,104528.6666
2025-05-15,Cablebús,130080
2025-05-15,Trolebús,271134
2025-05-16,Metro,3872200
2025-05-16,Metrobús,1554577
2025-05-16,RTP,293890
2025-05-16,Tren Ligero,113659.63665
2025-05-16,Cablebús,137988
2025-05-16,Trolebús,295283
2025-05-17,Metro,2893337
2025-05-17,Metrobús,1159849
2025-05-17,RTP,202672
2025-05-17,Tren Ligero,78966.32264
2025-05-17,Cablebús,128301
2025-05-17,Trolebús,219194
2025-05-18,Metro,1920386
2025-05-18,Metrobús,793719
2025-05-18,RTP,151070
2025-05-18,Tren Ligero,47574.010792
2025-05-18,Cablebús,96586
2025-05-18,Trolebús,180579
2025-05-19,Metro,3781372
2025-05-19,Metrobús,1560613
2025-05-19,RTP,314526
2025-05-19,Tren Ligero,122326.92463
2025-05-19,Cablebús,137486
2025-05-19,Trolebús,335222
2025-05-20,Metro,3887432
2025-05-20,Metrobús,1577838
2025-05-20,RTP,311872
2025-05-20,Tren Ligero,126745.13594000001
2025-05-20,Cablebús,144826
2025-05-20,Trolebús,351187
2025-05-21,Metro,3931481
2025-05-21,Metrobús,1599160
2025-05-21,RTP,298156
2025-05-21,Tren Ligero,125673.94980999999
2025-05-21,Cablebús,145806
2025-05-21,Trolebús,348402
2025-05-22,Metro,3987560
2025-05-22,Metrobús,1536570
2025-05-22,RTP,309362
2025-05-22,Tren Ligero,124396.8106
2025-05-22,Cablebús,142781
2025-05-22,Trolebús,356422
2025-05-23,Metro,4022543
2025-05-23,Metrobús,1574684
2025-05-23,RTP,303963
2025-05-23,Tren Ligero,122726.17445
2025-05-23,Cablebús,149075
2025-05-23,Trolebús,381418
2025-05-24,Metro,2963889
2025-05-24,Metrobús,1176020
2025-05-24,RTP,196040
2025-05-24,Tren Ligero,76889.53321
2025-05-24,Cablebús,124890
2025-05-24,Trolebús,264009
2025-05-25,Metro,1920156
2025-05-25,Metrobús,794117
2025-05-25,RTP,141202
2025-05-25,Tren Ligero,46544.245395
2025-05-25,Cablebús,96733
2025-05-25,Trolebús,181011
2025-05-26,Metro,3779287
2025-05-26,Metrobús,1524301
2025-05-26,RTP,295409
2025-05-26,Tren Ligero,117892.60525
2025-05-26,Cablebús,139341
2025-05-26,Trolebús,344768
2025-05-27,Metro,3884443
2025-05-27,Metrobús,1483996
2025-05-27,RTP,296944
2025-05-27,Tren Ligero,123790.45712
2025-05-27,Cablebús,143972
2025-05-27,Trolebús,357396
2025-05-28,Metro,4016277
2025-05-28,Metrobús,1538824
2025-05-28,RTP,284595
2025-05-28,Tren Ligero,124087.3057
2025-05-28,Cablebús,146634
2025-05-28,Trolebús,358922
2025-05-29,Metro,3934608
2025-05-29,Metrobús,1535668
2025-05-29,RTP,286663
2025-05-29,Tren Ligero,123370.49693
2025-05-29,Cablebús,141807
2025-05-29,Trolebús,362606
2025-05-30,Metro,3945651
2025-05-30,Metrobús,1509030
2025-05-30,RTP,269936
2025-05-30,Tren Ligero,116209.31276
2025-05-30,Cablebús,142800
2025-05-30,Trolebús,343599
2025-05-31,Metro,2967965
2025-05-31,Metrobús,1132704
2025-05-31,RTP,179144
2025-05-31,Tren Ligero,72172.172172
2025-05-31,Cablebús,117672
2025-05-31,Trolebús,255479
2025-06-01,Metro,1904754
2025-06-01,Metrobús,809524
2025-06-01,RTP,138756
2025-06-01,Tren Ligero,42340.041191
2025-06-01,Cablebús,92646
2025-06-01,Trolebús,185941
2025-06-02,Metro,3746512
2025-06-02,Metrobús,1555408
2025-06-02,RTP,279699
2025-06-02,Tren Ligero,116881.24907
2025-06-02,Cablebús,141731
2025-06-02,Trolebús,365136
2025-06-03,Metro,3681178
2025-06-03,Metrobús,1585069
2025-06-03,RTP,279823
2025-06-03,Tren Ligero,122697.41005
2025-06-03,Cablebús,146064
2025-06-03,Trolebús,376096
2025-06-04,Metro,3911348
2025-06-04,Metrobús,1521108
2025-06-04,RTP,290195
2025-06-04,Tren Ligero,118894.75683
2025-06-04,Cablebús,146136
2025-06-04,Trolebús,356822
2025-06-05,Metro,3976444
2025-06-05,Metrobús,1454777
2025-06-05,RTP,289765
2025-06-05,Tren Ligero,120431.92618
2025-06-05,Cablebús,144832
2025-06-05,Trolebús,366806
2025-06-06,Metro,4007336
2025-06-06,Metrobús,1503095
2025-06-06,RTP,282869
2025-06-06,Tren Ligero,122580.05132
2025-06-06,Cablebús,146101
2025-06-06,Trolebús,370723
2025-06-07,Metro,3037946
2025-06-07,Metrobús,1176873
2025-06-07,RTP,189236
2025-06-07,Tren Ligero,75174.024599
2025-06-07,Cablebús,127555
2025-06-07,Trolebús,293014
2025-06-08,Metro,1906257
2025-06-08,Metrobús,808120
2025-06-08,RTP,135943
2025-06-08,Tren Ligero,43515.929723
2025-06-08,Cablebús,95772
2025-06-08,Trolebús,200101
2025-06-09,Metro,3728737
2025-06-09,Metrobús,1528655
2025-06-09,RTP,287071
2025-06-09,Tren Ligero,118385.05172
2025-06-09,Cablebús,141623
2025-06-09,Trolebús,380745
2025-06-10,Metro,3765720
2025-06-10,Metrobús,1599559
2025-06-10,RTP,281272
2025-06-10,Tren Ligero,122473.04776
2025-06-10,Cablebús,144639
2025-06-10,Trolebús,389329
2025-06-11,Metro,3794748
2025-06-11,Metrobús,1551865
2025-06-11,RTP,276262
2025-06-11,Tren Ligero,120970.39568
2025-06-11,Cablebús,143326
2025-06-11,Trolebús,385221
2025-06-12,Metro,3788762
2025-06-12,Metrobús,1573090
2025-06-12,RTP,268762
2025-06-12,Tren Ligero,118536.92773
2025-06-12,Cablebús,136701
2025-06-12,Trolebús,387665
2025-06-13,Metro,3887545
2025-06-13,Metrobús,1642963
2025-06-13,RTP,260222
2025-06-13,Tren Ligero,119455.08727
2025-06-13,Cablebús,141874
2025-06-13,Trolebús,392941
2025-06-14,Metro,3007324
2025-06-14,Metrobús,1142455
2025-06-14,RTP,171162
2025-06-14,Tren Ligero,73321.59746
2025-06-14,Cablebús,123563
2025-06-14,Trolebús,289661
2025-06-15,Metro,1807311
2025-06-15,Metrobús,770299
2025-06-15,RTP,124469
2025-06-15,Tren Ligero,41322.932128
2025-06-15,Cablebús,90109
2025-06-15,Trolebús,196809
2025-06-16,Metro,3567787
2025-06-16,Metrobús,1494395
2025-06-16,RTP,265051
2025-06-16,Tren Ligero,110633.62213
2025-06-16,Cablebús,133115
2025-06-16,Trolebús,365846
2025-06-17,Metro,3685083
2025-06-17,Metrobús,1550148
2025-06-17,RTP,271990
2025-06-17,Tren Ligero,118845.28206
2025-06-17,Cablebús,142538
2025-06-17,Trolebús,385113
2025-06-18,Metro,3772092
2025-06-18,Metrobús,1596697
2025-06-18,RTP,272855
2025-06-18,Tren Ligero,117466.89218
2025-06-18,Cablebús,142589
2025-06-18,Trolebús,388807
2025-06-19,Metro,3627498
2025-06-19,Metrobús,1555638
2025-06-19,RTP,267711
2025-06-19,Tren Ligero,116889.3031
2025-06-19,Cablebús,139276
2025-06-19,Trolebús,385048
2025-06-20,Metro,3820535
2025-06-20,Metrobús,1593192
2025-06-20,RTP,258822
2025-06-20,Tren Ligero,117263.24025
2025-06-20,Cablebús,143046
2025-06-20,Trolebús,386728
2025-06-21,Metro,2941746
2025-06-21,Metrobús,1110144
2025-06-21,RTP,169406
2025-06-21,Tren Ligero,72883.22805599999
2025-06-21,Cablebús,117586
2025-06-21,Trolebús,278561
2025-06-22,Metro,1632229
2025-06-22,Metrobús,655187
2025-06-22,RTP,104249
2025-06-22,Tren Ligero,36724.080402
2025-06-22,Cablebús,73752
2025-06-22,Trolebús,165791
2025-06-23,Metro,3538912
2025-06-23,Metrobús,1503602
2025-06-23,RTP,254355
2025-06-23,Tren Ligero,109851.23054
2025-06-23,Cablebús,133394
2025-06-23,Trolebús,365510
2025-06-24,Metro,3574241
2025-06-24,Metrobús,1511544
2025-06-24,RTP,256051
2025-06-24,Tren Ligero,114875.79534
2025-06-24,Cablebús,135583
2025-06-24,Trolebús,364303
2025-06-25,Metro,3760921
2025-06-25,Metrobús,1585374
2025-06-25,RTP,253060
2025-06-25,Tren Ligero,112573.49303
2025-06-25,Cablebús,138827
2025-06-25,Trolebús,379982
2025-06-26,Metro,3729517
2025-06-26,Metrobús,1557473
2025-06-26,RTP,255856
2025-06-26,Tren Ligero,113215.51436
2025-06-26,Cablebús,138305
2025-06-26,Trolebús,370075
2025-06-27,Metro,3867298
2025-06-27,Metrobús,1549775
2025-06-27,RTP,247024
2025-06-27,Tren Ligero,109326.56795
2025-06-27,Cablebús,140986
2025-06-27,Trolebús,375927
2025-06-28,Metro,3226852
2025-06-28,Metrobús,1088834
2025-06-28,RTP,175091
2025-06-28,Tren Ligero,74196.035116
2025-06-28,Cablebús,127572
2025-06-28,Trolebús,272559
2025-06-29,Metro,1885660
2025-06-29,Metrobús,774878
2025-06-29,RTP,121040
2025-06-29,Tren Ligero,41955.748852
2025-06-29,Cablebús,90383
2025-06-29,Trolebús,188070
2025-06-30,Metro,3570437
2025-06-30,Metrobús,1553890
2025-06-30,RTP,257819
2025-06-30,Tren Ligero,107631.7697
2025-06-30,Cablebús,135507
2025-06-30,Trolebús,368127
2025-07-01,Metro,3731874
2025-07-01,Metrobús,1561442
2025-07-01,RTP,290028
2025-07-01,Tren Ligero,110106.65838000001
2025-07-01,Cablebús,140083
2025-07-01,Trolebús,372561
2025-07-02,Metro,3762480
2025-07-02,Metrobús,1591391
2025-07-02,RTP,291346
2025-07-02,Tren Ligero,108915.81236
2025-07-02,Cablebús,137768
2025-07-02,Trolebús,368556
2025-07-03,Metro,3759929
2025-07-03,Metrobús,1565916
2025-07-03,RTP,283518
2025-07-03,Tren Ligero,109797.15348000001
2025-07-03,Cablebús,137964
2025-07-03,Trolebús,368698
2025-07-04,Metro,3816761
2025-07-04,Metrobús,1553293
2025-07-04,RTP,281661
2025-07-04,Tren Ligero,108411.86014
2025-07-04,Cablebús,141756
2025-07-04,Trolebús,369773
2025-07-05,Metro,3037707
2025-07-05,Metrobús,1114087
2025-07-05,RTP,181971
2025-07-05,Tren Ligero,73921.047484
2025-07-05,Cablebús,124786
2025-07-05,Trolebús,277956
2025-07-06,Metro,1951132
2025-07-06,Metrobús,843453
2025-07-06,RTP,133945
2025-07-06,Tren Ligero,44065.904985
2025-07-06,Cablebús,93825
2025-07-06,Trolebús,194470
2025-07-07,Metro,3590941
2025-07-07,Metrobús,1429239
2025-07-07,RTP,279043
2025-07-07,Tren Ligero,103895.84987
2025-07-07,Cablebús,134543
2025-07-07,Trolebús,360263
2025-07-08,Metro,3634090
2025-07-08,Metrobús,1496008
2025-07-08,RTP,271296
2025-07-08,Tren Ligero,105588.34697
2025-07-08,Cablebús,137568
2025-07-08,Trolebús,366429
2025-07-09,Metro,3691820
2025-07-09,Metrobús,1615199
2025-07-09,RTP,267518
2025-07-09,Tren Ligero,103838.32108
2025-07-09,Cablebús,137641
2025-07-09,Trolebús,366384
2025-07-10,Metro,3660035
2025-07-10,Metrobús,1428315
2025-07-10,RTP,267987
2025-07-10,Tren Ligero,103622.01282
2025-07-10,Cablebús,135222
2025-07-10,Trolebús,355495
2025-07-11,Metro,3713967
2025-07-11,Metrobús,1486746
2025-07-11,RTP,255510
2025-07-11,Tren Ligero,103139.92152999999
2025-07-11,Cablebús,132393
2025-07-11,Trolebús,350895
2025-07-12,Metro,2973207
2025-07-12,Metrobús,1148486
2025-07-12,RTP,167485
2025-07-12,Tren Ligero,71494.482989
2025-07-12,Cablebús,123813
2025-07-12,Trolebús,274806
2025-07-13,Metro,1960353
2025-07-13,Metrobús,760951
2025-07-13,RTP,134269
2025-07-13,Tren Ligero,43989.966978
2025-07-13,Cablebús,92286
2025-07-13,Trolebús,191709
2025-07-14,Metro,3531702
2025-07-14,Metrobús,1469829
2025-07-14,RTP,264278
2025-07-14,Tren Ligero,101053.92749
2025-07-14,Cablebús,117878
2025-07-14,Trolebús,343805
2025-07-15,Metro,3618004
2025-07-15,Metrobús,1534739
2025-07-15,RTP,256589
2025-07-15,Tren Ligero,103607.05533
2025-07-15,Cablebús,120993
2025-07-15,Trolebús,357683
2025-07-16,Metro,3569840
2025-07-16,Metrobús,1507005
2025-07-16,RTP,273897
2025-07-16,Tren Ligero,98906.95293
2025-07-16,Cablebús,122265
2025-07-16,Trolebús,351809
2025-07-17,Metro,3665890
2025-07-17,Metrobús,1510972
2025-07-17,RTP,269615
2025-07-17,Tren Ligero,100429.1648
2025-07-17,Cablebús,119054
2025-07-17,Trolebús,357756
2025-07-18,Metro,3721257
2025-07-18,Metrobús,1539247
2025-07-18,RTP,265358
2025-07-18,Tren Ligero,102733.76825
2025-07-18,Cablebús,123029
2025-07-18,Trolebús,360216
2025-07-19,Metro,2948364
2025-07-19,Metrobús,1078160
2025-07-19,RTP,165593
2025-07-19,Tren Ligero,71932.852393
2025-07-19,Cablebús,108700
2025-07-19,Trolebús,280581
2025-07-20,Metro,1966436
2025-07-20,Metrobús,764389
2025-07-20,RTP,130089
2025-07-20,Tren Ligero,45858.50218
2025-07-20,Cablebús,83571
2025-07-20,Trolebús,198688
2025-07-21,Metro,3486488
2025-07-21,Metrobús,1465983
2025-07-21,RTP,269146
2025-07-21,Tren Ligero,97835.7668
2025-07-21,Cablebús,114951
2025-07-21,Trolebús,341903
2025-07-22,Metro,3567212
2025-07-22,Metrobús,1460528
2025-07-22,RTP,266670
2025-07-22,Tren Ligero,100188.69443999999
2025-07-22,Cablebús,117796
2025-07-22,Trolebús,355746
2025-07-23,Metro,3617211
2025-07-23,Metrobús,1466419
2025-07-23,RTP,262837
2025-07-23,Tren Ligero,100964.18257
2025-07-23,Cablebús,117313
2025-07-23,Trolebús,359183
2025-07-24,Metro,3581687
2025-07-24,Metrobús,1496563
2025-07-24,RTP,257537
2025-07-24,Tren Ligero,98473.18583
2025-07-24,Cablebús,116465
2025-07-24,Trolebús,354966
2025-07-25,Metro,3611274
2025-07-25,Metrobús,1447160
2025-07-25,RTP,246988
2025-07-25,Tren Ligero,98592.84572
2025-07-25,Cablebús,117481
2025-07-25,Trolebús,359018
2025-07-26,Metro,2954702
2025-07-26,Metrobús,1050999
2025-07-26,RTP,155271
2025-07-26,Tren Ligero,70408.339374
2025-07-26,Cablebús,109479
2025-07-26,Trolebús,279495
2025-07-27,Metro,1948187
2025-07-27,Metrobús,773413
2025-07-27,RTP,119099
2025-07-27,Tren Ligero,42845.143995
2025-07-27,Cablebús,59876
2025-07-27,Trolebús,202609
2025-07-28,Metro,3429497
2025-07-28,Metrobús,1409057
2025-07-28,RTP,242266
2025-07-28,Tren Ligero,64226.295261
2025-07-28,Cablebús,46569
2025-07-28,Trolebús,346463
2025-07-29,Metro,3487883
2025-07-29,Metrobús,1461933
2025-07-29,RTP,237443
2025-07-29,Tren Ligero,72355.113734
2025-07-29,Cablebús,49272
2025-07-29,Trolebús,367693
2025-07-30,Metro,3604013
2025-07-30,Metrobús,1492184
2025-07-30,RTP,232357
2025-07-30,Tren Ligero,72032.952493
2025-07-30,Cablebús,49986
2025-07-30,Trolebús,379477
2025-07-31,Metro,3571641
2025-07-31,Metrobús,1479125
2025-07-31,RTP,228841
2025-07-31,Tren Ligero,64265.41484
2025-07-31,Cablebús,48319
2025-07-31,Trolebús,369037
2025-08-01,Metro,3647841
2025-08-01,Metrobús,1460546
2025-08-01,RTP,246623
2025-08-01,Tren Ligero,72589
2025-08-01,Cablebús,49492
2025-08-01,Trolebús,369047
2025-08-02,Metro,3042906
2025-08-02,Metrobús,1147664
2025-08-02,RTP,161286
2025-08-02,Tren Ligero,50933
2025-08-02,Cablebús,48564
2025-08-02,Trolebús,295985
2025-08-03,Metro,1988709
2025-08-03,Metrobús,801251
2025-08-03,RTP,126409
2025-08-03,Tren Ligero,32281
2025-08-03,Cablebús,41697
2025-08-03,Trolebús,209697
2025-08-04,Metro,3623643
2025-08-04,Metrobús,1449793
2025-08-04,RTP,254411
2025-08-04,Tren Ligero,74960
2025-08-04,Cablebús,35922
2025-08-04,Trolebús,362498
2025-08-05,Metro,3704785
2025-08-05,Metrobús,1475808
2025-08-05,RTP,246063
2025-08-05,Tren Ligero,76138
2025-08-05,Cablebús,38112
2025-08-05,Trolebús,367943
2025-08-06,Metro,3641531
2025-08-06,Metrobús,1506068
2025-08-06,RTP,251951
2025-08-06,Tren Ligero,75419
2025-08-06,Cablebús,37376
2025-08-06,Trolebús,369327
2025-08-07,Metro,3658791
2025-08-07,Metrobús,1530696
2025-08-07,RTP,265862
2025-08-07,Tren Ligero,75483
2025-08-07,Cablebús,37418
2025-08-07,Trolebús,375639
2025-08-08,Metro,3768542
2025-08-08,Metrobús,1496937
2025-08-08,RTP,248916
2025-08-08,Tren Ligero,75974
2025-08-08,Cablebús,38974
2025-08-08,Trolebús,379732
2025-08-09,Metro,3016893
2025-08-09,Metrobús,1186479
2025-08-09,RTP,156248
2025-08-09,Tren Ligero,51749
2025-08-09,Cablebús,35856
2025-08-09,Trolebús,295399
2025-08-10,Metro,1995099
2025-08-10,Metrobús,771107
2025-08-10,RTP,113593
2025-08-10,Tren Ligero,32038
2025-08-10,Cablebús,31365
2025-08-10,Trolebús,206908
2025-08-11,Metro,3661591
2025-08-11,Metrobús,1447159
2025-08-11,RTP,249822
2025-08-11,Tren Ligero,78500
2025-08-11,Cablebús,122136
2025-08-11,Trolebús,357070
2025-08-12,Metro,3652148
2025-08-12,Metrobús,1500098
2025-08-12,RTP,249182
2025-08-12,Tren Ligero,80596
2025-08-12,Cablebús,129151
2025-08-12,Trolebús,366210
2025-08-13,Metro,3749705
2025-08-13,Metrobús,1528155
2025-08-13,RTP,243449
2025-08-13,Tren Ligero,80668
2025-08-13,Cablebús,131169
2025-08-13,Trolebús,372548
2025-08-14,Metro,3775575
2025-08-14,Metrobús,1626465
2025-08-14,RTP,245785
2025-08-14,Tren Ligero,78073
2025-08-14,Cablebús,130788
2025-08-14,Trolebús,418026
2025-08-15,Metro,3889814
2025-08-15,Metrobús,1541745
2025-08-15,RTP,242724
2025-08-15,Tren Ligero,80404
2025-08-15,Cablebús,138462
2025-08-15,Trolebús,394531
2025-08-16,Metro,3108577
2025-08-16,Metrobús,1209151
2025-08-16,RTP,183207
2025-08-16,Tren Ligero,53570
2025-08-16,Cablebús,130531
2025-08-16,Trolebús,305164
2025-08-17,Metro,2063839
2025-08-17,Metrobús,882516
2025-08-17,RTP,148558
2025-08-17,Tren Ligero,32573
2025-08-17,Cablebús,102619
2025-08-17,Trolebús,207462
2025-08-18,Metro,3733040
2025-08-18,Metrobús,1500754
2025-08-18,RTP,288367
2025-08-18,Tren Ligero,83015
2025-08-18,Cablebús,132541
2025-08-18,Trolebús,371599
2025-08-19,Metro,3796678
2025-08-19,Metrobús,1526312
2025-08-19,RTP,289894
2025-08-19,Tren Ligero,77873
2025-08-19,Cablebús,139176
2025-08-19,Trolebús,389232
2025-08-20,Metro,3873654
2025-08-20,Metrobús,1575259
2025-08-20,RTP,287804
2025-08-20,Tren Ligero,87779
2025-08-20,Cablebús,139675
2025-08-20,Trolebús,387787
2025-08-21,Metro,3847213
2025-08-21,Metrobús,1558038
2025-08-21,RTP,281544
2025-08-21,Tren Ligero,86419
2025-08-21,Cablebús,138524
2025-08-21,Trolebús,379753
2025-08-22,Metro,3913688
2025-08-22,Metrobús,1510534
2025-08-22,RTP,279697
2025-08-22,Tren Ligero,88984
2025-08-22,Cablebús,137195
2025-08-22,Trolebús,390362
2025-08-23,Metro,3067619
2025-08-23,Metrobús,1177532
2025-08-23,RTP,191255
2025-08-23,Tren Ligero,58698
2025-08-23,Cablebús,126262
2025-08-23,Trolebús,294279
2025-08-24,Metro,2074858
2025-08-24,Metrobús,865695
2025-08-24,RTP,143041
2025-08-24,Tren Ligero,35748
2025-08-24,Cablebús,101729
2025-08-24,Trolebús,211503
2025-08-25,Metro,3855868
2025-08-25,Metrobús,1497189
2025-08-25,RTP,295939
2025-08-25,Tren Ligero,95523
2025-08-25,Cablebús,141841
2025-08-25,Trolebús,398727
2025-08-26,Metro,3949300
2025-08-26,Metrobús,1602857
2025-08-26,RTP,295485
2025-08-26,Tren Ligero,98161
2025-08-26,Cablebús,148188
2025-08-26,Trolebús,414061
2025-08-27,Metro,4010460
2025-08-27,Metrobús,1596366
2025-08-27,RTP,279312
2025-08-27,Tren Ligero,94699
2025-08-27,Cablebús,148705
2025-08-27,Trolebús,421848
2025-08-28,Metro,4023023
2025-08-28,Metrobús,1589530
2025-08-28,RTP,280445
2025-08-28,Tren Ligero,96764
2025-08-28,Cablebús,146525
2025-08-28,Trolebús,411617
2025-08-29,Metro,4127189
2025-08-29,Metrobús,1629450
2025-08-29,RTP,275991
2025-08-29,Tren Ligero,96028
2025-08-29,Cablebús,146429
2025-08-29,Trolebús,422511
2025-08-30,Metro,3233192
2025-08-30,Metrobús,1183438
2025-08-30,RTP,169364
2025-08-30,Tren Ligero,61700
2025-08-30,Cablebús,131406
2025-08-30,Trolebús,307046
2025-08-31,Metro,2245758
2025-08-31,Metrobús,777142
2025-08-31,RTP,134000
2025-08-31,Tren Ligero,37231
2025-08-31,Cablebús,101894
2025-08-31,Trolebús,209313
2025-09-01,Metro,3879292
2025-09-01,Metrobús,1600800
2025-09-01,RTP,336735
2025-09-01,Tren Ligero,87682
2025-09-01,Cablebús,172665
2025-09-01,Trolebús,426578
2025-09-02,Metro,3960124
2025-09-02,Metrobús,1620619
2025-09-02,RTP,316976
2025-09-02,Tren Ligero,88953
2025-09-02,Cablebús,158026
2025-09-02,Trolebús,435620
2025-09-03,Metro,4060573
2025-09-03,Metrobús,1679302
2025-09-03,RTP,327419
2025-09-03,Tren Ligero,91207
2025-09-03,Cablebús,166457
2025-09-03,Trolebús,452133
2025-09-04,Metro,4061193
2025-09-04,Metrobús,1726352
2025-09-04,RTP,324115
2025-09-04,Tren Ligero,89647
2025-09-04,Cablebús,176575
2025-09-04,Trolebús,442809
2025-09-05,Metro,4224893
2025-09-05,Metrobús,1673571
2025-09-05,RTP,314847
2025-09-05,Tren Ligero,91117
2025-09-05,Cablebús,183639
2025-09-05,Trolebús,447108
2025-09-06,Metro,3210335
2025-09-06,Metrobús,1198624
2025-09-06,RTP,191892
2025-09-06,Tren Ligero,53102
2025-09-06,Cablebús,148982
2025-09-06,Trolebús,306571
2025-09-07,Metro,1985426
2025-09-07,Metrobús,829011
2025-09-07,RTP,136490
2025-09-07,Tren Ligero,30252
2025-09-07,Cablebús,103492
2025-09-07,Trolebús,203796
2025-09-08,Metro,4029297
2025-09-08,Metrobús,1636875
2025-09-08,RTP,302719
2025-09-08,Tren Ligero,90585
2025-09-08,Cablebús,177363
2025-09-08,Trolebús,431550
2025-09-09,Metro,4087887
2025-09-09,Metrobús,1705032
2025-09-09,RTP,281785
2025-09-09,Tren Ligero,93055
2025-09-09,Cablebús,175168
2025-09-09,Trolebús,439353
2025-09-10,Metro,4116776
2025-09-10,Metrobús,1646048
2025-09-10,RTP,265274
2025-09-10,Tren Ligero,90520
2025-09-10,Cablebús,174096
2025-09-10,Trolebús,410397
2025-09-11,Metro,4084541
2025-09-11,Metrobús,1725149
2025-09-11,RTP,289916
2025-09-11,Tren Ligero,91617
2025-09-11,Cablebús,180066
2025-09-11,Trolebús,391697
2025-09-12,Metro,4217101
2025-09-12,Metrobús,1661594
2025-09-12,RTP,280974
2025-09-12,Tren Ligero,90322
2025-09-12,Cablebús,180913
2025-09-12,Trolebús,429144
2025-09-13,Metro,3017129
2025-09-13,Metrobús,1129061
2025-09-13,RTP,162303
2025-09-13,Tren Ligero,49043
2025-09-13,Cablebús,138800
2025-09-13,Trolebús,284187
2025-09-14,Metro,1901119
2025-09-14,Metrobús,754825
2025-09-14,RTP,123351
2025-09-14,Tren Ligero,30898
2025-09-14,Cablebús,107731
2025-09-14,Trolebús,208675
2025-09-15,Metro,2791115
2025-09-15,Metrobús,1133025
2025-09-15,RTP,204403
2025-09-15,Tren Ligero,56831
2025-09-15,Cablebús,129377
2025-09-15,Trolebús,289102
2025-09-16,Metro,1511416
2025-09-16,Metrobús,600348
2025-09-16,RTP,128809
2025-09-16,Tren Ligero,23759
2025-09-16,Cablebús,90664
2025-09-16,Trolebús,173631
2025-09-17,Metro,3997694
2025-09-17,Metrobús,1632048
2025-09-17,RTP,332508
2025-09-17,Tren Ligero,92769
2025-09-17,Cablebús,172690
2025-09-17,Trolebús,433352
2025-09-18,Metro,4105822
2025-09-18,Metrobús,1698176
2025-09-18,RTP,326800
2025-09-18,Tren Ligero,96820
2025-09-18,Cablebús,177756
2025-09-18,Trolebús,438430
2025-09-19,Metro,4144573
2025-09-19,Metrobús,1688099
2025-09-19,RTP,314387
2025-09-19,Tren Ligero,94419
2025-09-19,Cablebús,179646
2025-09-19,Trolebús,436065
2025-09-20,Metro,3045173
2025-09-20,Metrobús,1132023
2025-09-20,RTP,185425
2025-09-20,Tren Ligero,52678
2025-09-20,Cablebús,142088
2025-09-20,Trolebús,297036
2025-09-21,Metro,1894097
2025-09-21,Metrobús,804669
2025-09-21,RTP,132627
2025-09-21,Tren Ligero,31561
2025-09-21,Cablebús,106197
2025-09-21,Trolebús,198122
2025-09-22,Metro,3945771
2025-09-22,Metrobús,1604803
2025-09-22,RTP,309636
2025-09-22,Tren Ligero,94940
2025-09-22,Cablebús,177530
2025-09-22,Trolebús,429989
2025-09-23,Metro,4064414
2025-09-23,Metrobús,1675925
2025-09-23,RTP,289909
2025-09-23,Tren Ligero,96985
2025-09-23,Cablebús,178016
2025-09-23,Trolebús,434337
2025-09-24,Metro,4164926
2025-09-24,Metrobús,1662137
2025-09-24,RTP,284224
2025-09-24,Tren Ligero,97871
2025-09-24,Cablebús,181252
2025-09-24,Trolebús,445787
2025-09-25,Metro,4058674
2025-09-25,Metrobús,1712751
2025-09-25,RTP,260323
2025-09-25,Tren Ligero,96536
2025-09-25,Cablebús,174025
2025-09-25,Trolebús,433575
2025-09-26,Metro,4052583
2025-09-26,Metrobús,1534732
2025-09-26,RTP,236749
2025-09-26,Tren Ligero,95228
2025-09-26,Cablebús,155860
2025-09-26,Trolebús,430316
2025-09-27,Metro,3001072
2025-09-27,Metrobús,1150630
2025-09-27,RTP,111962
2025-09-27,Tren Ligero,54548
2025-09-27,Cablebús,136252
2025-09-27,Trolebús,307210
2025-09-28,Metro,1899927
2025-09-28,Metrobús,788004
2025-09-28,RTP,109684
2025-09-28,Tren Ligero,32164
2025-09-28,Cablebús,108546
2025-09-28,Trolebús,211733
2025-09-29,Metro,3843983
2025-09-29,Metrobús,1562069
2025-09-29,RTP,302098
2025-09-29,Tren Ligero,93335
2025-09-29,Cablebús,170089
2025-09-29,Trolebús,411520
2025-09-30,Metro,3916779
2025-09-30,Metrobús,1681060
2025-09-30,RTP,314239
2025-09-30,Tren Ligero,95490
2025-09-30,Cablebús,174642
2025-09-30,Trolebús,424791
2025-10-01,Metro,4026289
2025-10-01,Metrobús,1697467
2025-10-01,RTP,344522
2025-10-01,Tren Ligero,103669.18643
2025-10-01,Cablebús,158449
2025-10-01,Trolebús,427798
2025-10-02,Metro,3645553
2025-10-02,Metrobús,1620461
2025-10-02,RTP,321626
2025-10-02,Tren Ligero,100341.72103
2025-10-02,Cablebús,148289
2025-10-02,Trolebús,389265
2025-10-03,Metro,4083494
2025-10-03,Metrobús,1642727
2025-10-03,RTP,325001
2025-10-03,Tren Ligero,104879.59224
2025-10-03,Cablebús,161682
2025-10-03,Trolebús,411643
2025-10-04,Metro,3076010
2025-10-04,Metrobús,1169914
2025-10-04,RTP,197288
2025-10-04,Tren Ligero,59529.644587
2025-10-04,Cablebús,165321
2025-10-04,Trolebús,291046
2025-10-05,Metro,2200172
2025-10-05,Metrobús,839238
2025-10-05,RTP,153179
2025-10-05,Tren Ligero,38821.580201
2025-10-05,Cablebús,94119
2025-10-05,Trolebús,209728
2025-10-06,Metro,3957966
2025-10-06,Metrobús,1611088
2025-10-06,RTP,332563
2025-10-06,Tren Ligero,102484.09329
2025-10-06,Cablebús,153252
2025-10-06,Trolebús,423290
2025-10-07,Metro,4013457
2025-10-07,Metrobús,1646102
2025-10-07,RTP,328518
2025-10-07,Tren Ligero,105749.42759
2025-10-07,Cablebús,154970
2025-10-07,Trolebús,426546
2025-10-08,Metro,3990030
2025-10-08,Metrobús,1687178
2025-10-08,RTP,309978
2025-10-08,Tren Ligero,100690.34552
2025-10-08,Cablebús,150540
2025-10-08,Trolebús,420995
2025-10-09,Metro,3964975
2025-10-09,Metrobús,1697498
2025-10-09,RTP,304525
2025-10-09,Tren Ligero,100256.57842
2025-10-09,Cablebús,149857
2025-10-09,Trolebús,420611
2025-10-10,Metro,4127949
2025-10-10,Metrobús,1624153
2025-10-10,RTP,291535
2025-10-10,Tren Ligero,104207.65593000001
2025-10-10,Cablebús,157752
2025-10-10,Trolebús,428734
2025-10-11,Metro,3066573
2025-10-11,Metrobús,1159229
2025-10-11,RTP,188164
2025-10-11,Tren Ligero,54876.715796000004
2025-10-11,Cablebús,128216
2025-10-11,Trolebús,294837
2025-10-12,Metro,2008167
2025-10-12,Metrobús,839701
2025-10-12,RTP,142182
2025-10-12,Tren Ligero,36953.044999
2025-10-12,Cablebús,101751
2025-10-12,Trolebús,211458
2025-10-13,Metro,3968885
2025-10-13,Metrobús,1606393
2025-10-13,RTP,307205
2025-10-13,Tren Ligero,104024.71437
2025-10-13,Cablebús,159906
2025-10-13,Trolebús,428548
2025-10-14,Metro,4062105
2025-10-14,Metrobús,1679999
2025-10-14,RTP,299219
2025-10-14,Tren Ligero,105870.23805
2025-10-14,Cablebús,159508
2025-10-14,Trolebús,435588
2025-10-15,Metro,4134680
2025-10-15,Metrobús,1691917
2025-10-15,RTP,286577
2025-10-15,Tren Ligero,106448.97771
2025-10-15,Cablebús,159944
2025-10-15,Trolebús,436855
2025-10-16,Metro,4170914
2025-10-16,Metrobús,1747184
2025-10-16,RTP,332285
2025-10-16,Tren Ligero,102745.27401
2025-10-16,Cablebús,163278
2025-10-16,Trolebús,443879
2025-10-17,Metro,4216502
2025-10-17,Metrobús,1660673
2025-10-17,RTP,326815
2025-10-17,Tren Ligero,103899.3016
2025-10-17,Cablebús,164658
2025-10-17,Trolebús,427277
2025-10-18,Metro,3509333
2025-10-18,Metrobús,1168894
2025-10-18,RTP,217660
2025-10-18,Tren Ligero,62254.208231
2025-10-18,Cablebús,139099
2025-10-18,Trolebús,309304
2025-10-19,Metro,2151621
2025-10-19,Metrobús,886372
2025-10-19,RTP,157769
2025-10-19,Tren Ligero,39133.38626
2025-10-19,Cablebús,106167
2025-10-19,Trolebús,218969
2025-10-20,Metro,3980758
2025-10-20,Metrobús,1605589
2025-10-20,RTP,320659
2025-10-20,Tren Ligero,98900.04947
2025-10-20,Cablebús,159074
2025-10-20,Trolebús,445793
2025-10-21,Metro,4107677
2025-10-21,Metrobús,1694015
2025-10-21,RTP,342833
2025-10-21,Tren Ligero,103762.38307
2025-10-21,Cablebús,159979
2025-10-21,Trolebús,462445
2025-10-22,Metro,4138340
2025-10-22,Metrobús,1727029
2025-10-22,RTP,342930
2025-10-22,Tren Ligero,99957.42869
2025-10-22,Cablebús,163267
2025-10-22,Trolebús,455857
2025-10-23,Metro,4145006
2025-10-23,Metrobús,1749525
2025-10-23,RTP,344152
2025-10-23,Tren Ligero,96673.68518
2025-10-23,Cablebús,161742
2025-10-23,Trolebús,460434
2025-10-24,Metro,4295849
2025-10-24,Metrobús,1703044
2025-10-24,RTP,319678
2025-10-24,Tren Ligero,93132.21267000001
2025-10-24,Cablebús,164958
2025-10-24,Trolebús,459885
2025-10-25,Metro,3429185
2025-10-25,Metrobús,1282110
2025-10-25,RTP,199621
2025-10-25,Tren Ligero,59321.390356
2025-10-25,Cablebús,139666
2025-10-25,Trolebús,331928
2025-10-26,Metro,2446913
2025-10-26,Metrobús,865148
2025-10-26,RTP,149870
2025-10-26,Tren Ligero,40245.99312
2025-10-26,Cablebús,109625
2025-10-26,Trolebús,233988
2025-10-27,Metro,3990997
2025-10-27,Metrobús,1578600
2025-10-27,RTP,312929
2025-10-27,Tren Ligero,100479.79013
2025-10-27,Cablebús,161206
2025-10-27,Trolebús,473294
2025-10-28,Metro,4266859
2025-10-28,Metrobús,1633395
2025-10-28,RTP,329454
2025-10-28,Tren Ligero,105064.83495
2025-10-28,Cablebús,163172
2025-10-28,Trolebús,469480
2025-10-29,Metro,3965509
2025-10-29,Metrobús,1627555
2025-10-29,RTP,281781
2025-10-29,Tren Ligero,96045.47076
2025-10-29,Cablebús,155091
2025-10-29,Trolebús,441100
2025-10-30,Metro,4189769
2025-10-30,Metrobús,1732358
2025-10-30,RTP,300911
2025-10-30,Tren Ligero,102614.10836
2025-10-30,Cablebús,167330
2025-10-30,Trolebús,465105
2025-10-31,Metro,4240602
2025-10-31,Metrobús,1695080
2025-10-31,RTP,273680
2025-10-31,Tren Ligero,97685.04136
2025-10-31,Cablebús,162009
2025-10-31,Trolebús,451922
2025-11-01,Metro,3393817
2025-11-01,Metrobús,1037990
2025-11-01,RTP,204456.5
2025-11-01,Tren Ligero,53131
2025-11-01,Cablebús,142563
2025-11-01,Trolebús,292087
2025-11-02,Metro,2187079
2025-11-02,Metrobús,798233
2025-11-02,RTP,169125.5
2025-11-02,Tren Ligero,35217
2025-11-02,Cablebús,101742
2025-11-02,Trolebús,218631
2025-11-03,Metro,4388558
2025-11-03,Metrobús,1620754
2025-11-03,RTP,385690.5
2025-11-03,Tren Ligero,96077
2025-11-03,Cablebús,158443
2025-11-03,Trolebús,425334
2025-11-04,Metro,4590992
2025-11-04,Metrobús,1668838
2025-11-04,RTP,372923.5
2025-11-04,Tren Ligero,100575
2025-11-04,Cablebús,162641
2025-11-04,Trolebús,441135
2025-11-05,Metro,4716631
2025-11-05,Metrobús,1714315
2025-11-05,RTP,364720.5
2025-11-05,Tren Ligero,106092
2025-11-05,Cablebús,166638
2025-11-05,Trolebús,453016
2025-11-06,Metro,4665274
2025-11-06,Metrobús,1744992
2025-11-06,RTP,355419
2025-11-06,Tren Ligero,97063
2025-11-06,Cablebús,163829
2025-11-06,Trolebús,441421
2025-11-07,Metro,4703468
2025-11-07,Metrobús,1703534
2025-11-07,RTP,344291.5
2025-11-07,Tren Ligero,104263
2025-11-07,Cablebús,166741
2025-11-07,Trolebús,438911
2025-11-08,Metro,3639239
2025-11-08,Metrobús,1193473
2025-11-08,RTP,222239
2025-11-08,Tren Ligero,60089
2025-11-08,Cablebús,135145
2025-11-08,Trolebús,308114
2025-11-09,Metro,2333728
2025-11-09,Metrobús,869380
2025-11-09,RTP,164687
2025-11-09,Tren Ligero,35485
2025-11-09,Cablebús,103704
2025-11-09,Trolebús,223631
2025-11-10,Metro,4543854
2025-11-10,Metrobús,1604623
2025-11-10,RTP,348151.5
2025-11-10,Tren Ligero,102736
2025-11-10,Cablebús,156662
2025-11-10,Trolebús,413519
2025-11-11,Metro,4599771
2025-11-11,Metrobús,1676576
2025-11-11,RTP,336002
2025-11-11,Tren Ligero,100336
2025-11-11,Cablebús,162284
2025-11-11,Trolebús,434750
2025-11-12,Metro,4746750
2025-11-12,Metrobús,1695187
2025-11-12,RTP,328298.5
2025-11-12,Tren Ligero,103770
2025-11-12,Cablebús,163822
2025-11-12,Trolebús,436702
2025-11-13,Metro,4737230
2025-11-13,Metrobús,1738398
2025-11-13,RTP,325813.5
2025-11-13,Tren Ligero,102532
2025-11-13,Cablebús,166988
2025-11-13,Trolebús,447562
2025-11-14,Metro,4890645
2025-11-14,Metrobús,1729764
2025-11-14,RTP,304549
2025-11-14,Tren Ligero,108145
2025-11-14,Cablebús,165920
2025-11-14,Trolebús,438296
2025-11-15,Metro,3275202
2025-11-15,Metrobús,1135781
2025-11-15,RTP,199166
2025-11-15,Tren Ligero,57940
2025-11-15,Cablebús,131207
2025-11-15,Trolebús,297471
2025-11-16,Metro,2461455
2025-11-16,Metrobús,937515
2025-11-16,RTP,136209
2025-11-16,Tren Ligero,35643
2025-11-16,Cablebús,106574
2025-11-16,Trolebús,226055
2025-11-17,Metro,2694580
2025-11-17,Metrobús,884726
2025-11-17,RTP,138751
2025-11-17,Tren Ligero,41628
2025-11-17,Cablebús,106659
2025-11-17,Trolebús,252393
2025-11-18,Metro,4622523
2025-11-18,Metrobús,1657535
2025-11-18,RTP,265414
2025-11-18,Tren Ligero,100779
2025-11-18,Cablebús,161051
2025-11-18,Trolebús,434185
2025-11-19,Metro,4748450
2025-11-19,Metrobús,1665866
2025-11-19,RTP,262363
2025-11-19,Tren Ligero,104592
2025-11-19,Cablebús,164784
2025-11-19,Trolebús,437403
2025-11-20,Metro,4407217
2025-11-20,Metrobús,1591959
2025-11-20,RTP,254871
2025-11-20,Tren Ligero,98681
2025-11-20,Cablebús,160171
2025-11-20,Trolebús,418753
2025-11-21,Metro,4756221
2025-11-21,Metrobús,1646591
2025-11-21,RTP,198373
2025-11-21,Tren Ligero,101073
2025-11-21,Cablebús,164841
2025-11-21,Trolebús,432135
2025-11-22,Metro,3650491
2025-11-22,Metrobús,1174422
2025-11-22,RTP,94442
2025-11-22,Tren Ligero,58678
2025-11-22,Cablebús,136358
2025-11-22,Trolebús,308658
2025-11-23,Metro,2398244
2025-11-23,Metrobús,853689
2025-11-23,RTP,71013
2025-11-23,Tren Ligero,34645
2025-11-23,Cablebús,100084
2025-11-23,Trolebús,212535
2025-11-24,Metro,4297093
2025-11-24,Metrobús,1488838
2025-11-24,RTP,151037
2025-11-24,Tren Ligero,97656
2025-11-24,Cablebús,150785
2025-11-24,Trolebús,410081
2025-11-25,Metro,4433007
2025-11-25,Metrobús,1608404
2025-11-25,RTP,161620
2025-11-25,Tren Ligero,100535
2025-11-25,Cablebús,162066
2025-11-25,Trolebús,437094
2025-11-26,Metro,4710848
2025-11-26,Metrobús,1625924
2025-11-26,RTP,162395
2025-11-26,Tren Ligero,102761
2025-11-26,Cablebús,163186
2025-11-26,Trolebús,432615
2025-11-27,Metro,4656732
2025-11-27,Metrobús,1704909
2025-11-27,RTP,152836
2025-11-27,Tren Ligero,101492
2025-11-27,Cablebús,159909
2025-11-27,Trolebús,431064
2025-11-28,Metro,4890902
2025-11-28,Metrobús,1662438
2025-11-28,RTP,148250
2025-11-28,Tren Ligero,102165
2025-11-28,Cablebús,165231
2025-11-28,Trolebús,427397
2025-11-29,Metro,3950910
2025-11-29,Metrobús,1217949
2025-11-29,RTP,89546
2025-11-29,Tren Ligero,62158
2025-11-29,Cablebús,136978
2025-11-29,Trolebús,317921
2025-11-30,Metro,2544536
2025-11-30,Metrobús,885525
2025-11-30,RTP,64279
2025-11-30,Tren Ligero,37187
2025-11-30,Cablebús,104100
2025-11-30,Trolebús,235751
2025-12-01,Metro,4129443
2025-12-01,Metrobús,1617765
2025-12-01,RTP,162472.1854769
2025-12-01,Tren Ligero,92929
2025-12-01,Cablebús,161364
2025-12-01,Trolebús,434849
2025-12-02,Metro,4209592
2025-12-02,Metrobús,1643086
2025-12-02,RTP,167751.1650959
2025-12-02,Tren Ligero,98629
2025-12-02,Cablebús,163399
2025-12-02,Trolebús,448842
2025-12-03,Metro,4236256
2025-12-03,Metrobús,1629808
2025-12-03,RTP,160526.1029294
2025-12-03,Tren Ligero,92031
2025-12-03,Cablebús,160864
2025-12-03,Trolebús,479575
2025-12-04,Metro,4218312
2025-12-04,Metrobús,1712502
2025-12-04,RTP,157979.3470945
2025-12-04,Tren Ligero,97401
2025-12-04,Cablebús,161097
2025-12-04,Trolebús,415542
2025-12-05,Metro,4298214
2025-12-05,Metrobús,1715578
2025-12-05,RTP,149592.8015866
2025-12-05,Tren Ligero,93815
2025-12-05,Cablebús,166282
2025-12-05,Trolebús,452366
2025-12-06,Metro,3654371
2025-12-06,Metrobús,1170677
2025-12-06,RTP,92490
2025-12-06,Tren Ligero,59445
2025-12-06,Cablebús,139108
2025-12-06,Trolebús,314814
2025-12-07,Metro,2306615
2025-12-07,Metrobús,833969
2025-12-07,RTP,65152
2025-12-07,Tren Ligero,34799
2025-12-07,Cablebús,105890
2025-12-07,Trolebús,235596
2025-12-08,Metro,4102150
2025-12-08,Metrobús,1586252
2025-12-08,RTP,137543.1456979
2025-12-08,Tren Ligero,92309
2025-12-08,Cablebús,159074
2025-12-08,Trolebús,436408
2025-12-09,Metro,4247815
2025-12-09,Metrobús,1672027
2025-12-09,RTP,135687.6534066
2025-12-09,Tren Ligero,95096
2025-12-09,Cablebús,163287
2025-12-09,Trolebús,445281
2025-12-10,Metro,4301986
2025-12-10,Metrobús,1711184
2025-12-10,RTP,128112.6628518
2025-12-10,Tren Ligero,92295
2025-12-10,Cablebús,162579
2025-12-10,Trolebús,438435
2025-12-11,Metro,4267560
2025-12-11,Metrobús,1528548
2025-12-11,RTP,110460.717554
2025-12-11,Tren Ligero,90013
2025-12-11,Cablebús,154509
2025-12-11,Trolebús,431064
2025-12-12,Metro,3772424
2025-12-12,Metrobús,1382993
2025-12-12,RTP,96171.2814525
2025-12-12,Tren Ligero,72676
2025-12-12,Cablebús,140429
2025-12-12,Trolebús,366344
2025-12-13,Metro,3378982
2025-12-13,Metrobús,1246149
2025-12-13,RTP,68913
2025-12-13,Tren Ligero,56570
2025-12-13,Cablebús,139271
2025-12-13,Trolebús,321909
2025-12-14,Metro,2336692
2025-12-14,Metrobús,883679
2025-12-14,RTP,48771
2025-12-14,Tren Ligero,36656
2025-12-14,Cablebús,107787
2025-12-14,Trolebús,230832
2025-12-15,Metro,4033360
2025-12-15,Metrobús,1548658
2025-12-15,RTP,96548.1884637
2025-12-15,Tren Ligero,85009
2025-12-15,Cablebús,151593
2025-12-15,Trolebús,424374
2025-12-16,Metro,4042589
2025-12-16,Metrobús,1634204
2025-12-16,RTP,122752.7250151
2025-12-16,Tren Ligero,75652
2025-12-16,Cablebús,154639
2025-12-16,Trolebús,428169
2025-12-17,Metro,4006070
2025-12-17,Metrobús,1605724
2025-12-17,RTP,111391.05867679999
2025-12-17,Tren Ligero,82543
2025-12-17,Cablebús,153111
2025-12-17,Trolebús,412513
2025-12-18,Metro,3964374
2025-12-18,Metrobús,1609799
2025-12-18,RTP,103223.2371994
2025-12-18,Tren Ligero,80692
2025-12-18,Cablebús,149737
2025-12-18,Trolebús,403031
2025-12-19,Metro,4066291
2025-12-19,Metrobús,1632350
2025-12-19,RTP,105054.60218829999
2025-12-19,Tren Ligero,82898
2025-12-19,Cablebús,152390
2025-12-19,Trolebús,397554
2025-12-20,Metro,3436643
2025-12-20,Metrobús,1195800
2025-12-20,RTP,72144
2025-12-20,Tren Ligero,55426
2025-12-20,Cablebús,138526
2025-12-20,Trolebús,327542
2025-12-21,Metro,2583463
2025-12-21,Metrobús,869630
2025-12-21,RTP,51750
2025-12-21,Tren Ligero,37390
2025-12-21,Cablebús,113420
2025-12-21,Trolebús,244510
2025-12-22,Metro,3768119
2025-12-22,Metrobús,1390274
2025-12-22,RTP,84143.3918449
2025-12-22,Tren Ligero,59294
2025-12-22,Cablebús,137825
2025-12-22,Trolebús,364971
2025-12-23,Metro,3622204
2025-12-23,Metrobús,1347620
2025-12-23,RTP,81467.7041271
2025-12-23,Tren Ligero,58331
2025-12-23,Cablebús,138347
2025-12-23,Trolebús,358505
2025-12-24,Metro,2495453
2025-12-24,Metrobús,884534
2025-12-24,RTP,59827.0586775
2025-12-24,Tren Ligero,38614
2025-12-24,Cablebús,111192
2025-12-24,Trolebús,266119
2025-12-25,Metro,1085554
2025-12-25,Metrobús,443592
2025-12-25,RTP,24209.821482
2025-12-25,Tren Ligero,15091
2025-12-25,Cablebús,73527
2025-12-25,Trolebús,138075
2025-12-26,Metro,3012184
2025-12-26,Metrobús,1104338
2025-12-26,RTP,65686.115365
2025-12-26,Tren Ligero,46418
2025-12-26,Cablebús,122984
2025-12-26,Trolebús,305121
2025-12-27,Metro,2831817
2025-12-27,Metrobús,995898
2025-12-27,RTP,50193
2025-12-27,Tren Ligero,38221
2025-12-27,Cablebús,125889
2025-12-27,Trolebús,273414
2025-12-28,Metro,2109569
2025-12-28,Metrobús,789311
2025-12-28,RTP,37569
2025-12-28,Tren Ligero,27046
2025-12-28,Cablebús,105196
2025-12-28,Trolebús,221799
2025-12-29,Metro,3245622
2025-12-29,Metrobús,1143728
2025-12-29,RTP,68863.9418204
2025-12-29,Tren Ligero,50095
2025-12-29,Cablebús,128762
2025-12-29,Trolebús,324067
2025-12-30,Metro,3173998
2025-12-30,Metrobús,1118117
2025-12-30,RTP,63411.3500746
2025-12-30,Tren Ligero,49703
2025-12-30,Cablebús,128345
2025-12-30,Trolebús,324242
2025-12-31,Metro,2301456
2025-12-31,Metrobús,810377
2025-12-31,RTP,49702.002984
2025-12-31,Tren Ligero,35559
2025-12-31,Cablebús,99494
2025-12-31,Trolebús,239473
2026-01-01,Metro,1016060
2026-01-01,Metrobús,417479.08436
2026-01-01,RTP,22172
2026-01-01,Tren Ligero,15566.140853
2026-01-01,Cablebús,78145
2026-01-01,Trolebús,139134
2026-01-02,Metro,2819551
2026-01-02,Metrobús,1074115
2026-01-02,RTP,56740
2026-01-02,Tren Ligero,43816.230023
2026-01-02,Cablebús,108051
2026-01-02,Trolebús,291203
2026-01-03,Metro,2815078
2026-01-03,Metrobús,996497
2026-01-03,RTP,42966
2026-01-03,Tren Ligero,38934.336635
2026-01-03,Cablebús,125612
2026-01-03,Trolebús,273852
2026-01-04,Metro,2136563
2026-01-04,Metrobús,802530
2026-01-04,RTP,40876
2026-01-04,Tren Ligero,26145.685916
2026-01-04,Cablebús,108670
2026-01-04,Trolebús,228650
2026-01-05,Metro,3712823
2026-01-05,Metrobús,1406954
2026-01-05,RTP,103283
2026-01-05,Tren Ligero,66221.393808
2026-01-05,Cablebús,154228
2026-01-05,Trolebús,405493
2026-01-06,Metro,3243557
2026-01-06,Metrobús,1333373
2026-01-06,RTP,110816
2026-01-06,Tren Ligero,65481.573528
2026-01-06,Cablebús,130634
2026-01-06,Trolebús,370602
2026-01-07,Metro,3660137
2026-01-07,Metrobús,1426735
2026-01-07,RTP,135992
2026-01-07,Tren Ligero,77001.13907
2026-01-07,Cablebús,139354
2026-01-07,Trolebús,386976
2026-01-08,Metro,3673412
2026-01-08,Metrobús,1465419
2026-01-08,RTP,158691
2026-01-08,Tren Ligero,76040.408224
2026-01-08,Cablebús,143320
2026-01-08,Trolebús,417130
2026-01-09,Metro,3859859
2026-01-09,Metrobús,1571789
2026-01-09,RTP,211924
2026-01-09,Tren Ligero,73560.917239
2026-01-09,Cablebús,151274
2026-01-09,Trolebús,406231
2026-01-10,Metro,2817434
2026-01-10,Metrobús,1083201
2026-01-10,RTP,116662
2026-01-10,Tren Ligero,46838.792816
2026-01-10,Cablebús,127951
2026-01-10,Trolebús,297968
2026-01-11,Metro,1788002
2026-01-11,Metrobús,758690
2026-01-11,RTP,91773
2026-01-11,Tren Ligero,22585.804195
2026-01-11,Cablebús,98171
2026-01-11,Trolebús,210841
2026-01-12,Metro,3669276
2026-01-12,Metrobús,1519536
2026-01-12,RTP,252959
2026-01-12,Tren Ligero,80152.56636
2026-01-12,Cablebús,145175
2026-01-12,Trolebús,389569
2026-01-13,Metro,3647501
2026-01-13,Metrobús,1510396
2026-01-13,RTP,297367
2026-01-13,Tren Ligero,86206.89655
2026-01-13,Cablebús,142828
2026-01-13,Trolebús,392123
2026-01-14,Metro,3701194
2026-01-14,Metrobús,1553073
2026-01-14,RTP,322151
2026-01-14,Tren Ligero,83541.01228
2026-01-14,Cablebús,141548
2026-01-14,Trolebús,415580
2026-01-15,Metro,3729919
2026-01-15,Metrobús,1551678
2026-01-15,RTP,332942
2026-01-15,Tren Ligero,84222.15319
2026-01-15,Cablebús,143850
2026-01-15,Trolebús,408057
2026-01-16,Metro,3818763
2026-01-16,Metrobús,1541609
2026-01-16,RTP,333654
2026-01-16,Tren Ligero,84631.75819
2026-01-16,Cablebús,147806
2026-01-16,Trolebús,410931
2026-01-17,Metro,2980226
2026-01-17,Metrobús,1109002
2026-01-17,RTP,206391
2026-01-17,Tren Ligero,53033.493263
2026-01-17,Cablebús,129826
2026-01-17,Trolebús,308125
2026-01-18,Metro,1872779
2026-01-18,Metrobús,773580
2026-01-18,RTP,141324
2026-01-18,Tren Ligero,29958.694327
2026-01-18,Cablebús,95893
2026-01-18,Trolebús,209975
2026-01-19,Metro,3710496
2026-01-19,Metrobús,1533115
2026-01-19,RTP,343316
2026-01-19,Tren Ligero,82512.39745
2026-01-19,Cablebús,146673
2026-01-19,Trolebús,411725
2026-01-20,Metro,3734885
2026-01-20,Metrobús,1563254
2026-01-20,RTP,358431
2026-01-20,Tren Ligero,88546.01728
2026-01-20,Cablebús,143561
2026-01-20,Trolebús,422950
2026-01-21,Metro,3759042
2026-01-21,Metrobús,1568791
2026-01-21,RTP,344616
2026-01-21,Tren Ligero,84379.78208
2026-01-21,Cablebús,141439
2026-01-21,Trolebús,428568
2026-01-22,Metro,3780534
2026-01-22,Metrobús,1590783
2026-01-22,RTP,377105
2026-01-22,Tren Ligero,76960.86891
2026-01-22,Cablebús,144937
2026-01-22,Trolebús,419678
2026-01-23,Metro,3848496
2026-01-23,Metrobús,1558163
2026-01-23,RTP,350578
2026-01-23,Tren Ligero,89224.85704
2026-01-23,Cablebús,149020
2026-01-23,Trolebús,412003
2026-01-24,Metro,2981888
2026-01-24,Metrobús,1096148
2026-01-24,RTP,209414
2026-01-24,Tren Ligero,55122.939031
2026-01-24,Cablebús,119588
2026-01-24,Trolebús,309600
2026-01-25,Metro,1896356
2026-01-25,Metrobús,804923
2026-01-25,RTP,146279
2026-01-25,Tren Ligero,31981.406694
2026-01-25,Cablebús,93586
2026-01-25,Trolebús,210115
2026-01-26,Metro,3732947
2026-01-26,Metrobús,1497227
2026-01-26,RTP,382489
2026-01-26,Tren Ligero,85090.83796
2026-01-26,Cablebús,146805
2026-01-26,Trolebús,404315
2026-01-27,Metro,3767125
2026-01-27,Metrobús,1582980
2026-01-27,RTP,354733
2026-01-27,Tren Ligero,76590.38349000001
2026-01-27,Cablebús,149953
2026-01-27,Trolebús,418360
2026-01-28,Metro,3817629
2026-01-28,Metrobús,1591648
2026-01-28,RTP,301209
2026-01-28,Tren Ligero,86111.39876
2026-01-28,Cablebús,144766
2026-01-28,Trolebús,414840
2026-01-29,Metro,3850144
2026-01-29,Metrobús,1581798
2026-01-29,RTP,343428
2026-01-29,Tren Ligero,87579.53356
2026-01-29,Cablebús,148623
2026-01-29,Trolebús,415816
2026-01-30,Metro,3980541
2026-01-30,Metrobús,1613847
2026-01-30,RTP,339820
2026-01-30,Tren Ligero,88670.27947
2026-01-30,Cablebús,152458
2026-01-30,Trolebús,433001
2026-01-31,Metro,2966947
2026-01-31,Metrobús,1113846
2026-01-31,RTP,209039
2026-01-31,Tren Ligero,54861.75831
2026-01-31,Cablebús,118981
2026-01-31,Trolebús,302012
2026-02-01,Metro,1950849
2026-02-01,Metrobús,808875
2026-02-01,RTP,155014
2026-02-01,Tren Ligero,38563.851208
2026-02-01,Cablebús,91017
2026-02-01,Trolebús,209954.2720149
2026-02-02,Metro,1965346
2026-02-02,Metrobús,757899
2026-02-02,RTP,176823
2026-02-02,Tren Ligero,38892.915904
2026-02-02,Cablebús,83864
2026-02-02,Trolebús,220512.842459
2026-02-03,Metro,3987151
2026-02-03,Metrobús,1643591
2026-02-03,RTP,375587
2026-02-03,Tren Ligero,113510.06179
2026-02-03,Cablebús,137940
2026-02-03,Trolebús,439641.33161060006
2026-02-04,Metro,4008922
2026-02-04,Metrobús,1663891
2026-02-04,RTP,380923
2026-02-04,Tren Ligero,115490.20285
2026-02-04,Cablebús,139291
2026-02-04,Trolebús,428615.7956561
2026-02-05,Metro,4011197
2026-02-05,Metrobús,1646186
2026-02-05,RTP,394690
2026-02-05,Tren Ligero,115123.16915
2026-02-05,Cablebús,138052
2026-02-05,Trolebús,427861.24486710003
2026-02-06,Metro,4142476
2026-02-06,Metrobús,1651017
2026-02-06,RTP,489304
2026-02-06,Tren Ligero,113231.62243
2026-02-06,Cablebús,142330
2026-02-06,Trolebús,451446.384364
2026-02-07,Metro,3084076
2026-02-07,Metrobús,1141877
2026-02-07,RTP,255243
2026-02-07,Tren Ligero,66716.141429
2026-02-07,Cablebús,115153
2026-02-07,Trolebús,316565.733222
2026-02-08,Metro,1888000
2026-02-08,Metrobús,749039
2026-02-08,RTP,155621
2026-02-08,Tren Ligero,36949.593271
2026-02-08,Cablebús,81363
2026-02-08,Trolebús,212145.36907500002
2026-02-09,Metro,3961587
2026-02-09,Metrobús,1583027
2026-02-09,RTP,372300
2026-02-09,Tren Ligero,109125.21717
2026-02-09,Cablebús,136138
2026-02-09,Trolebús,442632.58517000003
2026-02-10,Metro,4023693
2026-02-10,Metrobús,1628766
2026-02-10,RTP,382511
2026-02-10,Tren Ligero,111542.57706
2026-02-10,Cablebús,138235
2026-02-10,Trolebús,458426.2504434
2026-02-11,Metro,4096389
2026-02-11,Metrobús,1718429
2026-02-11,RTP,384588
2026-02-11,Tren Ligero,105438.77211
2026-02-11,Cablebús,139331
2026-02-11,Trolebús,451683.6095419
2026-02-12,Metro,4097485
2026-02-12,Metrobús,1686247
2026-02-12,RTP,385263
2026-02-12,Tren Ligero,103552.97826999999
2026-02-12,Cablebús,138843
2026-02-12,Trolebús,454699.0417115
2026-02-13,Metro,4356049
2026-02-13,Metrobús,1850979
2026-02-13,RTP,452318
2026-02-13,Tren Ligero,107368.28783
2026-02-13,Cablebús,146236
2026-02-13,Trolebús,481647.97500529996
2026-02-14,Metro,3283891
2026-02-14,Metrobús,1220886
2026-02-14,RTP,252818
2026-02-14,Tren Ligero,53364.859112
2026-02-14,Cablebús,124194
2026-02-14,Trolebús,345824.655247
2026-02-15,Metro,1952253
2026-02-15,Metrobús,823101
2026-02-15,RTP,144607
2026-02-15,Tren Ligero,27170.849009999998
2026-02-15,Cablebús,85777
2026-02-15,Trolebús,226440.37972300005
2026-02-16,Metro,4041586
2026-02-16,Metrobús,1628580
2026-02-16,RTP,458454
2026-02-16,Tren Ligero,93950.27211
2026-02-16,Cablebús,141709
2026-02-16,Trolebús,448474.1364496
2026-02-17,Metro,4081258
2026-02-17,Metrobús,1710995
2026-02-17,RTP,425276
2026-02-17,Tren Ligero,100237.01863
2026-02-17,Cablebús,142920
2026-02-17,Trolebús,458450.9275406
2026-02-18,Metro,4012021
2026-02-18,Metrobús,1629878
2026-02-18,RTP,507164
2026-02-18,Tren Ligero,99967.78388
2026-02-18,Cablebús,139853
2026-02-18,Trolebús,438310.36255970004
2026-02-19,Metro,4017171
2026-02-19,Metrobús,1676722
2026-02-19,RTP,595769
2026-02-19,Tren Ligero,100699.55012
2026-02-19,Cablebús,139123
2026-02-19,Trolebús,444066.41642729996
2026-02-20,Metro,4106117
2026-02-20,Metrobús,1669473
2026-02-20,RTP,380715
2026-02-20,Tren Ligero,105300.703
2026-02-20,Cablebús,142244
2026-02-20,Trolebús,442340.0253469
2026-02-21,Metro,3075395
2026-02-21,Metrobús,1120262
2026-02-21,RTP,220407
2026-02-21,Tren Ligero,58787.523155
2026-02-21,Cablebús,116008
2026-02-21,Trolebús,310043.12863600004
2026-02-22,Metro,1839576
2026-02-22,Metrobús,727800
2026-02-22,RTP,139615
2026-02-22,Tren Ligero,29080.804943
2026-02-22,Cablebús,77010
2026-02-22,Trolebús,204687.93659599999
2026-02-23,Metro,3478862
2026-02-23,Metrobús,1435591
2026-02-23,RTP,349076
2026-02-23,Tren Ligero,94625.66013999999
2026-02-23,Cablebús,121618
2026-02-23,Trolebús,409250.9445538
2026-02-24,Metro,3894320
2026-02-24,Metrobús,1624698
2026-02-24,RTP,390164
2026-02-24,Tren Ligero,107695.05137
2026-02-24,Cablebús,136888
2026-02-24,Trolebús,446076.81843129994
2026-02-25,Metro,4041858
2026-02-25,Metrobús,1679771
2026-02-25,RTP,382561
2026-02-25,Tren Ligero,108723.66619
2026-02-25,Cablebús,137773
2026-02-25,Trolebús,457928.59886870004
2026-02-26,Metro,4020042
2026-02-26,Metrobús,1638502
2026-02-26,RTP,397688
2026-02-26,Tren Ligero,106718.21247
2026-02-26,Cablebús,137505
2026-02-26,Trolebús,461001.48547510005
2026-02-27,Metro,4183084
2026-02-27,Metrobús,1660814
2026-02-27,RTP,378084
2026-02-27,Tren Ligero,113581.39749
2026-02-27,Cablebús,137648
2026-02-27,Trolebús,467972.15999190003
2026-02-28,Metro,3026944
2026-02-28,Metrobús,1199978
2026-02-28,RTP,221460
2026-02-28,Tren Ligero,62368.115242
2026-02-28,Cablebús,116520
2026-02-28,Trolebús,327296.570789
2026-03-01,Metro,2047845
2026-03-01,Metrobús,798074
2026-03-01,RTP,153089
2026-03-01,Tren Ligero,34157.145651
2026-03-01,Cablebús,100050
2026-03-01,Trolebús,239432
2026-03-02,Metro,3955894
2026-03-02,Metrobús,1642370
2026-03-02,RTP,377140
2026-03-02,Tren Ligero,110849.93039
2026-03-02,Cablebús,157950
2026-03-02,Trolebús,436184
2026-03-03,Metro,4003461
2026-03-03,Metrobús,1658218
2026-03-03,RTP,390563
2026-03-03,Tren Ligero,117282.80004
2026-03-03,Cablebús,157142
2026-03-03,Trolebús,446422
2026-03-04,Metro,4080118
2026-03-04,Metrobús,1657337
2026-03-04,RTP,383991
2026-03-04,Tren Ligero,108973.34116
2026-03-04,Cablebús,158305
2026-03-04,Trolebús,441164
2026-03-05,Metro,4039668
2026-03-05,Metrobús,1683354
2026-03-05,RTP,383232
2026-03-05,Tren Ligero,109594.65212
2026-03-05,Cablebús,157059
2026-03-05,Trolebús,417392
2026-03-06,Metro,4038386
2026-03-06,Metrobús,1673211
2026-03-06,RTP,354020
2026-03-06,Tren Ligero,113087.80044
2026-03-06,Cablebús,158619
2026-03-06,Trolebús,430710
2026-03-07,Metro,3013817
2026-03-07,Metrobús,1172606
2026-03-07,RTP,208221
2026-03-07,Tren Ligero,44831.037934
2026-03-07,Cablebús,132739
2026-03-07,Trolebús,311892
2026-03-08,Metro,1728312
2026-03-08,Metrobús,705947
2026-03-08,RTP,144585
2026-03-08,Tren Ligero,23212.86804
2026-03-08,Cablebús,90038
2026-03-08,Trolebús,200886
2026-03-09,Metro,3812706
2026-03-09,Metrobús,1595550
2026-03-09,RTP,361628
2026-03-09,Tren Ligero,101122.96204
2026-03-09,Cablebús,151543
2026-03-09,Trolebús,404199
2026-03-10,Metro,4032257
2026-03-10,Metrobús,1667789
2026-03-10,RTP,389909
2026-03-10,Tren Ligero,112440.02623
2026-03-10,Cablebús,157391
2026-03-10,Trolebús,446979
2026-03-11,Metro,4166885
2026-03-11,Metrobús,1696486
2026-03-11,RTP,393384
2026-03-11,Tren Ligero,113712.56314
2026-03-11,Cablebús,164098
2026-03-11,Trolebús,451044
2026-03-12,Metro,4084404
2026-03-12,Metrobús,1708618
2026-03-12,RTP,383027
2026-03-12,Tren Ligero,112879.54621
2026-03-12,Cablebús,159499
2026-03-12,Trolebús,435828
2026-03-13,Metro,4162870
2026-03-13,Metrobús,1735624
2026-03-13,RTP,354138
2026-03-13,Tren Ligero,111340.07571
2026-03-13,Cablebús,159615
2026-03-13,Trolebús,434123
2026-03-14,Metro,3076443
2026-03-14,Metrobús,1154227
2026-03-14,RTP,208206
2026-03-14,Tren Ligero,40710.825768
2026-03-14,Cablebús,130525
2026-03-14,Trolebús,324261
2026-03-15,Metro,2013837
2026-03-15,Metrobús,885246
2026-03-15,RTP,145063
2026-03-15,Tren Ligero,24264.494379
2026-03-15,Cablebús,103235
2026-03-15,Trolebús,221484
2026-03-16,Metro,2002770
2026-03-16,Metrobús,777064
2026-03-16,RTP,167203
2026-03-16,Tren Ligero,27052.339696
2026-03-16,Cablebús,94278
2026-03-16,Trolebús,229597
2026-03-17,Metro,3996740
2026-03-17,Metrobús,1618964
2026-03-17,RTP,304317
2026-03-17,Tren Ligero,108784.64672
2026-03-17,Cablebús,152393
2026-03-17,Trolebús,443677
2026-03-18,Metro,4126808
2026-03-18,Metrobús,1685373
2026-03-18,RTP,375371
2026-03-18,Tren Ligero,113418.01572
2026-03-18,Cablebús,158784
2026-03-18,Trolebús,441359
2026-03-19,Metro,4155443
2026-03-19,Metrobús,1621508
2026-03-19,RTP,375903
2026-03-19,Tren Ligero,72299.886093
2026-03-19,Cablebús,156704
2026-03-19,Trolebús,384172
2026-03-20,Metro,4104511
2026-03-20,Metrobús,1655465
2026-03-20,RTP,362535
2026-03-20,Tren Ligero,107736.4721
2026-03-20,Cablebús,157369
2026-03-20,Trolebús,355576
2026-03-21,Metro,3087528
2026-03-21,Metrobús,1206205
2026-03-21,RTP,204065
2026-03-21,Tren Ligero,31691.461577000002
2026-03-21,Cablebús,129999
2026-03-21,Trolebús,273548
2026-03-22,Metro,1871172
2026-03-22,Metrobús,821010
2026-03-22,RTP,142445
2026-03-22,Tren Ligero,22414.368391
2026-03-22,Cablebús,94753
2026-03-22,Trolebús,204574
2026-03-23,Metro,3884782
2026-03-23,Metrobús,1610450
2026-03-23,RTP,367219
2026-03-23,Tren Ligero,102388.59549
2026-03-23,Cablebús,151970
2026-03-23,Trolebús,399288
2026-03-24,Metro,4012806
2026-03-24,Metrobús,1683896
2026-03-24,RTP,373522
2026-03-24,Tren Ligero,107189.94857000001
2026-03-24,Cablebús,157591
2026-03-24,Trolebús,416090
2026-03-25,Metro,4090856
2026-03-25,Metrobús,1740226
2026-03-25,RTP,373515
2026-03-25,Tren Ligero,115354.43489
2026-03-25,Cablebús,161606
2026-03-25,Trolebús,445389
2026-03-26,Metro,4043988
2026-03-26,Metrobús,1733178
2026-03-26,RTP,369069
2026-03-26,Tren Ligero,116803.00991
2026-03-26,Cablebús,159120
2026-03-26,Trolebús,432683
2026-03-27,Metro,4139206
2026-03-27,Metrobús,1719519
2026-03-27,RTP,271322
2026-03-27,Tren Ligero,112299.65598
2026-03-27,Cablebús,158488
2026-03-27,Trolebús,425385
2026-03-28,Metro,3079552
2026-03-28,Metrobús,1170867
2026-03-28,RTP,153913
2026-03-28,Tren Ligero,89121.30521
2026-03-28,Cablebús,131473
2026-03-28,Trolebús,304091
2026-03-29,Metro,1960973
2026-03-29,Metrobús,799391
2026-03-29,RTP,100648
2026-03-29,Tren Ligero,26129.577854
2026-03-29,Cablebús,98897
2026-03-29,Trolebús,213638
2026-03-30,Metro,3306337
2026-03-30,Metrobús,1337764
2026-03-30,RTP,220472
2026-03-30,Tren Ligero,78729.30402
2026-03-30,Cablebús,124902
2026-03-30,Trolebús,327360
2026-03-31,Metro,3306511
2026-03-31,Metrobús,1387118
2026-03-31,RTP,225677
2026-03-31,Tren Ligero,75262.618941
2026-03-31,Cablebús,128141
2026-03-31,Trolebús,338131
2026-04-01,Metro,3471326
2026-04-01,Metrobús,1536243
2026-04-01,RTP,297538
2026-04-01,Tren Ligero,77219.74848
2026-04-01,Cablebús,138244
2026-04-01,Trolebús,436489.36667
2026-04-02,Metro,2436308
2026-04-02,Metrobús,948085
2026-04-02,RTP,184506
2026-04-02,Tren Ligero,32434.733584
2026-04-02,Cablebús,115684
2026-04-02,Trolebús,382631.36667
2026-04-03,Metro,1713984
2026-04-03,Metrobús,720793
2026-04-03,RTP,141180
2026-04-03,Tren Ligero,22728.475602
2026-04-03,Cablebús,96653
2026-04-03,Trolebús,324115.36667
2026-04-04,Metro,2029948
2026-04-04,Metrobús,786899
2026-04-04,RTP,140492
2026-04-04,Tren Ligero,25218.32177
2026-04-04,Cablebús,100969
2026-04-04,Trolebús,333508.36667
2026-04-05,Metro,1732441
2026-04-05,Metrobús,740222
2026-04-05,RTP,120317
2026-04-05,Tren Ligero,20757.539148
2026-04-05,Cablebús,94790
2026-04-05,Trolebús,306079.36667
2026-04-06,Metro,3537508
2026-04-06,Metrobús,1431150
2026-04-06,RTP,298645
2026-04-06,Tren Ligero,85043.66435
2026-04-06,Cablebús,135150
2026-04-06,Trolebús,460181.73337000003
2026-04-07,Metro,3695379
2026-04-07,Metrobús,1516158
2026-04-07,RTP,310347
2026-04-07,Tren Ligero,87533.51052
2026-04-07,Cablebús,139621
2026-04-07,Trolebús,454113.36667
2026-04-08,Metro,3803598
2026-04-08,Metrobús,1526401
2026-04-08,RTP,321209
2026-04-08,Tren Ligero,90274.18223
2026-04-08,Cablebús,145801
2026-04-08,Trolebús,444706.36667
2026-04-09,Metro,3677533
2026-04-09,Metrobús,1551175
2026-04-09,RTP,305889
2026-04-09,Tren Ligero,89945.11753
2026-04-09,Cablebús,143011
2026-04-09,Trolebús,474445.73337000003
2026-04-10,Metro,3756846
2026-04-10,Metrobús,1591803
2026-04-10,RTP,313568
2026-04-10,Tren Ligero,90821.85634
2026-04-10,Cablebús,142486
2026-04-10,Trolebús,481854.36667
2026-04-11,Metro,2938205
2026-04-11,Metrobús,1172256
2026-04-11,RTP,201503
2026-04-11,Tren Ligero,75700.988345
2026-04-11,Cablebús,125611
2026-04-11,Trolebús,405784.36667
2026-04-12,Metro,1890772
2026-04-12,Metrobús,803829
2026-04-12,RTP,144254
2026-04-12,Tren Ligero,36714.875795
2026-04-12,Cablebús,93999
2026-04-12,Trolebús,325917.73334000004
2026-04-13,Metro,3724938
2026-04-13,Metrobús,1651331
2026-04-13,RTP,366877
2026-04-13,Tren Ligero,108081.64486
2026-04-13,Cablebús,153868
2026-04-13,Trolebús,513771.36667
2026-04-14,Metro,3868260
2026-04-14,Metrobús,1679809
2026-04-14,RTP,392937
2026-04-14,Tren Ligero,116731.6742
2026-04-14,Cablebús,157805
2026-04-14,Trolebús,505202.73337000003
2026-04-15,Metro,3962539
2026-04-15,Metrobús,1740976
2026-04-15,RTP,386038
2026-04-15,Tren Ligero,110238.97461
2026-04-15,Cablebús,159443
2026-04-15,Trolebús,494472.73337000003
2026-04-16,Metro,3962098
2026-04-16,Metrobús,1743906
2026-04-16,RTP,394577
2026-04-16,Tren Ligero,111290.60095
2026-04-16,Cablebús,160721
2026-04-16,Trolebús,490877.73337000003
2026-04-17,Metro,4053650
2026-04-17,Metrobús,1735659
2026-04-17,RTP,373913
2026-04-17,Tren Ligero,116150.63339
2026-04-17,Cablebús,156419
2026-04-17,Trolebús,536761.36667
2026-04-18,Metro,3107737
2026-04-18,Metrobús,1210935
2026-04-18,RTP,223191
2026-04-18,Tren Ligero,67444.45595
2026-04-18,Cablebús,131434
2026-04-18,Trolebús,410866.36667
2026-04-19,Metro,1999581
2026-04-19,Metrobús,862775
2026-04-19,RTP,149337
2026-04-19,Tren Ligero,54499.326913
2026-04-19,Cablebús,99020
2026-04-19,Trolebús,323927.36667
2026-04-20,Metro,3936498
2026-04-20,Metrobús,1654875
2026-04-20,RTP,380294
2026-04-20,Tren Ligero,111735.8738
2026-04-20,Cablebús,157235
2026-04-20,Trolebús,511319.73337000003
2026-04-21,Metro,3959707
2026-04-21,Metrobús,1694862
2026-04-21,RTP,385807
2026-04-21,Tren Ligero,112717.31502
2026-04-21,Cablebús,154828
2026-04-21,Trolebús,505279.36667
2026-04-22,Metro,4040556
2026-04-22,Metrobús,1615681
2026-04-22,RTP,377980
2026-04-22,Tren Ligero,110240.12518
2026-04-22,Cablebús,157265
2026-04-22,Trolebús,488519.36667
2026-04-23,Metro,3991793
2026-04-23,Metrobús,1711102
2026-04-23,RTP,384927
2026-04-23,Tren Ligero,112606.85973
2026-04-23,Cablebús,157965
2026-04-23,Trolebús,515856.36667
2026-04-24,Metro,4036826
2026-04-24,Metrobús,1680243
2026-04-24,RTP,363321
2026-04-24,Tren Ligero,106802.20449999999
2026-04-24,Cablebús,158603
2026-04-24,Trolebús,514616.36667
2026-04-25,Metro,3094316
2026-04-25,Metrobús,1230150
2026-04-25,RTP,218416
2026-04-25,Tren Ligero,69867.568718
2026-04-25,Cablebús,134027
2026-04-25,Trolebús,425412.36667
2026-04-26,Metro,2035739
2026-04-26,Metrobús,860315
2026-04-26,RTP,166333
2026-04-26,Tren Ligero,46852.599726
2026-04-26,Cablebús,103310
2026-04-26,Trolebús,339915.73334000004
2026-04-27,Metro,3854642
2026-04-27,Metrobús,1602179
2026-04-27,RTP,351504
2026-04-27,Tren Ligero,106952.92994
2026-04-27,Cablebús,153390
2026-04-27,Trolebús,496378.36667
2026-04-28,Metro,3937374
2026-04-28,Metrobús,1657472
2026-04-28,RTP,311875
2026-04-28,Tren Ligero,108552.23039
2026-04-28,Cablebús,157781
2026-04-28,Trolebús,496969.36667
2026-04-29,Metro,4002142
2026-04-29,Metrobús,1692096
2026-04-29,RTP,284832
2026-04-29,Tren Ligero,108568.33845
2026-04-29,Cablebús,157677
2026-04-29,Trolebús,488221.73337000003
2026-04-30,Metro,4128234
2026-04-30,Metrobús,1800095
2026-04-30,RTP,270682
2026-04-30,Tren Ligero,105156.88102
2026-04-30,Cablebús,160365
2026-04-30,Trolebús,516680.73337000003
2026-05-01,Metro,2368167
2026-05-01,Metrobús,806255
2026-05-01,RTP,170788
2026-05-01,Tren Ligero,42324.439739
2026-05-01,Cablebús,94454
2026-05-01,Trolebús,254788.474192
2026-05-02,Metro,2729666
2026-05-02,Metrobús,1083590
2026-05-02,RTP,181624
2026-05-02,Tren Ligero,46139.394118
2026-05-02,Cablebús,107705
2026-05-02,Trolebús,287506.06644699996
2026-05-03,Metro,1851283
2026-05-03,Metrobús,762565
2026-05-03,RTP,135347
2026-05-03,Tren Ligero,50437.405233
2026-05-03,Cablebús,80825
2026-05-03,Trolebús,207824.7789471
2026-05-04,Metro,3477476
2026-05-04,Metrobús,1433748
2026-05-04,RTP,320202
2026-05-04,Tren Ligero,79836.8964
2026-05-04,Cablebús,118402
2026-05-04,Trolebús,401798.35293826
2026-05-05,Metro,3366850
2026-05-05,Metrobús,1425086
2026-05-05,RTP,313528
2026-05-05,Tren Ligero,72658.97798
2026-05-05,Cablebús,116097
2026-05-05,Trolebús,390372.80714388
2026-05-06,Metro,3980177
2026-05-06,Metrobús,1671924
2026-05-06,RTP,372692
2026-05-06,Tren Ligero,98272.37796
2026-05-06,Cablebús,136739
2026-05-06,Trolebús,467925.7802348
2026-05-07,Metro,4010615
2026-05-07,Metrobús,1728946
2026-05-07,RTP,365190
2026-05-07,Tren Ligero,98888.34071
2026-05-07,Cablebús,135522
2026-05-07,Trolebús,460314.5993974
2026-05-08,Metro,3987340
2026-05-08,Metrobús,1664101
2026-05-08,RTP,338838
2026-05-08,Tren Ligero,98008.29534
2026-05-08,Cablebús,135269
2026-05-08,Trolebús,463456.14987619995
2026-05-09,Metro,3088267
2026-05-09,Metrobús,1178736
2026-05-09,RTP,204312
2026-05-09,Tren Ligero,42298.469884
2026-05-09,Cablebús,114320
2026-05-09,Trolebús,341769.028732
2026-05-10,Metro,1808389
2026-05-10,Metrobús,762547
2026-05-10,RTP,128670
2026-05-10,Tren Ligero,14970.74486
2026-05-10,Cablebús,81188
2026-05-10,Trolebús,220723.22248899998
2026-05-11,Metro,3742137
2026-05-11,Metrobús,1597344
2026-05-11,RTP,341242
2026-05-11,Tren Ligero,97345.71477
2026-05-11,Cablebús,131965
2026-05-11,Trolebús,439861.0598478
2026-05-12,Metro,3795879
2026-05-12,Metrobús,1651518
2026-05-12,RTP,279181
2026-05-12,Tren Ligero,114088.55432
2026-05-12,Cablebús,125718
2026-05-12,Trolebús,461587.11886210006
2026-05-13,Metro,3937289
2026-05-13,Metrobús,1638381
2026-05-13,RTP,257154
2026-05-13,Tren Ligero,146250.752
2026-05-13,Cablebús,138394
2026-05-13,Trolebús,474492.8592821
2026-05-14,Metro,3868836
2026-05-14,Metrobús,1622110
2026-05-14,RTP,240302
2026-05-14,Tren Ligero,117726.92232
2026-05-14,Cablebús,128613
2026-05-14,Trolebús,448495.1898572
2026-05-15,Metro,3770642
2026-05-15,Metrobús,1548946
2026-05-15,RTP,226091
2026-05-15,Tren Ligero,103200.90205
2026-05-15,Cablebús,124814
2026-05-15,Trolebús,418909.42332117003
2026-05-16,Metro,2994469
2026-05-16,Metrobús,1183780
2026-05-16,RTP,200985
2026-05-16,Tren Ligero,71372.521947
2026-05-16,Cablebús,115155
2026-05-16,Trolebús,334767.834256
2026-05-17,Metro,1962224
2026-05-17,Metrobús,826346
2026-05-17,RTP,146317
2026-05-17,Tren Ligero,38330.284307
2026-05-17,Cablebús,83880
2026-05-17,Trolebús,224986.558284
2026-05-18,Metro,3840836
2026-05-18,Metrobús,1561540
2026-05-18,RTP,358887
2026-05-18,Tren Ligero,122616.86974
2026-05-18,Cablebús,134963
2026-05-18,Trolebús,453271.0032107
2026-05-19,Metro,3856947
2026-05-19,Metrobús,1639507
2026-05-19,RTP,357738
2026-05-19,Tren Ligero,111642.67715999999
2026-05-19,Cablebús,135511
2026-05-19,Trolebús,461557.5869396
2026-05-20,Metro,3992255
2026-05-20,Metrobús,1650425
2026-05-20,RTP,364719
2026-05-20,Tren Ligero,129913.82187
2026-05-20,Cablebús,137957
2026-05-20,Trolebús,474728.07591099996
2026-05-21,Metro,3952210
2026-05-21,Metrobús,1670583
2026-05-21,RTP,351580
2026-05-21,Tren Ligero,130568.49953
2026-05-21,Cablebús,137503
2026-05-21,Trolebús,473675.8489374
2026-05-22,Metro,4001465
2026-05-22,Metrobús,1686060
2026-05-22,RTP,354930
2026-05-22,Tren Ligero,131283.00715
2026-05-22,Cablebús,139843
2026-05-22,Trolebús,477049.2055278001
2026-05-23,Metro,2995821
2026-05-23,Metrobús,1156737
2026-05-23,RTP,202458
2026-05-23,Tren Ligero,74398.536468
2026-05-23,Cablebús,116068
2026-05-23,Trolebús,332860.89661699993
2026-05-24,Metro,1816118
2026-05-24,Metrobús,812504
2026-05-24,RTP,132432
2026-05-24,Tren Ligero,36278.807543
2026-05-24,Cablebús,83841
2026-05-24,Trolebús,220090.594517
2026-05-25,Metro,3824198
2026-05-25,Metrobús,1561502
2026-05-25,RTP,334337
2026-05-25,Tren Ligero,124729.32703
2026-05-25,Cablebús,135067
2026-05-25,Trolebús,470605.2570434
2026-05-26,Metro,3898890
2026-05-26,Metrobús,1662142
2026-05-26,RTP,346811
2026-05-26,Tren Ligero,125684.30499
2026-05-26,Cablebús,138240
2026-05-26,Trolebús,467434.35747550003
2026-05-27,Metro,3935096
2026-05-27,Metrobús,1661046
2026-05-27,RTP,316363
2026-05-27,Tren Ligero,129852.84135
2026-05-27,Cablebús,135213
2026-05-27,Trolebús,468803.21296609996
2026-05-28,Metro,3969250
2026-05-28,Metrobús,1713082
2026-05-28,RTP,235799
2026-05-28,Tren Ligero,131482.05677
2026-05-28,Cablebús,138140
2026-05-28,Trolebús,478281.5448014
2026-05-29,Metro,4021330
2026-05-29,Metrobús,1703934
2026-05-29,RTP,200179
2026-05-29,Tren Ligero,133222.87805
2026-05-29,Cablebús,142016
2026-05-29,Trolebús,464281.20001699997
2026-05-30,Metro,3027075
2026-05-30,Metrobús,1189097
2026-05-30,RTP,87466
2026-05-30,Tren Ligero,66955.461208
2026-05-30,Cablebús,116382
2026-05-30,Trolebús,335115.426564
2026-05-31,Metro,2065061
2026-05-31,Metrobús,868831
2026-05-31,RTP,74726
2026-05-31,Tren Ligero,39799.569685
2026-05-31,Cablebús,91928
2026-05-31,Trolebús,229157.867117
2026-06-01,Metro,3389717
2026-06-01,Metrobús,1567938
2026-06-01,RTP,335303
2026-06-01,Tren Ligero,97934.71633
2026-06-01,Cablebús,152988
2026-06-01,Trolebús,446956.89393170003
2026-06-02,Metro,3592326
2026-06-02,Metrobús,1552742
2026-06-02,RTP,348557
2026-06-02,Tren Ligero,104078.79144
2026-06-02,Cablebús,154109
2026-06-02,Trolebús,468554.64712760004
2026-06-03,Metro,3870648
2026-06-03,Metrobús,1557165
2026-06-03,RTP,339221
2026-06-03,Tren Ligero,109759.18447000001
2026-06-03,Cablebús,156308
2026-06-03,Trolebús,463060.7438371
2026-06-04,Metro,3868325
2026-06-04,Metrobús,1528387
2026-06-04,RTP,314255
2026-06-04,Tren Ligero,108360.08422
2026-06-04,Cablebús,150002
2026-06-04,Trolebús,461115.86714680004
2026-06-05,Metro,3936243
2026-06-05,Metrobús,1503673
2026-06-05,RTP,323406
2026-06-05,Tren Ligero,116121.869
2026-06-05,Cablebús,152447
2026-06-05,Trolebús,456003.03322129993
2026-06-06,Metro,3034141
2026-06-06,Metrobús,1050100
2026-06-06,RTP,204603
2026-06-06,Tren Ligero,67729.798764
2026-06-06,Cablebús,125907
2026-06-06,Trolebús,315299.168567788
2026-06-07,Metro,1916200
2026-06-07,Metrobús,777315
2026-06-07,RTP,144576
2026-06-07,Tren Ligero,40555.498027
2026-06-07,Cablebús,87211
2026-06-07,Trolebús,223638.57829399998
2026-06-08,Metro,3803836
2026-06-08,Metrobús,1453415
2026-06-08,RTP,336008
2026-06-08,Tren Ligero,121797.65973
2026-06-08,Cablebús,148232
2026-06-08,Trolebús,446218.8663031
2026-06-09,Metro,3814474
2026-06-09,Metrobús,1554007
2026-06-09,RTP,341974
2026-06-09,Tren Ligero,73597.735667
2026-06-09,Cablebús,150232
2026-06-09,Trolebús,450923.22591177997
2026-06-10,Metro,3969321
2026-06-10,Metrobús,1516523
2026-06-10,RTP,337833
2026-06-10,Tren Ligero,93646.52008
2026-06-10,Cablebús,155412
2026-06-10,Trolebús,497188.5641186
2026-06-11,Metro,2465013
2026-06-11,Metrobús,942884
2026-06-11,RTP,218713
2026-06-11,Tren Ligero,29813.721768
2026-06-11,Cablebús,99369
2026-06-11,Trolebús,292542.3518256401
2026-06-12,Metro,3752368
2026-06-12,Metrobús,1473228
2026-06-12,RTP,335693
2026-06-12,Tren Ligero,92861.82734
2026-06-12,Cablebús,147048
2026-06-12,Trolebús,465640.9927041999
2026-06-13,Metro,3018264
2026-06-13,Metrobús,1004863
2026-06-13,RTP,221654
2026-06-13,Tren Ligero,69377.4234
2026-06-13,Cablebús,126027
2026-06-13,Trolebús,338145.606848
2026-06-14,Metro,1940439
2026-06-14,Metrobús,780033
2026-06-14,RTP,160127
2026-06-14,Tren Ligero,43411.227319
2026-06-14,Cablebús,95971
2026-06-14,Trolebús,231078.435206
2026-06-15,Metro,3787209
2026-06-15,Metrobús,1479473
2026-06-15,RTP,352951
2026-06-15,Tren Ligero,117193.05512
2026-06-15,Cablebús,149117
2026-06-15,Trolebús,469826.29527099995
2026-06-16,Metro,3921197
2026-06-16,Metrobús,1548090
2026-06-16,RTP,362103
2026-06-16,Tren Ligero,105601.0033
2026-06-16,Cablebús,148814
2026-06-16,Trolebús,485080.23954230006
2026-06-17,Metro,3809454
2026-06-17,Metrobús,1512761
2026-06-17,RTP,309951
2026-06-17,Tren Ligero,108410.70956
2026-06-17,Cablebús,142563
2026-06-17,Trolebús,423442.1942456
2026-06-18,Metro,4019173
2026-06-18,Metrobús,1550147
2026-06-18,RTP,355082
2026-06-18,Tren Ligero,113735.57466
2026-06-18,Cablebús,150069
2026-06-18,Trolebús,484805.21468940005
2026-06-19,Metro,3867371
2026-06-19,Metrobús,1445892
2026-06-19,RTP,349975
2026-06-19,Tren Ligero,117280.49889
2026-06-19,Cablebús,143967
2026-06-19,Trolebús,478581.59253960004
2026-06-20,Metro,3101222
2026-06-20,Metrobús,1117781
2026-06-20,RTP,226991
2026-06-20,Tren Ligero,78032.05504
2026-06-20,Cablebús,131117
2026-06-20,Trolebús,349779.101564
2026-06-21,Metro,1859537
2026-06-21,Metrobús,780270
2026-06-21,RTP,162996
2026-06-21,Tren Ligero,43969.256613
2026-06-21,Cablebús,101468
2026-06-21,Trolebús,232890.24442599996
2026-06-22,Metro,3632020
2026-06-22,Metrobús,1507530
2026-06-22,RTP,348830
2026-06-22,Tren Ligero,116960.6388
2026-06-22,Cablebús,146645
2026-06-22,Trolebús,460534.32875319995
2026-06-23,Metro,3764370
2026-06-23,Metrobús,1541362
2026-06-23,RTP,357700
2026-06-23,Tren Ligero,122345.33384
2026-06-23,Cablebús,146872
2026-06-23,Trolebús,476456.8885646
2026-06-24,Metro,3528094
2026-06-24,Metrobús,1388959
2026-06-24,RTP,261490
2026-06-24,Tren Ligero,102099.80095
2026-06-24,Cablebús,131013
2026-06-24,Trolebús,398626.96340107004
2026-06-25,Metro,3719748
2026-06-25,Metrobús,1516406
2026-06-25,RTP,347069
2026-06-25,Tren Ligero,118754.38657
2026-06-25,Cablebús,145731
2026-06-25,Trolebús,468156.8761554
2026-06-26,Metro,3870512
2026-06-26,Metrobús,1527566
2026-06-26,RTP,335496
2026-06-26,Tren Ligero,118729.0739
2026-06-26,Cablebús,148387
2026-06-26,Trolebús,459384.4402767999
2026-06-27,Metro,3239485
2026-06-27,Metrobús,1017095
2026-06-27,RTP,211445
2026-06-27,Tren Ligero,79428.85414
2026-06-27,Cablebús,123197
2026-06-27,Trolebús,337627.281566
2026-06-28,Metro,1944636
2026-06-28,Metrobús,774842
2026-06-28,RTP,150433
2026-06-28,Tren Ligero,43137.390264
2026-06-28,Cablebús,92147
2026-06-28,Trolebús,228769.21177239998
2026-06-29,Metro,3620954
2026-06-29,Metrobús,1463400
2026-06-29,RTP,322279
2026-06-29,Tren Ligero,117388.65302
2026-06-29,Cablebús,139450
2026-06-29,Trolebús,451484.318846
2026-06-30,Metro,3548774
2026-06-30,Metrobús,1317917
2026-06-30,RTP,225955
2026-06-30,Tren Ligero,113404.20881
2026-06-30,Cablebús,120702
2026-06-30,Trolebús,387210.02147800004
2026-07-01,Metro,3754189
2026-07-01,Metrobús,1461507
2026-07-01,RTP,340367
2026-07-01,Tren Ligero,118275.74700999999
2026-07-01,Cablebús,136317
2026-07-01,Trolebús,455831.43558239995
2026-07-02,Metro,3766336
2026-07-02,Metrobús,1496213
2026-07-02,RTP,346796
2026-07-02,Tren Ligero,108134.57135
2026-07-02,Cablebús,141244
2026-07-02,Trolebús,447937.9461845
2026-07-03,Metro,3882484
2026-07-03,Metrobús,1484494
2026-07-03,RTP,322852
2026-07-03,Tren Ligero,116874.34561
2026-07-03,Cablebús,146518
2026-07-03,Trolebús,459684.7187486001
2026-07-04,Metro,3130657
2026-07-04,Metrobús,1107179
2026-07-04,RTP,209098
2026-07-04,Tren Ligero,81333.0572
2026-07-04,Cablebús,122302
2026-07-04,Trolebús,339476.96594719996
2026-07-05,Metro,2144083
2026-07-05,Metrobús,668915
2026-07-05,RTP,125431
2026-07-05,Tren Ligero,69405.037221
2026-07-05,Cablebús,91418
2026-07-05,Trolebús,228344.76639439998
2026-07-06,Metro,3544650
2026-07-06,Metrobús,1417728
2026-07-06,RTP,324526
2026-07-06,Tren Ligero,108376.19228
2026-07-06,Cablebús,133832
2026-07-06,Trolebús,442097.20972394
2026-07-07,Metro,3643200
2026-07-07,Metrobús,1488263
2026-07-07,RTP,339167
2026-07-07,Tren Ligero,90252.32128999999
2026-07-07,Cablebús,139767
2026-07-07,Trolebús,469801.1569481
2026-07-08,Metro,3731366
2026-07-08,Metrobús,1511304
2026-07-08,RTP,338066
2026-07-08,Tren Ligero,109592.35097
2026-07-08,Cablebús,141429
2026-07-08,Trolebús,458517.84648583
2026-07-09,Metro,3706920
2026-07-09,Metrobús,1488690
2026-07-09,RTP,340178
2026-07-09,Tren Ligero,113336.32483
2026-07-09,Cablebús,140068
2026-07-09,Trolebús,464150.32831640006
2026-07-10,Metro,3755091
2026-07-10,Metrobús,1461012
2026-07-10,RTP,327333
2026-07-10,Tren Ligero,112502.15733
2026-07-10,Cablebús,141913
2026-07-10,Trolebús,453509.02230367
2026-07-11,Metro,3030338
2026-07-11,Metrobús,1091029
2026-07-11,RTP,210467
2026-07-11,Tren Ligero,72069.77092
2026-07-11,Cablebús,123163
2026-07-11,Trolebús,350546.3947277
2026-07-12,Metro,2023252
2026-07-12,Metrobús,765388
2026-07-12,RTP,152777
2026-07-12,Tren Ligero,43456.099778
2026-07-12,Cablebús,94692
2026-07-12,Trolebús,239039.3477013
2026-07-13,Metro,3617561
2026-07-13,Metrobús,1436454
2026-07-13,RTP,328653
2026-07-13,Tren Ligero,106561.73415
2026-07-13,Cablebús,121609
2026-07-13,Trolebús,442790.36962218996
2026-07-14,Metro,3603952
2026-07-14,Metrobús,1472097
2026-07-14,RTP,334154
2026-07-14,Tren Ligero,105664.28497000001
2026-07-14,Cablebús,124386
2026-07-14,Trolebús,458112.94492480997
2026-07-15,Metro,3544307
2026-07-15,Metrobús,1479182
2026-07-15,RTP,325397
2026-07-15,Tren Ligero,94767.93385
2026-07-15,Cablebús,126059
2026-07-15,Trolebús,449430.62475122995
2026-07-16,Metro,3683283
2026-07-16,Metrobús,1512905
2026-07-16,RTP,333176
2026-07-16,Tren Ligero,107296.95212
2026-07-16,Cablebús,125323
2026-07-16,Trolebús,472655.88117117004
2026-07-17,Metro,3751613
2026-07-17,Metrobús,1511138
2026-07-17,RTP,318250
2026-07-17,Tren Ligero,101683.29248999999
2026-07-17,Cablebús,126438
2026-07-17,Trolebús,450003.69815867
2026-07-18,Metro,3018572
2026-07-18,Metrobús,1095012
2026-07-18,RTP,197542
2026-07-18,Tren Ligero,76945.91143000001
2026-07-18,Cablebús,91376
2026-07-18,Trolebús,352142.063533
2026-07-19,Metro,1837918
2026-07-19,Metrobús,731499
2026-07-19,RTP,144685
2026-07-19,Tren Ligero,39905.422664
2026-07-19,Cablebús,78128
2026-07-19,Trolebús,231096.3129231
2026-07-20,Metro,3443703
2026-07-20,Metrobús,1377873
2026-07-20,RTP,296951
2026-07-20,Tren Ligero,100658.12939
2026-07-20,Cablebús,114295
2026-07-20,Trolebús,426958.03196
2026-07-21,Metro,3527299
2026-07-21,Metrobús,1456470
2026-07-21,RTP,322443
2026-07-21,Tren Ligero,122317.72002000001
2026-07-21,Cablebús,118157
2026-07-21,Trolebús,449557.51758300007
2026-07-22,Metro,3615031
2026-07-22,Metrobús,1429001
2026-07-22,RTP,320642
2026-07-22,Tren Ligero,106482.34441
2026-07-22,Cablebús,115346
2026-07-22,Trolebús,445253.450492
2026-07-23,Metro,3579196
2026-07-23,Metrobús,1453060
2026-07-23,RTP,320239
2026-07-23,Tren Ligero,100115.05759
2026-07-23,Cablebús,115904
2026-07-23,Trolebús,449566.447054
2026-07-24,Metro,3626052
2026-07-24,Metrobús,1411517
2026-07-24,RTP,315340
2026-07-24,Tren Ligero,127254.84105
2026-07-24,Cablebús,120217
2026-07-24,Trolebús,454890.12768
2026-07-25,Metro,2889731
2026-07-25,Metrobús,1052833
2026-07-25,RTP,197739
2026-07-25,Tren Ligero,74994.534765
2026-07-25,Cablebús,108843
2026-07-25,Trolebús,334905.0460699
2026-07-26,Metro,1936255
2026-07-26,Metrobús,721425
2026-07-26,RTP,137398
2026-07-26,Tren Ligero,44995.570283
2026-07-26,Cablebús,78767
2026-07-26,Trolebús,236225.42320500003
2026-07-27,Metro,3415141
2026-07-27,Metrobús,1358734
2026-07-27,RTP,309024
2026-07-27,Tren Ligero,103542.62308
2026-07-27,Cablebús,97030
2026-07-27,Trolebús,435146.03992699995
2026-07-28,Metro,3549448
2026-07-28,Metrobús,1428517
2026-07-28,RTP,321425
2026-07-28,Tren Ligero,108552.23039
2026-07-28,Cablebús,98781
2026-07-28,Trolebús,456193.84035199997
2026-07-29,Metro,3636119
2026-07-29,Metrobús,1468163
2026-07-29,RTP,322643
2026-07-29,Tren Ligero,110741.77626
2026-07-29,Cablebús,102579
2026-07-29,Trolebús,470739.603713
2026-07-30,Metro,3635051
2026-07-30,Metrobús,1461578
2026-07-30,RTP,322324
2026-07-30,Tren Ligero,109938.67431
2026-07-30,Cablebús,99904
2026-07-30,Trolebús,463968.796905
2026-07-31,Metro,3708890
2026-07-31,Metrobús,1472785
2026-07-31,RTP,298024
2026-07-31,Tren Ligero,108689.14892
2026-07-31,Cablebús,100766
2026-07-31,Trolebús,460889.73762800003
